code;nom;groupe;kcal;proteines;glucides;lipides;fibres;sel
24999;Dessert (aliment moyen);;255.0;4.39;32.9;11.3;;0.33
8406;Salade de museau de porc, avec sauce, préemballée;entrées et plats composés;172.0;8.51;0.89;14.8;;1.58
8407;Salade de cervelas, avec sauce, préemballée;entrées et plats composés;259.0;7.6;1.93;24.2;;1.75
25600;Salade de céleri rémoulade, préemballée;entrées et plats composés;114.0;0.94;3.14;10.2;;1.17
25601;Salade de thon et légumes, appertisée;entrées et plats composés;117.0;9.15;8.13;4.7;;1.11
25602;Salade composée avec viande ou poisson, appertisée;entrées et plats composés;110.0;8.06;6.4;5.3;;0.95
25605;Champignons à la grecque, préemballés;entrées et plats composés;76.3;2.07;3.53;5.47;;1.17
25606;Salade de pommes de terre, faite maison;entrées et plats composés;127.0;2.68;9.9;8.2;;1.32
25608;Taboulé ou salade de semoule aux légumes, préemballé;entrées et plats composés;179.0;4.88;23.7;6.7;;1.0
25609;Salade de pomme de terre à la piémontaise, préemballée;entrées et plats composés;130.0;4.5;8.87;8.3;;1.08
25610;Salade de museau de boeuf, avec sauce, préemballée;entrées et plats composés;118.0;11.7;0.8;7.6;;2.04
25614;Salade de riz, appertisée;entrées et plats composés;127.0;5.13;16.1;4.35;;1.1
25615;Salade de pâtes au fromage et légumes, avec sauce;entrées et plats composés;119.0;4.4;13.7;4.8;;0.74
25619;Salade de pâtes aux légumes et poisson ou viande, avec sauce, préemballée;entrées et plats composés;160.0;6.24;14.2;8.24;;0.89
25626;Macédoine de légumes en salade, avec sauce, préemballée;entrées et plats composés;129.0;2.5;3.47;10.7;;0.99
25628;Salade César au poulet (salade verte, fromage, croûtons, sauce), préemballée;entrées et plats composés;151.0;8.13;4.88;10.0;;0.75
25629;Salade végétarienne à base de boulgour et/ou quinoa et légumes, préemballée;entrées et plats composés;168.0;4.06;17.4;8.3;;0.77
25642;Salade de céleri et carotte rémoulade, préemballée;entrées et plats composés;79.6;1.0;5.43;5.33;;0.83
25664;Salade de pomme de terre au thon, préemballée;entrées et plats composés;124.0;5.57;8.13;7.7;;0.86
25665;Salade de pomme de terre à la saucisse, préemballée;entrées et plats composés;156.0;3.08;8.75;11.6;;1.28
25666;Salade composée à base de crudités, charcuterie et fromage, avec sauce, préemballée;entrées et plats composés;153.0;7.45;4.96;10.9;;0.86
25667;Salade composée à base de crudités et produits de la mer, avec sauce, préemballée;entrées et plats composés;120.0;4.78;7.58;7.5;;0.7
25668;Salade composée à base de crudités, oeuf et produits de la mer, avec sauce, préemballée;entrées et plats composés;108.0;4.76;3.77;7.57;;0.53
25669;Salade composée à base de crudités, poulet et fromage, avec sauce, préemballée;entrées et plats composés;150.0;7.13;5.28;10.8;;0.64
25670;Salade composée à base de crudités et poulet, avec sauce, préemballée;entrées et plats composés;88.0;4.13;4.28;5.35;;0.41
26257;Salade de carottes râpées, avec sauce, préemballée;entrées et plats composés;74.2;0.84;5.67;4.77;;0.71
26258;Salade de betterave, avec sauce, préemballée;entrées et plats composés;59.4;1.44;5.11;3.0;;0.8
26259;Salade de chou et carotte ou coleslaw, avec sauce, préemballée;entrées et plats composés;105.0;0.94;5.78;8.1;;0.88
26260;Salade de concombre à la crème/fromage blanc, préemballée;entrées et plats composés;77.9;1.06;0.58;7.5;;0.99
26261;Salade de lentilles et saucisse fumée, préemballée;entrées et plats composés;177.0;7.0;8.9;11.8;;0.89
26262;Salade grecque, avec sauce, préemballée;entrées et plats composés;81.5;2.0;1.4;7.1;;1.04
26263;Salade de riz au thon et légumes, avec sauce, préemballée;entrées et plats composés;145.0;5.08;16.8;5.98;;0.76
26269;Taboulé ou salade de semoule au poulet, préemballé;entrées et plats composés;176.0;5.9;20.1;7.45;;0.99
26276;Salade de pâtes au surimi, avec sauce, préemballée;entrées et plats composés;208.0;4.19;14.1;14.5;;1.0
26277;Salade Alaska au surimi, ananas, carottes, avec sauce, préemballée;entrées et plats composés;170.0;3.81;7.12;13.4;;1.38
26278;Salade de pâtes au poulet, fromage et crudités, avec sauce, préemballée;entrées et plats composés;175.0;8.19;12.4;9.5;;0.87
26279;Salade de pâtes aux poulet, oeuf, fromage et crudités, avec sauce, préemballée;entrées et plats composés;167.0;8.19;12.4;8.7;;0.55
26280;Salade de pâtes au jambon cru, fromage et crudités, avec sauce, préemballée;entrées et plats composés;191.0;7.31;15.1;10.6;;0.58
26281;Salade de chou rouge, avec sauce, préemballée;entrées et plats composés;103.0;1.23;4.73;8.25;;0.82
26282;Salade de pâtes au poulet et crudités, avec sauce, préemballée;entrées et plats composés;131.0;5.91;13.5;5.52;;0.76
25900;Soupe aux lentilles, préemballée à réchauffer;entrées et plats composés;63.3;3.19;7.64;1.87;;0.52
25901;Soupe à la volaille et aux légumes, préemballée à réchauffer;entrées et plats composés;30.8;3.09;2.6;0.8;;1.75
25903;Soupe aux légumes variés, préemballée à réchauffer;entrées et plats composés;36.8;0.84;4.5;1.45;;0.63
25904;Soupe de poissons et/ou crustacés, préemballée à réchauffer;entrées et plats composés;50.0;4.11;2.71;2.35;;0.91
25905;Soupe aux légumes variés, déshydratée reconstituée;entrées et plats composés;35.5;0.76;5.7;0.91;;0.69
25907;Soupe aux poireaux et pommes de terre, préemballée à réchauffer;entrées et plats composés;37.1;0.91;5.12;1.25;;0.62
25908;Soupe à la volaille et aux vermicelles, préemballée à réchauffer;entrées et plats composés;23.2;1.24;3.28;0.56;;0.75
25909;Bouillon de viande et légumes type pot-au-feu, prêt à consommer;entrées et plats composés;5.76;0.53;0.24;0.3;;0.82
25910;Soupe à l'oignon, préemballée à réchauffer;entrées et plats composés;60.8;1.64;4.26;3.83;;0.7
25912;Soupe aux champignons, préemballée à réchauffer;entrées et plats composés;40.3;0.94;4.1;2.12;;0.73
25913;Soupe à la carotte, préemballée à réchauffer;entrées et plats composés;35.8;0.68;4.03;1.61;;0.64
25914;Soupe à la tomate, préemballée à réchauffer;entrées et plats composés;36.2;0.76;5.88;0.88;;0.63
25915;Soupe chorba frik, à base de viande et de frik;entrées et plats composés;62.9;3.75;5.4;2.5;;0.84
25916;Soupe minestrone, préemballée à réchauffer;entrées et plats composés;46.5;1.51;4.97;1.93;;0.61
25917;Soupe au pistou, déshydratée reconstituée;entrées et plats composés;27.0;1.01;4.77;0.28;;0.69
25919;Soupe de poissons et/ou crustacés, déshydratée reconstituée;entrées et plats composés;40.9;0.91;5.66;1.54;;0.77
25923;Soupe asiatique, avec pâtes, déshydratée reconstituée;entrées et plats composés;38.4;1.12;5.69;1.14;;0.75
25924;Soupe marocaine, déshydratée reconstituée;entrées et plats composés;39.9;2.07;6.43;0.46;;0.7
25925;Soupe aux poireaux et pommes de terre, déshydratée reconstituée;entrées et plats composés;36.2;0.76;4.93;1.4;;0.76
25928;Soupe à la volaille et aux légumes, déshydratée reconstituée;entrées et plats composés;27.3;0.99;4.58;0.44;;0.73
25930;Bouillon de boeuf, déshydraté reconstitué;entrées et plats composés;6.14;0.85;0.36;0.15;;0.33
25932;Soupe aux asperges, déshydratée reconstituée;entrées et plats composés;37.4;0.79;5.38;1.34;;0.78
25933;Soupe à la tomate et aux vermicelles, préemballée à réchauffer;entrées et plats composés;38.0;1.2;6.09;0.77;;0.7
25934;Soupe aux céréales et aux légumes, déshydratée reconstituée;entrées et plats composés;47.8;1.4;6.8;1.4;;0.78
25935;Soupe à la tomate, déshydratée reconstituée;entrées et plats composés;39.6;0.98;6.45;0.98;;0.69
25936;Soupe aux champignons, déshydratée reconstituée;entrées et plats composés;37.7;0.66;4.86;1.67;;0.68
25942;Soupe à l'oignon, déshydratée reconstituée;entrées et plats composés;19.4;0.5;3.36;0.38;;0.69
25945;Soupe au potiron, préemballée à réchauffer;entrées et plats composés;36.2;0.66;4.48;1.51;;0.62
25947;Bouillon de volaille, déshydraté reconstitué;entrées et plats composés;7.19;1.23;0.28;0.13;;0.51
25948;Bouillon de légumes, déshydraté reconstitué;entrées et plats composés;4.78;0.34;0.51;0.16;;0.61
25949;Soupe à la tomate et aux vermicelles, déshydratée reconstituée;entrées et plats composés;27.7;0.8;5.36;0.29;;0.72
25950;Soupe à la volaille et aux vermicelles, déshydratée reconstituée;entrées et plats composés;21.2;0.78;3.85;0.24;;0.79
25953;Soupe au pistou, préemballée à réchauffer;entrées et plats composés;52.6;1.88;3.94;2.8;;0.53
25954;Soupe au potiron, déshydratée reconstituée;entrées et plats composés;36.1;0.72;4.95;1.32;;0.59
25955;Soupe asiatique, avec pâtes, préemballée à réchauffer;entrées et plats composés;33.5;1.3;4.06;1.23;;0.9
25956;Soupe minestrone, déshydratée reconstituée;entrées et plats composés;32.4;1.11;5.56;0.44;;0.68
25957;Soupe au cresson, déshydratée reconstituée;entrées et plats composés;25.1;0.42;3.95;0.8;;0.77
25958;Soupe au cresson, préemballée à réchauffer;entrées et plats composés;34.0;1.0;5.4;0.8;;0.78
25962;Soupe aux légumes avec fromage, préemballée à réchauffer;entrées et plats composés;46.3;1.26;4.77;2.26;;0.64
25963;Soupe aux légumes verts, préemballée à réchauffer;entrées et plats composés;35.0;1.13;3.96;1.38;;0.61
25964;Soupe aux légumes verts, déshydratée reconstituée;entrées et plats composés;32.0;0.63;4.84;1.05;;0.65
25965;Soupe aux pois cassés, préemballée à réchauffer;entrées et plats composés;48.8;2.47;5.69;1.47;;0.57
25967;Soupe froide type gaspacho ou gazpacho, préemballée;entrées et plats composés;40.2;0.81;3.21;2.33;;0.7
25968;Soupe aux asperges, préemballée à réchauffer;entrées et plats composés;57.6;1.54;3.8;3.8;;0.67
25969;Soupe (aliment moyen);entrées et plats composés;39.5;1.42;4.81;1.42;;0.71
25972;Soupe miso, déshydratée reconstituée;entrées et plats composés;16.5;1.24;2.37;0.34;;1.0
25973;Soupe aux légumes et aux vermicelles, déshydratée reconstituée;entrées et plats composés;35.6;0.8;6.19;0.77;;0.71
25974;Soupe aux légumes et aux vermicelles, préemballée à réchauffer;entrées et plats composés;37.0;1.07;5.4;1.01;;0.71
25975;Soupe au boeuf et aux vermicelles, déshydratée reconstituée;entrées et plats composés;22.6;0.87;4.29;0.15;;0.71
25976;Soupe asiatique, avec poulet et pâtes, préemballée à réchauffer;entrées et plats composés;67.6;3.96;6.3;2.75;;0.78
1033;Nuggets ou croquette panée de poulet (contenant du soja), préemballé;entrées et plats composés;220.0;13.4;16.7;10.3;;1.36
8601;Tripes à la mode de Caen (estomac et pied de boeuf, carottes…), préemballées;entrées et plats composés;120.0;20.4;0.5;3.68;;1.06
8612;Tripes à la tomate ou à la provençale, préemballées;entrées et plats composés;100.0;17.5;0.55;3.13;;1.38
25001;Blanquette de veau, préemballée;entrées et plats composés;113.0;15.4;3.1;4.0;;0.74
25033;Boeuf bourguignon, préemballé;entrées et plats composés;84.3;10.3;4.17;2.61;;0.88
25058;Canard en sauce (poivre vert, chasseur, etc.), préemballé;entrées et plats composés;145.0;9.55;10.2;7.3;;
25063;Lapin à la moutarde, préemballé;entrées et plats composés;108.0;14.9;0.5;5.0;;1.2
25089;Cordon bleu de volaille, préemballé;entrées et plats composés;226.0;14.0;14.6;12.2;;1.73
25121;Coq au vin;entrées et plats composés;133.0;13.0;4.0;7.0;;0.75
25125;Paupiette de veau;entrées et plats composés;181.0;14.6;4.67;11.3;;1.03
25126;Paupiette de volaille;entrées et plats composés;163.0;17.4;8.8;6.19;;0.84
25163;Boulettes au boeuf, cuites;entrées et plats composés;217.0;18.5;5.65;13.3;;1.13
25172;Viande en sauce (aliment moyen);entrées et plats composés;109.0;11.7;4.23;4.7;;0.92
25173;Escalope panée, viennoise ou milanaise, veau, cuite;entrées et plats composés;271.0;22.9;12.6;14.1;;0.98
25174;Poulet au curry et au lait de coco, préemballé;entrées et plats composés;125.0;10.6;4.07;6.9;;1.07
25186;Boulettes au porc et au boeuf (à la suédoise), préemballées, crues;entrées et plats composés;254.0;17.4;4.8;18.2;;1.05
25194;Boulettes au boeuf et à l'agneau (type kefta), préemballées, crues;entrées et plats composés;220.0;14.9;9.7;13.3;;1.08
25200;Palette à la diable, préemballée;entrées et plats composés;102.0;13.0;1.0;4.5;;2.29
25201;Langue de boeuf sauce madère, préemballée;entrées et plats composés;180.0;9.5;4.5;13.5;;1.08
25207;Porc au caramel, préemballé;entrées et plats composés;136.0;10.0;11.4;5.4;;1.34
25211;Boulettes au boeuf, à la sauce tomate, préemballées;entrées et plats composés;117.0;9.0;5.5;6.5;;
25213;Paupiette de veau, préemballée, rôtie/cuite au four;entrées et plats composés;276.0;22.0;0.48;20.5;;1.07
25221;Boulettes au boeuf et à l'agneau (type kefta), préemballées, cuites;entrées et plats composés;235.0;15.7;7.5;15.7;;1.03
25222;Boulettes au porc et au boeuf (à la suédoise), préemballées, cuites;entrées et plats composés;258.0;14.4;7.7;18.6;;1.51
25506;Brochette mixte de viande;entrées et plats composés;208.0;19.7;1.02;13.8;;0.61
25512;Nuggets ou croquette panée de volaille, préemballé;entrées et plats composés;247.0;13.1;18.0;13.2;;1.2
25538;Carpaccio de boeuf, avec marinade (huile, herbes, fromage), fait maison;entrées et plats composés;271.0;15.2;0.55;23.0;;1.12
25541;Brochette d'agneau;entrées et plats composés;137.0;13.2;2.54;7.93;;0.38
25565;Yakitori (brochettes japonaises grillées en sauce);entrées et plats composés;172.0;26.0;9.3;3.3;;1.19
25566;Brochette de porc, crue;entrées et plats composés;131.0;15.6;2.1;6.5;;0.81
25585;Brochette de boeuf, cuite;entrées et plats composés;136.0;21.9;0.33;5.2;;0.86
25586;Brochette de volaille, cuite;entrées et plats composés;134.0;23.1;1.39;4.0;;0.75
36027;Nuggets ou croquette panée de poulet, préemballé;entrées et plats composés;250.0;15.6;19.4;11.6;;1.37
36035;Poulet, manchons marinés, préemballés, rôtis/cuits au four;entrées et plats composés;213.0;22.4;2.1;12.6;;1.69
36036;Escalope panée, viennoise ou milanaise, poulet, cuite;entrées et plats composés;339.0;7.25;21.7;24.0;;1.26
36318;Escalope panée, viennoise ou milanaise, dinde, cuite;entrées et plats composés;211.0;14.1;13.5;10.9;;1.03
25009;Hachis parmentier à la viande, préemballé;entrées et plats composés;138.0;5.99;9.39;8.22;;0.83
25029;Couscous au mouton;entrées et plats composés;149.0;8.31;12.2;7.2;;0.81
25043;Couscous à la viande ou au poulet, allégé en matière grasse, préemballé,;entrées et plats composés;90.7;5.9;11.5;1.9;;0.7
25057;Poêlée de pommes de terre préfrites, lardons ou poulet, et autres, sans légumes verts, préemballée;entrées et plats composés;171.0;3.2;17.0;9.6;;0.6
25127;Couscous royal (avec plusieurs viandes), préemballé;entrées et plats composés;132.0;7.69;14.0;4.53;;0.88
25138;Couscous au poulet;entrées et plats composés;130.0;7.5;15.6;3.85;;0.79
25152;Couscous à la viande, préemballé;entrées et plats composés;128.0;7.59;12.5;4.73;;0.78
25195;Parmentier de canard, préemballé, à cuire;entrées et plats composés;146.0;6.82;8.51;9.06;;0.81
25587;Parmentier de canard, préemballé, cuit;entrées et plats composés;168.0;7.0;10.5;10.2;;0.74
25002;Cassoulet, appertisé;entrées et plats composés;129.0;8.06;9.41;5.77;;0.97
25003;Choucroute garnie, préemballée;entrées et plats composés;109.0;5.06;2.8;8.06;;1.39
25010;Petit salé ou saucisse aux lentilles, préemballé;entrées et plats composés;118.0;8.24;8.89;4.87;;0.98
25013;Pot-au-feu, préemballé;entrées et plats composés;77.5;10.9;3.2;2.02;;0.32
25065;Boeuf aux carottes, préemballé;entrées et plats composés;95.0;13.2;2.91;3.15;;0.58
25071;Potée auvergnate (chou et porc);entrées et plats composés;115.0;7.28;4.85;6.9;;0.72
25098;Cassoulet au porc, appertisé;entrées et plats composés;132.0;8.3;8.6;6.3;;1.1
25099;Cassoulet au canard ou oie, appertisé;entrées et plats composés;161.0;10.5;10.1;7.86;;1.05
25103;Tomate farcie, préemballée;entrées et plats composés;127.0;6.0;2.95;9.67;;0.7
25106;Chou farci, préemballé;entrées et plats composés;94.9;5.3;2.0;6.6;;0.87
25111;Chili con carne, préemballé;entrées et plats composés;118.0;7.13;13.0;3.35;;0.93
25123;Moussaka, préemballée;entrées et plats composés;147.0;5.82;5.16;10.8;;0.97
25124;Navarin d'agneau aux légumes;entrées et plats composés;135.0;9.72;3.85;8.61;;0.42
25159;Tajine de mouton, préemballé;entrées et plats composés;131.0;12.8;4.5;6.83;;0.99
25164;Osso buco de veau à la milanaise (jarret de porc , légumes, vin blanc);entrées et plats composés;102.0;12.5;3.5;4.06;;1.47
25175;Meloukhia, plat à base de boeuf et corète, fait maison;entrées et plats composés;189.0;10.6;1.2;14.7;;0.93
25190;Poulet basquaise, préemballé;entrées et plats composés;107.0;9.3;2.5;6.4;;0.89
25204;Tajine de poulet, préemballé;entrées et plats composés;127.0;7.54;14.4;3.7;;1.17
25205;Chop suey (porc ou poulet, légumes), préemballé;entrées et plats composés;78.2;5.0;7.8;3.0;;
25511;Légumes farcis (sauf tomate);entrées et plats composés;91.9;4.71;3.6;6.22;;0.77
10082;Moules marinières (oignons et vin blanc), préemballées;entrées et plats composés;91.9;10.3;7.43;2.24;;0.69
10083;Moules farcies (matière grasse, persillade…), préemballées, crues;entrées et plats composés;283.0;9.56;4.2;24.8;;1.08
24998;Poisson blanc en sauce, préemballé (aliment moyen);entrées et plats composés;147.0;13.2;4.67;8.1;;1.12
25037;Gratin ou cassolette de poisson et / ou fruits de mer, préemballé, cru;entrées et plats composés;105.0;6.13;8.39;5.1;;0.82
25038;Gratin ou cassolette de poisson et / ou fruits de mer, préemballé, cuit;entrées et plats composés;117.0;6.69;5.28;7.5;;0.92
25077;Saumon sauce à l'oseille, préemballé;entrées et plats composés;157.0;9.5;8.23;9.5;;0.59
25086;Poisson blanc à la bordelaise (chapelure, huile…), préemballé;entrées et plats composés;176.0;14.8;5.3;10.4;;1.28
25128;Poisson blanc à la provençale ou niçoise (sauce tomate), préemballé;entrées et plats composés;73.4;9.31;3.1;2.3;;0.7
25140;Poisson blanc à la florentine (sauce aux épinards), préemballé;entrées et plats composés;96.0;12.0;2.0;4.0;;0.58
25141;Poisson blanc à la marinière (sauce aux oignons, vin blanc, moules), préemballé;entrées et plats composés;80.0;11.5;2.2;2.8;;
25142;Poisson blanc à la sauce moutarde, préemballé;entrées et plats composés;90.8;9.2;5.4;3.6;;
25143;Poisson blanc à la parisienne (sauce aux champignons), préemballé;entrées et plats composés;81.5;9.0;3.0;3.5;;0.58
25145;Poisson blanc à l'estragon, préemballé;entrées et plats composés;77.2;8.8;4.2;2.8;;
25146;Poisson blanc sauce oseille, préemballé;entrées et plats composés;111.0;11.8;3.0;5.5;;0.88
25210;Saumon farci, préemballé;entrées et plats composés;227.0;18.8;0.4;16.2;;0.65
25539;Brochette de poisson;entrées et plats composés;127.0;18.0;0.86;5.71;;0.56
25540;Brochette de crevettes;entrées et plats composés;140.0;16.4;1.6;7.38;;1.92
26140;Poisson cuit (aliment moyen);entrées et plats composés;142.0;22.5;0.32;5.62;;0.25
26249;Poisson blanc, cuit (aliment moyen);entrées et plats composés;114.0;22.0;0.32;2.74;;0.28
25031;Paëlla, préemballée;entrées et plats composés;148.0;7.86;17.1;4.9;;0.87
25107;Couscous au poisson;entrées et plats composés;105.0;7.5;14.2;1.6;;0.84
25154;Gratin de poisson et purée ou brandade aux pommes de terre ou parmentier de poisson, préemballé;entrées et plats composés;117.0;6.39;8.57;6.15;;0.81
25242;Paëlla (poulet fruit de mer, chorizo, colin), fait maison;entrées et plats composés;135.0;6.38;22.0;2.2;;1.28
25456;Sushi ou maki aux produits de la mer;entrées et plats composés;171.0;6.69;26.9;3.7;;0.55
8296;Terrine ou mousse de légumes, premballée;entrées et plats composés;140.0;6.67;5.5;9.56;;1.46
8297;Flan de légumes aux oeufs;entrées et plats composés;210.0;5.38;4.13;18.6;;0.89
20194;Haricots blancs à la sauce tomate, appertisés;entrées et plats composés;80.5;4.83;11.7;0.5;;0.87
20240;Piperade basquaise, préemballée;entrées et plats composés;67.8;1.1;5.38;3.8;;0.76
20262;Poêlée de légumes assaisonnés sans champignon, surgelée, crue;entrées et plats composés;50.4;2.6;5.0;1.5;;1.25
20273;Poêlée de légumes assaisonnés à l'asiatiques ou wok de légumes, surgelée, crue;entrées et plats composés;73.5;1.75;4.0;5.0;;0.18
20274;Poêlée de légumes assaisonnés grillée, méridionale ou méditerranéenne, surgelée, crue;entrées et plats composés;48.0;1.61;4.33;1.77;;0.25
20498;"Poêlée de légumes assaisonnés aux champignons (""champêtre""), surgelée";entrées et plats composés;31.5;1.5;4.0;0.5;;0.51
25018;Ratatouille cuisinée, préemballée;entrées et plats composés;57.1;1.22;4.97;3.15;;0.94
25026;Épinard à la crème, préemballé;entrées et plats composés;57.3;2.5;4.1;2.9;;0.72
25052;Gratin d'aubergine, préemballé;entrées et plats composés;105.0;1.5;5.5;8.0;;0.43
25056;Gratin dauphinois, préemballé;entrées et plats composés;113.0;3.38;14.5;4.2;;0.81
25073;Endive au jambon, préemballée;entrées et plats composés;109.0;7.44;4.71;6.3;;0.65
25101;Gratin de chou-fleur, préemballé;entrées et plats composés;86.3;3.0;3.3;6.5;;1.07
25162;Gratin de légumes, préemballé;entrées et plats composés;106.0;3.44;6.91;6.7;;0.57
25196;Riste d'aubergines (aubergines, tomates, oignons), préemballée;entrées et plats composés;145.0;1.05;10.6;10.4;;1.19
25199;Palet ou galette de légumes, préfrit, surgelé;entrées et plats composés;101.0;2.33;8.67;5.67;;0.76
25208;Palet ou galette de légumes, préfrit, surgelé, cuit;entrées et plats composés;105.0;3.31;8.45;5.7;;0.75
25220;Choucroute cuisinée aux lardons, sans garniture, égouttée, cuite;entrées et plats composés;75.5;1.38;0.1;6.6;;1.26
25238;Gratin de légumes, fait maison;entrées et plats composés;107.0;3.15;3.59;8.51;;0.5
25524;Tomate à la provençale, fait maison;entrées et plats composés;75.7;1.65;6.55;4.32;;0.47
25556;Beignet de légumes;entrées et plats composés;140.0;4.0;12.1;8.0;;0.54
25571;Falafel ou boulette de pois-chiche et/ou fève, vente à emporter;entrées et plats composés;252.0;8.25;18.7;14.4;;1.6
25588;Gratin de légumes en sauce blanche type béchamel, préemballé, cuit;entrées et plats composés;105.0;3.56;6.74;6.5;;0.64
25590;Falafel ou boulette de pois-chiche et/ou fève, préemballé;entrées et plats composés;211.0;7.38;17.7;10.8;;0.87
9082;Blé dur précuit, cuisiné, en sachet micro-ondable;entrées et plats composés;188.0;5.21;29.6;4.84;;1.16
9085;Nouilles asiatiques cuisinées (boeuf, poulet, légumes…) non instantanées;entrées et plats composés;140.0;5.12;18.8;4.3;;1.2
25019;Ravioli au boeuf, sauce tomate, appertisé;entrées et plats composés;95.3;4.22;12.5;2.83;;0.96
25081;Lasagnes ou canellonis à la viande (bolognaise), préemballés;entrées et plats composés;134.0;6.29;13.5;5.72;;0.97
25085;Pâtes à la bolognaise (spaghetti, tagliatelles…), préemballées;entrées et plats composés;116.0;5.32;13.6;4.07;;0.83
25088;Riz cantonais, préemballé;entrées et plats composés;164.0;5.46;23.6;4.94;;0.86
25110;Ravioli chinois à la vapeur à la crevette, cuit;entrées et plats composés;172.0;5.5;23.2;5.5;;0.96
25122;Gratin de pâtes au jambon, préemballé;entrées et plats composés;179.0;7.06;16.4;9.2;;0.85
25131;Lasagnes ou cannellonis aux légumes, préemballées, cuits;entrées et plats composés;120.0;4.38;10.1;5.9;;0.6
25135;Pâtes à la carbonara (spaghetti, tagliatelles…), préemballées;entrées et plats composés;161.0;5.91;14.2;8.7;;0.86
25139;Lasagnes ou cannellonis au poisson, préemballées;entrées et plats composés;148.0;7.28;13.0;7.1;;1.02
25149;Pâtes fraîches farcies (ex : raviolis, tortellinis, ravioles du Dauphiné), au fromage, préemballées, cuites;entrées et plats composés;226.0;10.0;26.8;8.3;;0.79
25150;Couscous de légumes, préemballé;entrées et plats composés;108.0;4.32;16.4;2.25;;0.73
25155;Pâtes fraîches farcies (ex : raviolis, tortellinis), au fromage et aux légumes, préemballées, cuites;entrées et plats composés;219.0;7.94;27.8;7.5;;1.05
25157;Pâtes fraîches farcies (ex : raviolis, tortellinis), au boeuf (ex : bolognaise), préemballées, crues;entrées et plats composés;265.0;11.4;40.3;5.79;;1.28
25158;Pâtes fraîches farcies (ex : raviolis, tortellinis), au boeuf (ex : bolognaise), préemballées, cuites;entrées et plats composés;174.0;6.94;25.1;4.65;;0.52
25181;Pâtes fraîches farcies (ex : raviolis, tortellinis, ravioles du Dauphiné), au fromage, préemballées, crues;entrées et plats composés;268.0;11.3;37.3;7.69;;1.13
25182;Pâtes fraîches farcies (ex : raviolis, tortellinis), au fromage et aux légumes, préemballées, crues;entrées et plats composés;262.0;9.98;41.4;5.69;;1.07
25183;Nouilles aux crevettes, préemballées, sautées/poêlées;entrées et plats composés;104.0;4.88;12.6;3.4;;0.84
25187;Risotto, aux légumes, préemballé;entrées et plats composés;120.0;2.88;18.4;3.8;;0.76
25188;Risotto, aux fruits de mer, préemballé;entrées et plats composés;130.0;5.75;12.5;6.07;;0.85
25189;Risotto, aux fromages, préemballé;entrées et plats composés;195.0;5.93;30.9;5.16;;0.82
25192;Ravioli aux légumes, à la sauce tomate, appertisés;entrées et plats composés;91.1;2.88;13.5;2.45;;0.76
25193;Pâtes fraîches farcies (ex : raviolis, tortellinis), aux légumes, préemballées, cuites;entrées et plats composés;156.0;5.19;20.9;4.9;;0.49
25198;Pâtes en sauce aux fromages (spaghetti, tagliatelles…), préemballées;entrées et plats composés;163.0;7.17;15.9;7.4;;0.8
25203;Pâtes fraîches farcies (ex : raviolis, tortellinis), aux légumes, préemballées, crues;entrées et plats composés;255.0;9.4;41.4;5.06;;0.81
25216;Pâtes fraîches farcies (ex : raviolis, tortellinis), cuites (aliment moyen);entrées et plats composés;198.0;7.97;25.6;6.48;;0.7
25217;Feuille de vigne farcie au riz ou dolmas, égouttée, préemballée;entrées et plats composés;150.0;2.63;18.6;6.5;;1.34
25219;Lasagnes ou cannellonis aux légumes et au fromage de chèvre, préemballés, cuits;entrées et plats composés;179.0;7.0;14.0;10.2;;0.85
25243;Nouilles asiatiques instantanées, aromatisées, cuites;entrées et plats composés;164.0;3.75;21.1;6.9;;0.23
25635;Lasagnes ou cannellonis au fromage et aux épinards, préemballés;entrées et plats composés;133.0;6.1;11.4;6.6;;0.99
4041;Aligot (purée de pomme de terre à la tomme fraîche), préemballé;entrées et plats composés;195.0;8.06;9.5;13.3;;1.0
25020;Soufflé au fromage;entrées et plats composés;185.0;10.9;4.75;13.4;;0.95
25137;Tartiflette (pommes de terre, reblochon, lardons…), préemballée;entrées et plats composés;161.0;6.0;13.5;8.9;;0.75
25437;Gougère;entrées et plats composés;399.0;16.2;22.7;26.6;;1.13
25509;Préparation à base de fromage(s) pour fondue savoyarde, préemballée;entrées et plats composés;237.0;14.6;3.4;17.1;;1.28
25546;Fromage pané au jambon, préemballé;entrées et plats composés;262.0;17.4;15.3;14.6;;2.32
20914;Galette ou pavé au soja;entrées et plats composés;252.0;17.0;8.5;14.7;;1.75
25223;Bouchées ou émincé végétal au soja et blé (convient aux véganes ou végétaliens), préemballé;entrées et plats composés;157.0;21.3;6.76;3.7;;1.68
25224;Bouchées ou émincé au soja et blé  (ne convient pas aux véganes ou végétaliens), préemballé;entrées et plats composés;185.0;19.3;8.19;7.0;;1.24
25225;Nuggets ou croquette panée de blé (sans soja), préemballé;entrées et plats composés;284.0;13.5;22.4;14.9;;0.67
25226;Nuggets ou croquette panée de soja et blé (ne convient pas aux véganes ou végétaliens), préemballé;entrées et plats composés;253.0;14.1;18.5;12.6;;1.18
25227;Nuggets ou croquette panée de soja et blé (convient aux véganes ou végétaliens), préemballé;entrées et plats composés;251.0;15.5;19.7;10.9;;1.39
25228;Pané soja et blé (ne convient pas aux véganes ou végétaliens);entrées et plats composés;260.0;14.4;16.8;13.9;;1.03
25229;Bâtonnet pané soja et blé (convient aux véganes ou végétaliens), préemballée;entrées et plats composés;245.0;16.9;18.8;10.0;;1.13
25230;Pané soja, blé et fromage, type cordon bleu, préemballé;entrées et plats composés;247.0;15.2;15.1;13.1;;1.5
25231;Ravioli au tofu, à la sauce tomate, préemballés;entrées et plats composés;91.7;3.13;12.5;2.7;;0.81
25233;Galette de céréales au fromage (sans soja), préemballée;entrées et plats composés;241.0;7.0;27.8;10.3;;1.0
25234;Galette de céréales aux légumes (sans soja), préemballée;entrées et plats composés;211.0;5.31;28.0;7.6;;1.03
25589;Boulette végétale au soja et/ou blé, préemballée;entrées et plats composés;211.0;17.6;7.98;10.6;;1.51
25591;Galette ou pavé aux lentilles, soja et légumes, préemballé;entrées et plats composés;170.0;10.6;16.7;5.6;;0.85
25592;Galette ou pavé au blé (seitan) et légumes, préemballé;entrées et plats composés;208.0;13.4;20.8;7.1;;1.0
25593;Galette ou pavé au blé et soja (convient aux véganes ou végétaliens), préemballé;entrées et plats composés;215.0;17.5;8.15;11.0;;1.3
25594;Galette ou pavé au blé et soja (ne convient pas aux véganes ou végétaliens), préemballé;entrées et plats composés;201.0;11.1;13.3;10.2;;1.14
25595;Galette ou pavé au soja et fromage, préemballé;entrées et plats composés;204.0;16.8;6.08;12.0;;1.07
25596;Galette ou pavé au soja et légumes, préemballé;entrées et plats composés;175.0;14.4;8.36;8.1;;0.93
25597;Galette ou pavé au soja, fromage et légumes, préemballé;entrées et plats composés;180.0;15.1;7.72;9.1;;0.97
30181;Haché végétal à base de soja, préemballé;entrées et plats composés;143.0;12.6;7.01;5.8;;0.78
25404;Pizza au fromage ou pizza margherita, préemballée;entrées et plats composés;224.0;8.7;29.6;7.41;;1.14
25405;Quiche lorraine, préemballée;entrées et plats composés;269.0;8.39;21.5;16.4;;1.01
25409;Crêpe ou galette béchamel et jambon, préemballée;entrées et plats composés;199.0;7.5;24.3;8.0;;1.43
25410;Crêpe ou galette béchamel, jambon et fromage, préemballée;entrées et plats composés;179.0;9.83;16.3;7.9;;1.13
25411;Crêpe ou galette béchamel et champignon, préemballée, surgelée;entrées et plats composés;144.0;4.5;20.0;5.0;;0.81
25417;Tarte aux légumes, préemballée;entrées et plats composés;216.0;5.0;21.8;11.7;;0.98
25435;Pizza jambon fromage, préemballée;entrées et plats composés;228.0;10.7;26.2;8.49;;1.33
25444;Tarte au fromage, préemballée;entrées et plats composés;271.0;9.44;20.0;16.7;;0.86
25454;Tarte à la provençale, préemballée;entrées et plats composés;224.0;5.34;21.8;12.5;;1.17
25457;Pizza à la viande, type bolognaise, préemballée;entrées et plats composés;214.0;9.7;27.0;7.03;;1.06
25459;Burritos au boeuf;entrées et plats composés;170.0;8.0;14.3;8.5;;0.75
25460;Fajita au poulet, préparé maison avec un kit;entrées et plats composés;158.0;12.7;16.0;4.5;;0.89
25462;Pizza au chorizo ou salami, préemballée;entrées et plats composés;236.0;9.88;24.7;10.4;;1.32
25463;Pizza aux fruits de mer, préemballée;entrées et plats composés;215.0;9.67;25.2;8.02;;1.06
25464;Pizza au saumon, préemballée;entrées et plats composés;232.0;9.28;26.0;9.72;;1.2
25468;Pizza au chèvre et lardons, préemballée;entrées et plats composés;253.0;10.3;26.5;11.5;;1.3
25472;Pizza aux légumes ou pizza 4 saisons, préemballée;entrées et plats composés;206.0;7.58;25.1;7.78;;1.06
25477;Pizza champignons fromage, préemballée;entrées et plats composés;213.0;8.0;24.2;8.93;;1.13
25478;Pizza aux fromages, préemballée;entrées et plats composés;269.0;11.2;30.5;10.7;;1.2
25516;Pizza (aliment moyen);entrées et plats composés;234.0;10.0;27.4;8.88;;1.21
25528;Pissaladière, préemballée;entrées et plats composés;265.0;4.8;26.3;15.1;;1.26
25529;Tarte à l'oignon, préemballée;entrées et plats composés;280.0;7.0;23.5;17.2;;0.87
25548;Pizza jambon fromage champignons ou pizza royale, reine ou regina, préemballée;entrées et plats composés;208.0;9.5;25.9;6.89;;1.23
25549;Crêpe ou galette béchamel et fromage, préemballée;entrées et plats composés;150.0;6.5;17.0;6.0;;0.95
25550;Flammenkueche ou tarte flambée aux lardons, préemballée;entrées et plats composés;300.0;8.81;31.8;14.8;;1.64
25552;Crêpe ou galette béchamel, jambon et fromage et champignon, préemballée;entrées et plats composés;144.0;6.56;14.7;6.3;;0.76
25553;Tarte ou tourte aux poireaux, préemballée;entrées et plats composés;229.0;5.29;20.9;13.3;;0.97
25555;Tarte au saumon, préemballée;entrées et plats composés;251.0;8.41;24.2;13.2;;0.85
25560;Tourte au riesling (porc, riesling, champignons), préemballée;entrées et plats composés;251.0;10.2;23.7;12.6;;1.45
25561;Tarte à la tomate, préemballée;entrées et plats composés;225.0;6.0;23.4;11.6;;0.83
25562;Crêpe ou galette complète (oeuf, jambon, fromage), préemballée;entrées et plats composés;219.0;15.3;15.2;9.8;;1.12
25564;Tarte aux noix de Saint-Jacques, préemballée;entrées et plats composés;222.0;7.2;21.7;11.5;;1.06
25568;Pastilla au poulet, préemballée;entrées et plats composés;218.0;12.3;14.1;12.2;;1.5
25570;Pizza aux lardons, oignons et fromage, préemballée;entrées et plats composés;236.0;8.16;28.3;9.59;;1.21
25572;Crêpe ou galette aux noix de Saint-Jacques, préemballée;entrées et plats composés;144.0;6.1;15.5;6.2;;1.07
25573;Tarte ou quiche salée (aliment moyen);entrées et plats composés;268.0;8.04;24.3;15.1;;1.13
25581;Crêpe ou galette béchamel et champignon, préemballée, cuite;entrées et plats composés;172.0;5.5;18.5;7.7;;0.76
25623;Tarte au maroilles ou flamiche au maroilles, préemballée;entrées et plats composés;318.0;14.0;23.0;18.3;;1.66
25625;Crêpe ou galette au poisson et / ou fruits de mer, préemballée;entrées et plats composés;190.0;7.0;15.0;11.0;;1.18
25649;Crêpe ou galette chèvre, lardon, préemballée;entrées et plats composés;196.0;8.08;16.3;10.6;;1.17
25671;Pizza au chèvre, préemballée;entrées et plats composés;241.0;9.95;27.1;9.86;;1.16
26256;Ficelle picarde, préemballée;entrées et plats composés;151.0;8.6;11.9;7.5;;0.75
26267;Tarte épinard chèvre, préemballée;entrées et plats composés;233.0;6.69;21.3;13.1;;0.9
26268;Tielle sétoise, préemballée;entrées et plats composés;285.0;8.5;29.4;14.4;;1.3
26270;Pizza au thon, préemballée;entrées et plats composés;235.0;10.2;23.7;10.6;;1.16
26271;Pizza kebab, préemballée;entrées et plats composés;211.0;9.4;26.6;7.01;;1.4
26272;Pizza au poulet, préemballée;entrées et plats composés;211.0;9.88;28.2;6.09;;1.18
26273;Pizza type raclette ou tartiflette, préemballée;entrées et plats composés;246.0;9.66;27.3;10.4;;1.24
26274;Pizza au speck ou jambon cru, préemballée;entrées et plats composés;234.0;10.9;27.4;8.53;;1.34
7811;Focaccia, garnie;entrées et plats composés;233.0;8.0;29.5;8.75;;1.45
7812;Fougasse, garnie;entrées et plats composés;320.0;9.53;42.1;11.8;;1.78
25403;Hot-dog, préemballé;entrées et plats composés;278.0;10.9;26.3;13.8;;1.69
25413;Hamburger, de restauration rapide;entrées et plats composés;251.0;13.3;29.5;8.44;;1.23
25414;Cheeseburger, de restauration rapide;entrées et plats composés;290.0;14.0;22.3;15.8;;1.23
25415;Double cheeseburger, de restauration rapide;entrées et plats composés;290.0;15.5;19.4;16.7;;1.15
25416;Burger au poisson, de restauration rapide;entrées et plats composés;263.0;12.2;26.7;11.5;;1.1
25428;Sandwich grec ou kebab, pita, crudités;entrées et plats composés;232.0;15.2;17.0;10.9;;1.23
25429;Sandwich grec ou kebab, baguette, crudités;entrées et plats composés;272.0;15.0;29.9;9.8;;1.13
25431;Sandwich baguette, thon crudités mayonnaise, fait maison;entrées et plats composés;275.0;10.3;32.1;11.3;;1.28
25434;Sandwich panini, jambon cru mozzarella, tomates;entrées et plats composés;237.0;14.2;25.7;8.35;;1.24
25475;Sandwich baguette, jambon, oeuf, crudités, beurre;entrées et plats composés;225.0;10.1;31.7;5.98;;1.45
25476;Sandwich baguette, poulet crudités mayonnaise, fait maison;entrées et plats composés;263.0;10.4;34.9;8.54;;1.3
25485;Sandwich baguette, jambon emmental, préemballé;entrées et plats composés;284.0;12.7;27.9;12.9;;1.54
25488;Sandwich baguette, saumon fumé beurre;entrées et plats composés;268.0;11.5;41.7;5.6;;1.89
25490;Sandwich baguette, thon maïs crudités, préemballé;entrées et plats composés;193.0;8.87;23.9;6.03;;1.02
25501;Sandwich panini, trois fromages;entrées et plats composés;294.0;17.0;25.0;14.0;;1.6
25502;Burger au poulet, de restauration rapide;entrées et plats composés;249.0;12.7;23.8;11.0;;1.16
25513;Pan bagnat;entrées et plats composés;205.0;7.95;27.8;6.48;;1.03
25517;Sandwich baguette, jambon beurre, fait maison;entrées et plats composés;285.0;11.6;35.1;10.5;;1.78
25518;Sandwich baguette, camembert beurre, fait maison;entrées et plats composés;341.0;11.9;34.8;16.7;;1.72
25519;Sandwich baguette, pâté cornichons;entrées et plats composés;304.0;10.1;33.5;13.9;;1.8
25520;Sandwich baguette, saucisson beurre, fait maison;entrées et plats composés;374.0;13.7;35.2;19.4;;2.71
25521;Sandwich baguette, jambon emmental beurre;entrées et plats composés;298.0;13.4;30.2;13.2;;1.6
25522;Sandwich (aliment moyen);entrées et plats composés;280.0;12.4;30.3;11.7;;1.56
25523;Toasts ou canapés salés, garnitures diverses, préemballés;entrées et plats composés;251.0;9.09;22.4;13.3;;1.11
25530;Sandwich baguette, crudités diverses mayonnaise;entrées et plats composés;224.0;6.54;30.6;7.9;;1.07
25531;Sandwich baguette, dinde crudités mayonnaise;entrées et plats composés;257.0;12.4;31.2;8.82;;1.1
25532;Sandwich baguette, oeuf crudités mayonnaise;entrées et plats composés;249.0;8.52;31.6;9.47;;1.13
25533;Sandwich baguette, porc crudités mayonnaise;entrées et plats composés;272.0;12.0;31.2;10.6;;1.1
25535;Sandwich baguette, merguez ketchup moutarde;entrées et plats composés;289.0;13.1;32.7;11.4;;2.12
25536;Sandwich baguette, salami beurre;entrées et plats composés;381.0;12.5;33.9;21.4;;2.76
25542;Croque-madame, fait maison;entrées et plats composés;261.0;13.7;16.1;15.5;;1.29
25543;Sandwich baguette (aliment moyen);entrées et plats composés;293.0;11.7;33.2;12.1;;1.64
25547;Croque-monsieur, préemballé;entrées et plats composés;253.0;10.6;26.1;11.4;;1.58
25575;Sandwich pain de mie complet, thon crudités, préemballé;entrées et plats composés;207.0;9.48;24.3;7.28;;1.15
25576;Sandwich pain de mie complet, jambon fromage, préemballé;entrées et plats composés;240.0;11.2;23.8;10.5;;1.72
25577;Sandwich pain de mie complet, poulet crudités, préemballé;entrées et plats composés;199.0;8.75;23.0;7.4;;1.15
25599;Sandwich pain de mie complet, jambon, préemballé;entrées et plats composés;246.0;10.1;26.3;10.5;;1.77
25632;Sandwich baguette, thon crudités mayonnaise, vente à emporter;entrées et plats composés;232.0;9.31;28.8;8.5;;1.19
25633;Sandwich baguette, jambon beurre, vente à emporter;entrées et plats composés;254.0;10.4;38.8;6.0;;1.5
25634;Sandwich baguette, jambon emmental, vente à emporter;entrées et plats composés;263.0;12.0;34.5;8.2;;1.43
25638;Sandwich baguette, poulet crudités mayonnaise, vente à emporter;entrées et plats composés;223.0;10.3;29.7;6.7;;1.16
25639;Sandwich baguette, saucisson beurre, vente à emporter;entrées et plats composés;293.0;10.4;36.9;11.3;;2.01
25640;Sandwich baguette, camembert beurre, vente à emporter;entrées et plats composés;303.0;11.4;32.9;13.7;;1.35
25641;Sandwich pain de mie complet, saucisson ou rosette, préemballé;entrées et plats composés;336.0;11.9;26.3;19.5;;2.21
25643;Burger au poulet, préemballé;entrées et plats composés;230.0;12.4;25.2;8.43;;1.55
25644;Cheeseburger, préemballé;entrées et plats composés;265.0;13.6;22.7;13.0;;1.21
25645;Sandwich pain de mie complet, bacon crudités, préemballé;entrées et plats composés;257.0;9.28;25.8;12.4;;1.39
25646;Wrap végétarien fromage crudités;entrées et plats composés;246.0;9.28;19.5;13.8;;0.9
25647;Wrap poulet crudités;entrées et plats composés;222.0;9.57;23.6;9.22;;1.18
25648;Wrap jambon crudités;entrées et plats composés;234.0;8.55;25.2;10.4;;1.37
25650;Sandwich pain de mie complet, thon oeuf crudités, préemballé;entrées et plats composés;196.0;9.78;23.1;6.65;;1.09
25651;Sandwich pain de mie complet, saumon fumé, préemballé;entrées et plats composés;206.0;8.63;24.1;7.69;;1.53
25652;Sandwich pain de mie complet, jambon oeuf crudités, préemballé;entrées et plats composés;213.0;8.97;25.6;7.65;;1.45
25653;Sandwich pain de mie complet, jambon fromage crudités, préemballé;entrées et plats composés;227.0;9.81;22.9;9.92;;1.52
25654;Sandwich pain de mie complet, jambon crudités, préemballé;entrées et plats composés;197.0;8.51;22.4;7.58;;1.59
25655;Sandwich pain viennois, jambon oeuf crudités, préemballé;entrées et plats composés;236.0;9.16;26.6;9.77;;1.38
25656;Sandwich pain viennois, thon oeuf crudités, préemballé;entrées et plats composés;229.0;9.74;26.6;8.73;;1.07
25657;Sandwich pain viennois, poulet oeuf crudités, préemballé;entrées et plats composés;218.0;9.94;27.0;7.32;;1.08
25658;Sandwich pain viennois, poulet crudités, préemballé;entrées et plats composés;234.0;10.1;26.4;9.28;;1.11
25659;Sandwich pain polaire, poulet crudités, préemballé;entrées et plats composés;218.0;9.81;28.1;7.01;;1.18
25660;Sandwich pain polaire, saumon, préemballé;entrées et plats composés;238.0;10.7;27.2;9.05;;1.35
25661;Sandwich pain polaire, jambon fromage, préemballé;entrées et plats composés;266.0;10.5;27.2;12.3;;1.71
25662;Sandwich pain de mie complet, poulet, préemballé;entrées et plats composés;229.0;11.2;25.3;8.5;;1.43
25663;Sandwich baguette, poulet crudités, préemballé;entrées et plats composés;216.0;9.0;28.2;7.0;;1.48
7814;Cake salé (garniture : fromage, légumes, viande, poisson, volaille, etc.), préemballé;entrées et plats composés;321.0;11.6;25.6;18.4;;1.64
25108;Samossa ou samoussa ou brick garni, préemballé, cuit;entrées et plats composés;230.0;9.33;16.5;13.7;;1.26
25151;Feuilleté ou friand au poisson et/ou fruits de mer, préemballé, à cuire;entrées et plats composés;260.0;6.55;27.9;13.0;;1.02
25169;Spécialité chinoise type bouchée à la vapeur, préemballée, cuite;entrées et plats composés;149.0;5.9;28.0;1.4;;1.26
25396;Feuilleté ou friand jambon fromage, préemballé;entrées et plats composés;278.0;8.46;22.7;16.7;;1.29
25398;Feuilleté ou friand au fromage, préemballé, à cuire;entrées et plats composés;283.0;6.08;26.2;16.9;;1.05
25399;Feuilleté ou friand aux escargots, préemballé;entrées et plats composés;321.0;6.69;23.1;22.1;;1.17
25401;Feuilleté ou friand au fromage, préemballé, cuit;entrées et plats composés;302.0;8.25;28.1;17.1;;1.58
25402;Feuilleté ou friand à la viande, préemballé;entrées et plats composés;354.0;9.59;27.3;22.6;;1.55
25412;Bouchée à la reine, à la viande/volaille/quenelle;entrées et plats composés;296.0;6.12;24.5;18.9;;1.27
25418;Croissant au jambon fromage, fait maison;entrées et plats composés;264.0;7.9;24.8;14.6;;1.1
25419;Rouleau de printemps;entrées et plats composés;103.0;4.57;16.6;1.82;;0.29
25438;Samoussa ou samossa ou brick garni, fait maison, cuit;entrées et plats composés;187.0;12.2;8.48;11.5;;1.41
25503;Bouchée à la reine, au poisson et fruits de mer, faite maison;entrées et plats composés;208.0;6.72;13.7;13.8;;1.13
25508;Feuilleté ou friand jambon fromage, fait maison;entrées et plats composés;338.0;8.76;29.4;20.3;;1.09
25551;Beignet de viande, volaille ou poisson, fait maison, cuit;entrées et plats composés;238.0;18.7;10.0;13.5;;0.71
25557;Brick à l'oeuf, fait maison, cuit;entrées et plats composés;255.0;10.4;12.3;18.1;;1.35
25558;Samossa ou samoussa ou brick au boeuf, fait maison, cuit;entrées et plats composés;342.0;10.4;33.5;17.0;;3.76
25559;Brick à la pomme de terre, fait maison, cuit;entrées et plats composés;215.0;3.25;19.6;13.4;;1.0
25578;Feuilleté ou friand salé (aliment moyen);entrées et plats composés;311.0;8.43;27.5;18.2;;1.4
25580;Bouchée à la reine, garnie (aliment moyen);entrées et plats composés;252.0;6.42;19.1;16.3;;1.2
25582;Nem ou pâté impérial, au poulet, préemballé, cuit;entrées et plats composés;197.0;8.06;20.9;8.1;;1.19
25583;Nem ou pâté impérial, au porc, préemballé, cuit;entrées et plats composés;237.0;6.88;22.6;12.7;;1.14
25584;Nem ou pâté impérial, aux crevettes et/ou au crabe, préemballé, cuit;entrées et plats composés;213.0;7.44;23.7;9.2;;1.2
25674;Nem ou pâté impérial, préemballé, cuit (aliment moyen);entrées et plats composés;216.0;7.45;22.4;10.0;;1.18
26266;Croissant au jambon fromage, préemballé;entrées et plats composés;258.0;8.92;22.0;14.5;;1.28
13004;Avocat, chair sans peau, sans noyau, cru;fruits, légumes, légumineuses et oléagineux;203.0;1.56;;20.6;;0.015
13128;Chayote ou christophine ou chouchou, crue;fruits, légumes, légumineuses et oléagineux;19.1;0.82;2.8;0.13;;0.005
15029;Graine germée de luzerne, crue;fruits, légumes, légumineuses et oléagineux;29.2;3.99;0.81;0.69;;0.015
20004;Bette ou blette, côte (sans feuille), crue;fruits, légumes, légumineuses et oléagineux;12.8;1.0;1.63;0.5;;0.57
20009;Carotte, crue;fruits, légumes, légumineuses et oléagineux;30.2;0.78;5.16;0.5;;0.12
20010;Champignon, tout type, cru;fruits, légumes, légumineuses et oléagineux;24.3;2.42;2.25;0.34;;0.012
20012;Salade ou chicorée frisée, crue;fruits, légumes, légumineuses et oléagineux;26.0;1.7;2.13;0.3;;0.11
20014;Chou rouge, cru;fruits, légumes, légumineuses et oléagineux;26.4;1.13;4.33;0.5;;0.035
20016;Chou-fleur, cru;fruits, légumes, légumineuses et oléagineux;24.9;1.81;2.13;0.7;;0.015
20019;Concombre, chair et peau, cru;fruits, légumes, légumineuses et oléagineux;16.8;0.65;2.87;0.11;;0.012
20020;Courgette, chair et peau, crue;fruits, légumes, légumineuses et oléagineux;16.7;1.21;1.75;0.32;;0.02
20022;Cresson de fontaine, cru;fruits, légumes, légumineuses et oléagineux;15.5;2.3;1.11;0.1;;0.1
20023;Céleri branche, cru;fruits, légumes, légumineuses et oléagineux;15.4;0.63;2.41;0.5;;0.2
20026;Endive, crue;fruits, légumes, légumineuses et oléagineux;16.6;1.19;2.83;0.5;;0.013
20028;Fenouil, cru;fruits, légumes, légumineuses et oléagineux;18.2;1.0;2.63;0.5;;0.055
20031;Laitue, crue;fruits, légumes, légumineuses et oléagineux;14.7;1.35;1.22;0.2;;0.021
20034;Oignon, cru;fruits, légumes, légumineuses et oléagineux;39.0;1.1;6.25;0.62;;0.098
20038;Pissenlit, cru;fruits, légumes, légumineuses et oléagineux;48.5;2.7;6.1;0.7;;0.22
20039;Poireau, cru;fruits, légumes, légumineuses et oléagineux;30.4;1.5;4.55;0.3;;0.05
20041;Poivron, vert, jaune ou rouge, cru;fruits, légumes, légumineuses et oléagineux;22.6;0.8;3.5;0.27;;0.021
20044;Potiron, cru;fruits, légumes, légumineuses et oléagineux;20.1;1.05;3.5;0.1;;0.003
20045;Radis rouge, cru;fruits, légumes, légumineuses et oléagineux;11.0;0.94;1.53;0.5;;0.04
20052;Artichaut, cru;fruits, légumes, légumineuses et oléagineux;45.4;3.27;4.84;0.15;;0.24
20053;Aubergine, crue;fruits, légumes, légumineuses et oléagineux;22.9;0.98;2.7;0.18;;0.005
20054;Cardon, cru;fruits, légumes, légumineuses et oléagineux;13.7;0.7;1.7;0.1;;0.43
20055;Céleri-rave, cru;fruits, légumes, légumineuses et oléagineux;26.3;1.38;3.98;0.5;;0.085
20056;Champignon de Paris ou champignon de couche, cru;fruits, légumes, légumineuses et oléagineux;21.0;2.11;1.83;0.36;;0.098
20057;Brocoli, cru;fruits, légumes, légumineuses et oléagineux;31.9;2.9;2.15;0.36;;0.075
20058;Chou de Bruxelles, cru;fruits, légumes, légumineuses et oléagineux;43.9;3.38;4.59;0.3;;0.063
20059;Épinard, cru;fruits, légumes, légumineuses et oléagineux;33.3;2.68;3.06;0.39;;0.2
20061;Haricot vert, cru;fruits, légumes, légumineuses et oléagineux;31.9;1.83;4.14;0.22;;0.015
20064;Navet, pelé, cru;fruits, légumes, légumineuses et oléagineux;25.6;0.9;4.39;0.1;;0.17
20065;Chou-rave, cru;fruits, légumes, légumineuses et oléagineux;25.1;1.7;2.44;0.1;;0.05
20069;Chou vert, cru;fruits, légumes, légumineuses et oléagineux;24.4;1.43;2.74;0.14;;0.051
20070;Haricot vert, surgelé, cru;fruits, légumes, légumineuses et oléagineux;33.1;1.79;4.76;0.21;;0.007
20072;Petits pois, crus;fruits, légumes, légumineuses et oléagineux;81.2;5.42;11.4;0.4;;0.013
20082;Chou-fleur, surgelé, cru;fruits, légumes, légumineuses et oléagineux;25.1;2.01;2.5;0.27;;0.06
20083;Epinard, haché ou purée ou en branches, surgelé, cru;fruits, légumes, légumineuses et oléagineux;28.0;3.32;1.0;0.54;;0.14
20084;Petits pois, surgelés, crus;fruits, légumes, légumineuses et oléagineux;77.9;5.86;9.5;0.4;;0.18
20085;Poivron vert, cru;fruits, légumes, légumineuses et oléagineux;22.5;0.81;3.43;0.5;;0.013
20087;Poivron rouge, cru;fruits, légumes, légumineuses et oléagineux;33.6;1.06;5.98;0.5;;0.013
20089;Radis noir, cru;fruits, légumes, légumineuses et oléagineux;28.2;0.94;5.52;0.3;;0.058
20090;Scarole, crue;fruits, légumes, légumineuses et oléagineux;20.5;1.44;2.0;0.23;;0.036
20091;Betterave rouge, crue;fruits, légumes, légumineuses et oléagineux;40.2;1.61;6.34;0.17;;0.2
20097;Échalote, crue;fruits, légumes, légumineuses et oléagineux;61.7;1.81;12.2;0.5;;0.013
20099;Mâche, crue;fruits, légumes, légumineuses et oléagineux;15.0;2.0;0.5;0.5;;0.013
20101;Légumes, mélange surgelé, crus;fruits, légumes, légumineuses et oléagineux;65.1;2.26;5.71;2.65;;0.6
20103;Champignon, chanterelle ou girolle, crue;fruits, légumes, légumineuses et oléagineux;24.7;1.49;1.77;0.53;;0.023
20105;Champignon, morille, crue;fruits, légumes, légumineuses et oléagineux;23.5;3.12;0.1;0.57;;0.053
20108;Maïs doux, en épis, surgelé, cru;fruits, légumes, légumineuses et oléagineux;97.4;3.36;17.0;1.19;;0.01
20111;Oseille, crue;fruits, légumes, légumineuses et oléagineux;23.4;1.89;1.6;0.65;;0.009
20114;Champignon, pleurote, crue;fruits, légumes, légumineuses et oléagineux;26.8;3.31;1.5;0.41;;0.045
20116;Chou blanc, cru;fruits, légumes, légumineuses et oléagineux;35.2;1.38;4.63;0.6;;0.033
20119;Tomate verte, crue;fruits, légumes, légumineuses et oléagineux;24.8;1.2;4.0;0.2;;0.033
20123;Batavia, crue;fruits, légumes, légumineuses et oléagineux;14.9;1.25;1.78;0.5;;0.015
20128;Courge musquée, chair sans peau, crue;fruits, légumes, légumineuses et oléagineux;23.5;0.55;4.6;0.1;;
20132;Potimarron, chair sans peau, cru;fruits, légumes, légumineuses et oléagineux;22.1;0.95;3.1;0.28;;0.074
20134;Courge hokkaïdo, chair sans peau, crue;fruits, légumes, légumineuses et oléagineux;56.1;1.4;9.98;0.6;;
20136;Courge melonnette, chair sans peau, crue;fruits, légumes, légumineuses et oléagineux;30.8;0.75;5.98;0.13;;
20138;Courge butternut (doubeurre), chair sans peau, crue;fruits, légumes, légumineuses et oléagineux;30.5;1.0;5.4;0.1;;0.01
20139;Courge, crue;fruits, légumes, légumineuses et oléagineux;14.4;0.95;1.6;0.13;;0.01
20145;Courge spaghetti, chair sans peau, crue;fruits, légumes, légumineuses et oléagineux;32.3;0.64;5.41;0.57;;0.043
20151;Piment, cru;fruits, légumes, légumineuses et oléagineux;37.4;1.87;5.75;0.44;;0.023
20160;Champignon, cèpe, cru;fruits, légumes, légumineuses et oléagineux;28.8;3.23;2.0;0.49;;0.048
20162;Chicorée rouge, crue;fruits, légumes, légumineuses et oléagineux;18.9;1.4;1.6;0.1;;0.018
20163;Chicorée verte, crue;fruits, légumes, légumineuses et oléagineux;16.1;1.9;0.5;0.5;;0.041
20166;Citrouille, chair sans peau, crue;fruits, légumes, légumineuses et oléagineux;29.7;1.0;5.79;0.1;;0.003
20167;Chou chinois pé-tsaï, cru;fruits, légumes, légumineuses et oléagineux;16.4;1.25;2.1;0.2;;0.023
20168;Poivron jaune, cru;fruits, légumes, légumineuses et oléagineux;29.4;0.94;4.73;0.3;;0.013
20171;Laitue romaine, crue;fruits, légumes, légumineuses et oléagineux;17.2;1.23;1.35;0.3;;0.02
20172;Tomate cerise, crue;fruits, légumes, légumineuses et oléagineux;31.8;1.31;5.62;0.5;;0.013
20173;Pois mange-tout ou pois gourmand, cru;fruits, légumes, légumineuses et oléagineux;43.0;2.8;6.2;0.2;;0.01
20181;Panais, cru;fruits, légumes, légumineuses et oléagineux;67.9;1.2;12.6;0.3;;0.025
20183;"Graine germée de haricot mungo ou pousse de ""soja"", crue";fruits, légumes, légumineuses et oléagineux;28.3;2.81;3.4;0.5;;0.043
20192;Tomate côtelée ou coeur de boeuf, crue;fruits, légumes, légumineuses et oléagineux;17.4;0.5;3.4;0.5;;0.013
20195;Haricot beurre, cru;fruits, légumes, légumineuses et oléagineux;37.6;1.82;5.6;0.12;;0.015
20197;Salsifis noir, ou scorsonère d'Espagne, cru;fruits, légumes, légumineuses et oléagineux;83.0;3.13;15.3;0.3;;0.011
20198;Bambou, pousse, crue;fruits, légumes, légumineuses et oléagineux;29.1;2.6;2.57;0.3;;0.01
20199;Cresson alénois, cru;fruits, légumes, légumineuses et oléagineux;23.8;2.6;1.22;0.7;;0.035
20200;Laitue iceberg, crue;fruits, légumes, légumineuses et oléagineux;17.3;0.95;2.5;0.14;;0.016
20201;Rutabaga, cru;fruits, légumes, légumineuses et oléagineux;33.2;1.08;5.7;0.16;;0.03
20203;Haricot beurre, surgelé, cru;fruits, légumes, légumineuses et oléagineux;33.1;1.8;4.59;0.21;;0.007
20204;Brocoli, surgelé, cru;fruits, légumes, légumineuses et oléagineux;26.4;2.78;1.5;0.42;;0.046
20206;Chou de Bruxelles, surgelé, cru;fruits, légumes, légumineuses et oléagineux;45.2;3.78;4.69;0.41;;0.025
20208;Carotte, surgelée, crue;fruits, légumes, légumineuses et oléagineux;33.6;0.78;4.95;0.46;;0.17
20210;Concombre, chair sans peau, cru;fruits, légumes, légumineuses et oléagineux;11.1;0.56;2.23;0.5;;0.013
20214;Petits pois et carottes, surgelés, crus;fruits, légumes, légumineuses et oléagineux;53.0;3.4;7.1;0.47;;0.2
20217;Roquette, crue;fruits, légumes, légumineuses et oléagineux;27.9;2.58;2.1;0.66;;0.068
20218;Chou frisé, cru;fruits, légumes, légumineuses et oléagineux;49.5;4.28;4.2;0.93;;0.095
20228;Champignon de Paris ou champignon de couche, surgelé, cru;fruits, légumes, légumineuses et oléagineux;16.1;1.87;0.93;0.2;;0.02
20230;Courgette, chair et peau, surgelée, crue;fruits, légumes, légumineuses et oléagineux;16.5;1.08;2.0;0.13;;0.028
20231;Crosne, surgelé, cru;fruits, légumes, légumineuses et oléagineux;51.8;7.38;5.51;0.03;;0.003
20232;Artichaut, fond, surgelé, cru;fruits, légumes, légumineuses et oléagineux;54.5;1.89;7.02;0.42;;0.18
20233;Maïs doux, surgelé, cru;fruits, légumes, légumineuses et oléagineux;105.0;3.28;19.8;0.78;;0.013
20234;Navet, surgelé, cru;fruits, légumes, légumineuses et oléagineux;20.4;1.04;2.8;0.16;;0.063
20235;Oignon, surgelé, cru;fruits, légumes, légumineuses et oléagineux;30.3;0.89;5.22;0.06;;0.025
20236;Poireau, surgelé, cru;fruits, légumes, légumineuses et oléagineux;26.6;1.48;3.37;0.26;;0.018
20237;Salsifis, surgelé, cru;fruits, légumes, légumineuses et oléagineux;41.1;2.34;4.68;0.16;;0.043
20238;Oignon rouge, cru;fruits, légumes, légumineuses et oléagineux;35.0;1.31;5.63;0.4;;0.013
20239;Oignon jaune, cru;fruits, légumes, légumineuses et oléagineux;35.9;1.19;6.39;0.5;;0.013
20263;Légumes pour potages, surgelés, crus;fruits, légumes, légumineuses et oléagineux;33.9;1.33;5.83;0.0;;0.038
20265;Julienne ou brunoise de légumes, surgelée, crue;fruits, légumes, légumineuses et oléagineux;27.9;1.19;4.08;0.25;;0.1
20266;Légumes pour ratatouille, surgelés;fruits, légumes, légumineuses et oléagineux;21.0;1.01;3.23;0.089;;0.082
20267;Printanière ou jardinière de légumes, surgelée, crue (petits pois, pommes de terre, haricots verts, carottes, oignon);fruits, légumes, légumineuses et oléagineux;51.3;2.4;8.48;0.078;;0.042
20269;Haricot plat, cru;fruits, légumes, légumineuses et oléagineux;32.4;1.93;4.47;0.12;;0.035
20270;Épinard, jeunes pousses pour salades, cru;fruits, légumes, légumineuses et oléagineux;17.0;2.06;;0.4;;0.063
20272;Mesclun ou salade, mélange de jeunes pousses;fruits, légumes, légumineuses et oléagineux;22.0;2.0;2.5;0.0;;0.048
20276;Tomate ronde, crue;fruits, légumes, légumineuses et oléagineux;17.5;0.5;3.42;0.5;;0.013
20279;Asperge, verte, crue;fruits, légumes, légumineuses et oléagineux;24.7;2.46;2.03;0.27;;0.014
20280;Chou romanesco ou brocoli à pomme, cru;fruits, légumes, légumineuses et oléagineux;29.7;2.95;2.2;0.3;;0.058
20282;Asperge, blanche ou violette, pelée, crue;fruits, légumes, légumineuses et oléagineux;21.0;2.2;1.62;0.12;;0.005
20283;Salicorne (Salicornia sp.), crue;fruits, légumes, légumineuses et oléagineux;13.1;1.02;0.98;0.17;;2.96
20288;Salade sucrine, crue;fruits, légumes, légumineuses et oléagineux;16.6;1.13;2.58;0.3;;0.013
20295;Salade feuille de chêne, crue;fruits, légumes, légumineuses et oléagineux;10.7;1.13;1.03;0.5;;0.023
20340;Chou chinois pak choï ou pak choy (feuilles vertes ressemblant à des blettes), cru;fruits, légumes, légumineuses et oléagineux;14.6;1.5;1.2;0.2;;0.16
20345;Tomate allongée, crue;fruits, légumes, légumineuses et oléagineux;18.8;;3.29;;;
20346;Chou kale, cru;fruits, légumes, légumineuses et oléagineux;34.6;2.92;0.32;1.49;;0.13
20385;Tomate sans précision, crue (aliment moyen);fruits, légumes, légumineuses et oléagineux;19.2;0.6;3.69;0.5;;0.013
20496;Légumes pour couscous, surgelés, crus;fruits, légumes, légumineuses et oléagineux;44.3;1.93;6.47;0.63;;0.12
20521;Graine germée de lentille, fraîche, crue;fruits, légumes, légumineuses et oléagineux;123.0;8.96;19.0;0.55;;0.028
20584;Tomate grappe, crue;fruits, légumes, légumineuses et oléagineux;19.8;0.5;3.67;0.5;;0.013
25604;Salade verte, crue, sans assaisonnement;fruits, légumes, légumineuses et oléagineux;13.5;1.01;1.5;0.1;;0.046
25616;Crudité, sans assaisonnement (aliment moyen);fruits, légumes, légumineuses et oléagineux;27.7;0.91;3.06;1.15;;0.033
53100;Banane plantain, crue;fruits, légumes, légumineuses et oléagineux;132.0;1.3;29.6;0.37;;0.01
58100;Gombo, fruit, cru;fruits, légumes, légumineuses et oléagineux;31.0;1.93;3.8;0.19;;0.018
13177;Chayote ou christophine ou chouchou, bouillie/cuite à l'eau;fruits, légumes, légumineuses et oléagineux;21.6;0.62;2.29;0.48;;0.003
19999;Poivron, vert, jaune ou rouge, cuit (aliment moyen);fruits, légumes, légumineuses et oléagineux;33.0;1.11;5.42;0.33;;0.005
20000;Artichaut, cuit;fruits, légumes, légumineuses et oléagineux;33.2;2.53;0.99;0.28;;0.15
20002;Aubergine, cuite;fruits, légumes, légumineuses et oléagineux;27.1;0.83;4.17;0.23;;0.003
20003;Betterave rouge, cuite;fruits, légumes, légumineuses et oléagineux;41.5;1.44;7.13;0.4;;0.23
20005;Bette ou blette, côte (sans feuille), cuite;fruits, légumes, légumineuses et oléagineux;11.2;0.7;1.23;0.5;;0.25
20007;Carotte, appertisée, égouttée;fruits, légumes, légumineuses et oléagineux;21.8;0.7;3.29;0.19;;0.57
20011;Champignon, tout type, appertisé, égoutté;fruits, légumes, légumineuses et oléagineux;24.9;1.87;2.56;0.29;;1.06
20015;Chou vert, cuit;fruits, légumes, légumineuses et oléagineux;24.1;1.03;3.04;0.45;;0.098
20017;Chou-fleur, bouilli/cuit à l'eau;fruits, légumes, légumineuses et oléagineux;20.9;1.6;1.6;0.46;;0.098
20018;Coeur de palmier, appertisé, égoutté;fruits, légumes, légumineuses et oléagineux;41.5;2.51;5.5;0.56;;0.81
20021;Courgette, chair et peau, cuite;fruits, légumes, légumineuses et oléagineux;15.5;0.93;1.4;0.36;;0.098
20025;Céleri-rave, cuit;fruits, légumes, légumineuses et oléagineux;36.5;1.3;4.6;0.86;;0.15
20027;Épinard, cuit;fruits, légumes, légumineuses et oléagineux;19.6;3.2;0.25;0.14;;0.069
20029;"Graine germée de haricot mungo ou pousse de ""soja"", appertisée, égouttée";fruits, légumes, légumineuses et oléagineux;22.4;1.63;2.57;0.15;;0.5
20030;Haricot vert, cuit;fruits, légumes, légumineuses et oléagineux;29.4;2.0;3.0;0.17;;0.4
20033;Navet, cuit;fruits, légumes, légumineuses et oléagineux;25.0;0.9;3.8;0.2;;0.073
20035;Oignon, cuit;fruits, légumes, légumineuses et oléagineux;34.6;1.3;6.2;0.2;;0.021
20036;Petits pois, appertisés, égouttés;fruits, légumes, légumineuses et oléagineux;92.5;4.87;13.7;0.8;;0.65
20037;Petits pois, cuits;fruits, légumes, légumineuses et oléagineux;61.4;5.8;4.7;0.87;;0.018
20046;Salsifis, cuit;fruits, légumes, légumineuses et oléagineux;67.7;2.73;12.3;0.17;;0.04
20048;Tomate, pelée, appertisée, égouttée;fruits, légumes, légumineuses et oléagineux;16.4;0.9;1.61;0.28;;0.33
20049;Maïs doux, en épis, cuit;fruits, légumes, légumineuses et oléagineux;106.0;3.41;18.6;1.5;;0.003
20051;Macédoine de légumes, appertisée, égouttée;fruits, légumes, légumineuses et oléagineux;40.4;2.32;5.59;0.28;;0.61
20060;Épinard, appertisé, égoutté;fruits, légumes, légumineuses et oléagineux;24.5;2.81;0.93;0.5;;0.81
20062;Haricot vert, appertisé, égoutté;fruits, légumes, légumineuses et oléagineux;23.2;1.34;2.07;0.32;;0.65
20063;Haricot beurre, appertisé, égoutté;fruits, légumes, légumineuses et oléagineux;23.2;1.2;3.25;0.2;;0.67
20066;Maïs doux, appertisé, égoutté;fruits, légumes, légumineuses et oléagineux;105.0;2.66;18.3;1.68;;0.59
20067;Artichaut, appertisé, égoutté;fruits, légumes, légumineuses et oléagineux;39.8;1.5;6.5;0.2;;0.8
20068;Tomate, concentré, appertisé;fruits, légumes, légumineuses et oléagineux;99.2;4.4;17.1;0.53;;0.27
20071;Haricot vert, surgelé, cuit;fruits, légumes, légumineuses et oléagineux;33.7;1.49;5.1;0.17;;0.003
20074;Artichaut, cuit à la vapeur sous pression;fruits, légumes, légumineuses et oléagineux;46.4;2.63;3.24;0.3;;0.068
20076;Asperge, appertisée, égouttée;fruits, légumes, légumineuses et oléagineux;20.3;1.57;1.2;0.65;;0.72
20077;Chou de Bruxelles, appertisé, égoutté;fruits, légumes, légumineuses et oléagineux;37.8;2.5;4.1;0.53;;0.57
20078;Céleri branche, appertisé, égoutté;fruits, légumes, légumineuses et oléagineux;13.1;0.63;1.38;0.15;;0.54
20079;Champignon de Paris ou champignon de couche, appertisé, égoutté;fruits, légumes, légumineuses et oléagineux;18.3;2.0;0.64;0.37;;0.63
20081;Salsifis, appertisé, égoutté;fruits, légumes, légumineuses et oléagineux;29.2;1.33;4.33;0.17;;0.64
20086;Poivron vert, cuit;fruits, légumes, légumineuses et oléagineux;17.3;0.92;2.36;0.2;;0.005
20088;Poivron rouge, cuit;fruits, légumes, légumineuses et oléagineux;37.9;1.17;6.41;0.35;;0.005
20093;Petits pois et carottes, appertisés, égouttés;fruits, légumes, légumineuses et oléagineux;53.8;2.52;8.58;0.37;;0.62
20094;Chou-rave, bouilli/cuit à l'eau;fruits, légumes, légumineuses et oléagineux;28.0;1.8;4.4;0.11;;0.053
20095;Chou rouge, bouilli/cuit à l'eau;fruits, légumes, légumineuses et oléagineux;25.3;1.51;3.32;0.09;;0.07
20096;Potiron, cuit;fruits, légumes, légumineuses et oléagineux;26.1;0.81;4.47;0.07;;0.01
20102;Champignon de Paris ou champignon de couche, bouilli/cuit à l'eau;fruits, légumes, légumineuses et oléagineux;28.7;2.17;3.0;0.47;;0.005
20118;Fenouil, bouilli/cuit à l'eau;fruits, légumes, légumineuses et oléagineux;11.7;1.13;0.8;0.1;;0.15
20124;Petits pois, surgelés, cuits;fruits, légumes, légumineuses et oléagineux;65.8;5.15;7.95;0.27;;0.18
20125;Champignon de Paris ou champignon de couche, sauté/poêlé, sans matière grasse;fruits, légumes, légumineuses et oléagineux;38.4;4.44;4.53;0.6;;0.028
20135;Fondue de poireau, préemballée;fruits, légumes, légumineuses et oléagineux;58.4;1.1;;5.2;;0.5
20137;Tomate, pelée, appertisée, au jus, non égouttée;fruits, légumes, légumineuses et oléagineux;21.8;0.79;3.15;0.25;;0.025
20141;Courge butternut (doubeurre), chair sans peau, bouillie/cuite à l'eau;fruits, légumes, légumineuses et oléagineux;28.2;0.69;4.56;0.2;;0.01
20143;Courge spaghetti, chair sans peau, cuite;fruits, légumes, légumineuses et oléagineux;28.0;0.66;5.06;0.26;;0.045
20155;Artichaut, coeur, appertisé, égoutté;fruits, légumes, légumineuses et oléagineux;24.2;1.8;2.31;0.5;;0.78
20156;Artichaut, fond, appertisé, égoutté;fruits, légumes, légumineuses et oléagineux;23.4;1.2;3.02;0.5;;0.73
20158;Tétragone cornue, cuite;fruits, légumes, légumineuses et oléagineux;13.5;1.3;1.0;0.17;;0.27
20165;Rutabaga, cuit;fruits, légumes, légumineuses et oléagineux;26.0;0.93;4.26;0.18;;0.013
20169;Tomate, chair, appertisée;fruits, légumes, légumineuses et oléagineux;22.6;1.2;3.63;0.5;;0.068
20170;Tomate, purée, appertisée;fruits, légumes, légumineuses et oléagineux;47.6;1.5;8.42;0.2;;0.42
20188;Bambou, pousses, appertisées, égouttées;fruits, légumes, légumineuses et oléagineux;19.3;1.63;1.9;0.31;;0.19
20212;Champignon, lentin comestible ou shiitaké, cuit;fruits, légumes, légumineuses et oléagineux;60.9;1.56;12.3;0.22;;0.01
20216;Pois mange-tout ou pois gourmand, bouilli/cuit à l'eau;fruits, légumes, légumineuses et oléagineux;30.9;2.25;3.39;0.3;;0.013
20219;Chou frisé, cuit;fruits, légumes, légumineuses et oléagineux;29.7;1.9;3.63;0.4;;0.058
20221;Chou chinois pé-tsaï, sauté/poêlé;fruits, légumes, légumineuses et oléagineux;18.9;1.06;2.77;0.5;;0.043
20241;Cardon, cuit;fruits, légumes, légumineuses et oléagineux;22.0;0.76;3.63;0.11;;0.44
20242;Tomate, chair et peau, bouillie/cuite à l'eau;fruits, légumes, légumineuses et oléagineux;17.4;0.95;2.8;0.11;;0.028
20243;Pois mange-tout ou pois gourmands, cuits;fruits, légumes, légumineuses et oléagineux;47.3;3.5;5.92;0.38;;0.013
20255;Échalote, cuite;fruits, légumes, légumineuses et oléagineux;69.3;2.13;13.5;0.5;;0.031
20257;Haricots verts, purée;fruits, légumes, légumineuses et oléagineux;56.3;1.7;4.2;2.9;;0.36
20258;Légumes (3-4 sortes en mélange), purée;fruits, légumes, légumineuses et oléagineux;61.2;1.94;4.25;3.4;;0.63
20259;Brocoli, purée;fruits, légumes, légumineuses et oléagineux;29.0;2.5;2.75;0.38;;0.02
20260;Tomate, coulis, appertisé (purée de tomates mi-réduite à 11%);fruits, légumes, légumineuses et oléagineux;45.5;2.05;7.57;0.2;;0.88
20261;Carotte, purée;fruits, légumes, légumineuses et oléagineux;30.1;0.88;5.06;0.3;;0.13
20264;Courgette, purée;fruits, légumes, légumineuses et oléagineux;57.3;2.8;6.5;1.9;;0.6
20268;Tomate, double concentré, appertisé;fruits, légumes, légumineuses et oléagineux;99.5;3.75;19.3;0.47;;0.93
20271;Macédoine de légumes, précuite, à finir de cuire, surgelée;fruits, légumes, légumineuses et oléagineux;62.4;4.0;7.5;0.5;;0.045
20275;Poivron rouge, appertisé, égoutté;fruits, légumes, légumineuses et oléagineux;26.3;0.96;4.5;0.2;;0.17
20277;Asperge blanche, bouillie/cuite à l'eau;fruits, légumes, légumineuses et oléagineux;17.3;1.44;1.63;0.3;;0.013
20278;Céleri-rave, purée;fruits, légumes, légumineuses et oléagineux;26.2;1.37;2.83;0.18;;0.12
20284;Petits pois, purée;fruits, légumes, légumineuses et oléagineux;86.0;4.8;8.0;2.8;;0.74
20289;Tomate, chair et peau, rôtie/cuite au four;fruits, légumes, légumineuses et oléagineux;24.0;1.0;3.53;0.4;;0.013
20290;Chou romanesco ou brocoli à pomme, cuit;fruits, légumes, légumineuses et oléagineux;34.5;3.0;2.03;0.8;;0.013
20291;Potimarron, chair sans peau, cuit à l'étouffée;fruits, légumes, légumineuses et oléagineux;44.2;1.31;7.05;0.5;;0.013
20292;Courge butternut (doubeurre), chair sans peau, cuite;fruits, légumes, légumineuses et oléagineux;28.9;1.06;5.24;0.5;;0.013
20298;Carotte, purée cuisinée à la crème, préemballée;fruits, légumes, légumineuses et oléagineux;43.7;1.44;4.57;1.6;;0.53
20299;Asperge verte, bouillie/cuite à l'eau;fruits, légumes, légumineuses et oléagineux;25.3;2.69;1.73;0.3;;0.013
20300;Aubergine, chair et peau, rôtie/cuite au four;fruits, légumes, légumineuses et oléagineux;31.1;1.31;3.83;0.3;;0.013
20301;Bette ou blette, côte et feuille, bouillie/cuite à l'eau;fruits, légumes, légumineuses et oléagineux;15.6;0.88;1.43;0.3;;0.19
20302;Brocoli, bouilli/cuit à l'eau, croquant;fruits, légumes, légumineuses et oléagineux;22.2;2.5;1.23;0.4;;0.043
20303;Brocoli, bouilli/cuit à l'eau, fondant;fruits, légumes, légumineuses et oléagineux;21.8;2.19;1.03;0.5;;0.033
20304;Brocoli, cuit à la vapeur;fruits, légumes, légumineuses et oléagineux;38.0;4.13;2.53;0.7;;0.04
20305;Carotte, bouillie/cuite à l'eau, croquante;fruits, légumes, légumineuses et oléagineux;33.1;0.75;6.33;0.3;;0.11
20306;Carotte, bouillie/cuite à l'eau, fondante;fruits, légumes, légumineuses et oléagineux;29.6;0.25;5.73;0.3;;0.12
20307;Carotte, cuite à la vapeur;fruits, légumes, légumineuses et oléagineux;40.3;0.63;7.33;0.3;;0.11
20308;Chou blanc, bouilli/cuit à l'eau;fruits, légumes, légumineuses et oléagineux;20.8;1.0;3.23;0.3;;0.018
20309;Chou de Bruxelles, bouilli/cuit à l'eau;fruits, légumes, légumineuses et oléagineux;44.4;3.19;5.4;0.3;;0.023
20310;Chou rouge, cuit à l'étouffée;fruits, légumes, légumineuses et oléagineux;33.9;1.19;5.7;0.3;;0.033
20311;Chou vert, bouilli/cuit à l'eau;fruits, légumes, légumineuses et oléagineux;19.0;1.63;1.83;0.3;;0.013
20312;Chou-fleur, cuit à la vapeur;fruits, légumes, légumineuses et oléagineux;30.5;2.56;3.41;0.3;;0.013
20313;Courgette, chair et peau, rôtie/cuite au four;fruits, légumes, légumineuses et oléagineux;20.3;1.5;3.13;0.3;;0.013
20314;Céleri branche, cuit à l'étouffée;fruits, légumes, légumineuses et oléagineux;14.7;0.75;2.48;0.3;;0.35
20315;Céleri rave, bouilli/cuit à l'eau;fruits, légumes, légumineuses et oléagineux;26.2;0.94;4.32;0.3;;0.093
20316;Endive, rôtie/cuite au four;fruits, légumes, légumineuses et oléagineux;22.0;1.13;4.38;0.3;;0.013
20317;Fenouil, cuit à l'étouffée;fruits, légumes, légumineuses et oléagineux;11.8;0.25;1.94;0.3;;0.028
20318;Haricot beurre, bouilli/cuit à l'eau;fruits, légumes, légumineuses et oléagineux;35.0;2.19;4.45;0.3;;0.013
20320;Haricot vert, bouilli/cuit à l'eau;fruits, légumes, légumineuses et oléagineux;27.0;1.75;3.39;0.3;;0.013
20321;Navet, bouilli/cuit à l'eau;fruits, légumes, légumineuses et oléagineux;18.4;0.75;3.23;0.3;;0.025
20322;Oignon blanc ou jaune, sauté/poêlé sans matière grasse;fruits, légumes, légumineuses et oléagineux;39.2;1.56;6.73;0.3;;0.013
20323;Oignon nouveau ou oignon frais ou cébette, sauté/poêlé sans matière grasse;fruits, légumes, légumineuses et oléagineux;28.0;1.13;3.56;0.3;;0.013
20324;Oignon rouge, sauté/poêlé;fruits, légumes, légumineuses et oléagineux;41.5;1.69;7.55;0.3;;0.013
20325;Panais, cuit à l'étouffée;fruits, légumes, légumineuses et oléagineux;91.2;1.94;16.6;0.5;;0.018
20326;Petits pois, bouillis/cuits à l'eau;fruits, légumes, légumineuses et oléagineux;80.7;6.38;9.93;0.6;;0.023
20327;Poireau, bouilli/cuit à l'eau;fruits, légumes, légumineuses et oléagineux;24.7;2.56;2.23;0.3;;0.013
20328;Poivron jaune, sauté/poêlé;fruits, légumes, légumineuses et oléagineux;34.5;1.0;5.33;0.6;;0.013
20329;Poivron rouge, sauté/poêlé;fruits, légumes, légumineuses et oléagineux;33.0;0.94;6.53;0.3;;0.013
20330;Poivron vert, sauté/poêlé;fruits, légumes, légumineuses et oléagineux;27.3;1.25;3.53;0.3;;0.013
20331;Potimarron, chair sans peau, bouilli/cuit à l'eau;fruits, légumes, légumineuses et oléagineux;38.6;1.06;6.88;0.3;;0.013
20332;Potiron, rôti/cuit au four;fruits, légumes, légumineuses et oléagineux;28.2;0.25;5.66;0.3;;0.013
20333;Salsifis, bouilli/cuit à l'eau;fruits, légumes, légumineuses et oléagineux;56.9;2.63;9.29;0.3;;0.02
20335;Échalote, sautée/poêlée sans matière grasse;fruits, légumes, légumineuses et oléagineux;67.3;2.0;12.3;0.4;;0.013
20336;Épinard, bouilli/cuit à l'eau;fruits, légumes, légumineuses et oléagineux;26.8;3.38;;0.7;;0.03
20339;Chou chinois pak choï ou pak choy (feuilles vertes ressemblant à des blettes), cuit;fruits, légumes, légumineuses et oléagineux;12.8;1.56;0.78;0.16;;0.085
20349;Asperge, bouillie/cuite à l'eau (aliment moyen);fruits, légumes, légumineuses et oléagineux;20.7;1.97;1.67;0.3;;0.01
20350;Brocoli, bouilli/cuit à l'eau (aliment moyen);fruits, légumes, légumineuses et oléagineux;21.8;2.19;1.03;0.5;;0.033
20351;Brocoli, cuit (aliment moyen);fruits, légumes, légumineuses et oléagineux;30.0;3.17;1.79;0.6;;0.036
20352;Carotte, bouillie/cuite à l'eau (aliment moyen);fruits, légumes, légumineuses et oléagineux;29.6;0.25;5.73;0.3;;0.12
20353;Carotte, cuite (aliment moyen);fruits, légumes, légumineuses et oléagineux;33.0;0.37;6.24;0.2;;0.11
20354;Céleri branche, cuit (aliment moyen);fruits, légumes, légumineuses et oléagineux;13.1;0.63;1.38;0.15;;0.54
20355;Chou rouge, cuit (aliment moyen);fruits, légumes, légumineuses et oléagineux;31.8;1.26;5.13;0.14;;0.041
20356;Fenouil, cuit (aliment moyen);fruits, légumes, légumineuses et oléagineux;11.8;0.36;1.8;0.27;;0.043
20357;Potimarron, chair sans peau, cuit (aliment moyen);fruits, légumes, légumineuses et oléagineux;38.6;1.06;6.88;0.3;;0.013
20358;Tomate, chair et peau, cuite (aliment moyen);fruits, légumes, légumineuses et oléagineux;19.8;0.97;3.06;0.21;;0.02
20497;Légumes pour couscous, cuits;fruits, légumes, légumineuses et oléagineux;29.6;1.58;3.87;0.42;;0.59
20499;Légume cuit (aliment moyen);fruits, légumes, légumineuses et oléagineux;28.7;1.68;3.67;0.3;;0.11
20590;Crosne, cuit;fruits, légumes, légumineuses et oléagineux;49.0;2.13;9.11;0.5;;0.013
58103;Gombo, fruit, cuit;fruits, légumes, légumineuses et oléagineux;22.4;1.87;2.01;0.21;;0.015
20092;Carotte, déshydratée;fruits, légumes, légumineuses et oléagineux;317.0;8.1;56.0;1.49;;0.69
20180;Oignon, séché;fruits, légumes, légumineuses et oléagineux;355.0;8.95;74.1;0.46;;0.053
20211;Champignon, lentin comestible ou shiitaké, séché;fruits, légumes, légumineuses et oléagineux;316.0;9.58;63.9;0.99;;0.033
20812;Farine de pulpe de patate douce, prélevée à la Martinique;fruits, légumes, légumineuses et oléagineux;223.0;;50.1;;;
20823;Igname cousse-couche, pulpe, cuit à la vapeur, prélevé à la Martinique;fruits, légumes, légumineuses et oléagineux;88.9;1.65;17.9;0.3;;
20824;Igname jaune, pulpe, cuit à la vapeur, prélevé à la Martinique;fruits, légumes, légumineuses et oléagineux;127.0;2.04;27.6;0.37;;
20825;Igname saint martin, pulpe, cuit à la vapeur, prélevé à la Martinique;fruits, légumes, légumineuses et oléagineux;93.3;2.25;18.4;0.3;;
20832;Patate douce, pulpe, cuite à la vapeur, prélevée à la Martinique;fruits, légumes, légumineuses et oléagineux;126.0;1.48;25.2;0.067;;
20296;Brèdes chou de Chine ou bok choy ou pak choï, tiges et feuilles, cuites à la vapeur, prélevées à La Réunion (Brassica rapa subsp. Chinensis);fruits, légumes, légumineuses et oléagineux;16.4;1.69;1.7;0.3;;0.038
20297;Chayote ou christophine ou chouchou, chair sans peau, sans noyau, cuite à la vapeur, prélevée à La Réunion (Sechium edule);fruits, légumes, légumineuses et oléagineux;20.9;0.63;3.5;0.3;;0.018
4000;Tapioca ou perles du Japon, cru;fruits, légumes, légumineuses et oléagineux;354.0;0.19;87.8;0.02;;0.003
4002;Pomme de terre, sans peau, rôtie/cuite au four;fruits, légumes, légumineuses et oléagineux;91.9;1.96;20.1;0.1;;0.004
4003;Pomme de terre, bouillie/cuite à l'eau;fruits, légumes, légumineuses et oléagineux;81.0;1.8;16.8;0.34;;0.051
4004;Chips de pommes de terre nature ou aromatisées;fruits, légumes, légumineuses et oléagineux;532.0;6.0;51.0;32.7;;1.35
4007;Pomme de terre nouvelle ou primeur, bouillie/cuite à l'eau;fruits, légumes, légumineuses et oléagineux;71.6;1.44;15.0;0.3;;0.025
4008;Pomme de terre, sans peau, crue;fruits, légumes, légumineuses et oléagineux;80.0;2.02;16.2;0.09;;0.001
4011;Pomme de terre, appertisée, égouttée;fruits, légumes, légumineuses et oléagineux;57.2;1.58;10.7;0.41;;0.15
4013;Pomme de terre noisette, surgelée, à cuire;fruits, légumes, légumineuses et oléagineux;179.0;2.44;25.3;7.02;;0.95
4014;Pomme de terre vapeur, sous vide;fruits, légumes, légumineuses et oléagineux;76.0;1.84;15.8;0.25;;0.14
4015;Pomme de terre poêlée, avec matière grasse;fruits, légumes, légumineuses et oléagineux;137.0;2.5;17.3;5.7;;0.51
4016;Flocons de pomme de terre, au lait ou à la crème, déshydratés;fruits, légumes, légumineuses et oléagineux;376.0;10.0;71.0;3.97;;0.18
4017;Purée de pomme de terre, à base de flocons, reconstituée avec lait entier et matière grasse;fruits, légumes, légumineuses et oléagineux;107.0;1.92;12.6;5.18;;0.56
4018;Purée de pomme de terre, avec lait et beurre, sans sel ajouté;fruits, légumes, légumineuses et oléagineux;94.8;1.87;15.7;2.4;;0.11
4019;Purée de pomme de terre, à base de flocons, reconstituée avec lait demi-écrémé et eau, non salée;fruits, légumes, légumineuses et oléagineux;68.5;2.63;12.4;0.53;;0.23
4020;Pomme de terre dauphine, surgelée, à cuire;fruits, légumes, légumineuses et oléagineux;242.0;4.25;19.7;15.7;;1.15
4021;Pomme de terre dauphine, surgelée, cuite;fruits, légumes, légumineuses et oléagineux;302.0;4.5;30.2;17.7;;1.32
4022;Flocons de pomme de terre, nature, déshydratés;fruits, légumes, légumineuses et oléagineux;346.0;8.0;73.5;0.41;;0.55
4023;Pomme de terre nouvelle ou primeur, crue;fruits, légumes, légumineuses et oléagineux;76.4;1.94;15.8;0.3;;0.058
4025;Potatoes ou wedges ou quartiers de pommes de terre épicés, surgelées, cuites;fruits, légumes, légumineuses et oléagineux;175.0;3.25;25.3;5.8;;0.76
4026;Pomme de terre, rôtie/cuite au four;fruits, légumes, légumineuses et oléagineux;91.4;2.5;19.0;0.13;;0.025
4027;Pomme de terre sautée/poêlée/rissolée, préfrite, surgelée, cuite;fruits, légumes, légumineuses et oléagineux;156.0;2.81;23.0;4.8;;0.19
4028;Pomme de terre de conservation, sans peau, bouillie/cuite à l'eau;fruits, légumes, légumineuses et oléagineux;72.6;1.81;15.4;0.5;;0.01
4029;Pomme de terre nouvelle ou primeur, bouillie/cuite à l'eau, sans peau;fruits, légumes, légumineuses et oléagineux;71.1;1.84;14.9;0.1;;
4030;Frites de pommes de terre, surgelées, rôties/cuites au four;fruits, légumes, légumineuses et oléagineux;213.0;3.75;32.6;6.6;;0.39
4032;Frites de pommes de terre, surgelées, cuites en friteuse;fruits, légumes, légumineuses et oléagineux;258.0;3.28;32.7;11.9;;0.073
4034;Pomme de terre duchesse, surgelée, cuite;fruits, légumes, légumineuses et oléagineux;218.0;3.44;29.6;8.5;;0.99
4035;Pomme de terre noisette, surgelée, cuite;fruits, légumes, légumineuses et oléagineux;191.0;2.81;28.4;6.6;;0.87
4036;Pomme de terre sautée/poêlée/rissolée à la graisse de canard;fruits, légumes, légumineuses et oléagineux;200.0;2.44;20.8;11.4;;0.65
4037;Chips de pommes de terre nature ou aromatisées, à l'ancienne;fruits, légumes, légumineuses et oléagineux;551.0;5.62;46.7;36.9;;1.41
4038;Chips de pommes de terre nature ou aromatisées, allégées en matière grasse (et assimilés );fruits, légumes, légumineuses et oléagineux;481.0;6.57;61.4;22.1;;1.08
4039;Rostis ou galette de pomme de terre;fruits, légumes, légumineuses et oléagineux;182.0;2.38;22.5;8.3;;0.82
4040;Purée de pomme de terre, avec lait et beurre, salée;fruits, légumes, légumineuses et oléagineux;117.0;1.96;11.3;6.7;;0.6
4042;Pomme de terre duchesse, surgelée, à cuire;fruits, légumes, légumineuses et oléagineux;157.0;2.41;21.4;6.26;;0.86
4043;Pomme de terre sautée/poêlée/rissolée, préfrite, surgelée, à cuire;fruits, légumes, légumineuses et oléagineux;137.0;2.35;20.4;4.5;;0.18
4044;Frites de pommes de terre, surgelées, préfrites, pour cuisson au four;fruits, légumes, légumineuses et oléagineux;142.0;2.38;21.0;4.73;;0.36
4045;Frites de pommes de terre, surgelées, préfrites, pour cuisson micro-onde;fruits, légumes, légumineuses et oléagineux;223.0;3.26;27.2;10.2;;0.23
4046;Frites de pommes de terre, surgelées, préfrites, pour cuisson en friteuse;fruits, légumes, légumineuses et oléagineux;244.0;3.12;29.1;12.1;;0.12
4047;Purée de pomme de terre (aliment moyen);fruits, légumes, légumineuses et oléagineux;96.8;2.1;13.0;3.7;;0.37
4048;Pomme de terre, cuite (aliment moyen);fruits, légumes, légumineuses et oléagineux;94.9;2.05;17.2;1.58;;0.12
4049;Croquette de pomme de terre, surgelée, à cuire;fruits, légumes, légumineuses et oléagineux;164.0;2.52;22.4;6.59;;0.8
4050;Chips de pommes de terre nature ou aromatisées, sans sel ajouté;fruits, légumes, légumineuses et oléagineux;503.0;6.2;47.6;30.8;;0.033
4051;Poêlée de pommes de terre à la sarladaise (graisse de canard, ail et persil), surgelée, à cuire;fruits, légumes, légumineuses et oléagineux;203.0;2.27;20.9;11.6;;0.66
4052;Potatoes ou wedges ou quartiers de pommes de terre épicés, surgelées, à cuire;fruits, légumes, légumineuses et oléagineux;141.0;2.48;20.3;5.0;;0.62
4053;Pomme de terre grenaille, préfrite, surgelée, à cuire;fruits, légumes, légumineuses et oléagineux;133.0;2.4;17.9;5.3;;0.42
4101;Patate douce, crue;fruits, légumes, légumineuses et oléagineux;81.2;1.57;17.1;0.05;;0.14
4102;Patate douce, cuite;fruits, légumes, légumineuses et oléagineux;79.1;1.69;16.3;0.15;;0.079
4103;Patate douce, purée, cuisinée à la crème;fruits, légumes, légumineuses et oléagineux;79.8;1.1;12.1;2.0;;0.56
20050;Topinambour, cuit;fruits, légumes, légumineuses et oléagineux;69.3;1.8;14.4;0.01;;0.09
20196;Topinambour, cru;fruits, légumes, légumineuses et oléagineux;74.7;2.0;15.8;0.01;;0.01
53101;Banane plantain, cuite;fruits, légumes, légumineuses et oléagineux;125.0;0.79;28.9;0.18;;0.013
53200;Taro, tubercule, cru;fruits, légumes, légumineuses et oléagineux;105.0;1.5;22.4;0.2;;0.028
53201;Taro, tubercule, cuit;fruits, légumes, légumineuses et oléagineux;131.0;0.52;29.5;0.11;;0.038
53502;Igname, pelée, crue;fruits, légumes, légumineuses et oléagineux;111.0;1.53;23.7;0.17;;0.023
53503;Igname, épluchée, bouillie/cuite à l'eau;fruits, légumes, légumineuses et oléagineux;109.0;1.49;23.6;0.14;;0.02
53672;Igname, crue;fruits, légumes, légumineuses et oléagineux;111.0;1.25;23.9;0.2;;0.023
54031;Manioc, racine crue;fruits, légumes, légumineuses et oléagineux;157.0;1.36;36.3;0.28;;0.035
54034;Manioc, racine cuite;fruits, légumes, légumineuses et oléagineux;135.0;0.69;32.8;0.043;;
20293;Haricot coco, bouilli/cuit à l'eau;fruits, légumes, légumineuses et oléagineux;130.0;9.63;13.7;0.5;;0.023
20360;Lentille, bouillie/cuite à l'eau (aliment moyen);fruits, légumes, légumineuses et oléagineux;125.0;10.1;16.2;0.57;;0.015
20500;Fève, bouillie/cuite à l'eau;fruits, légumes, légumineuses et oléagineux;83.3;8.06;9.35;0.8;;0.025
20502;Haricot blanc, bouilli/cuit à l'eau;fruits, légumes, légumineuses et oléagineux;112.0;6.75;12.0;1.1;;0.023
20503;Haricot rouge, bouilli/cuit à l'eau;fruits, légumes, légumineuses et oléagineux;116.0;9.63;12.3;0.6;;0.021
20506;Pois cassé, bouilli/cuit à l'eau;fruits, légumes, légumineuses et oléagineux;129.0;8.6;16.3;1.49;;0.011
20507;Pois chiche, bouilli/cuit à l'eau;fruits, légumes, légumineuses et oléagineux;148.0;8.31;17.7;3.0;;0.027
20508;Haricot flageolet, appertisé, égoutté;fruits, légumes, légumineuses et oléagineux;92.9;6.1;12.2;0.79;;0.73
20510;Lentille, cuisinée, appertisée, égouttée;fruits, légumes, légumineuses et oléagineux;90.4;6.83;12.3;0.64;;0.65
20511;Haricot blanc, appertisé, égoutté;fruits, légumes, légumineuses et oléagineux;85.5;5.88;10.9;0.5;;0.69
20513;Haricot flageolet, bouilli/cuit à l'eau;fruits, légumes, légumineuses et oléagineux;112.0;6.75;12.0;1.1;;0.023
20524;Haricot rouge, appertisé, égoutté;fruits, légumes, légumineuses et oléagineux;108.0;8.31;13.0;0.97;;0.68
20531;Haricot mungo, frais, bouilli/cuit à l'eau;fruits, légumes, légumineuses et oléagineux;95.7;7.54;11.9;0.55;;0.018
20532;Pois chiche, appertisé, égoutté;fruits, légumes, légumineuses et oléagineux;122.0;6.74;15.0;2.68;;0.54
20540;Haricot flageolet, vert, bouilli/cuit à l'eau;fruits, légumes, légumineuses et oléagineux;115.0;8.5;13.0;0.91;;0.038
20542;Fève, pelée, fraîche, surgelée, bouillie/cuite à l'eau;fruits, légumes, légumineuses et oléagineux;71.9;6.4;9.0;0.5;;0.018
20543;Fève, fraîche, surgelée, bouillie/cuite à l'eau;fruits, légumes, légumineuses et oléagineux;63.6;5.6;7.4;0.5;;0.02
20587;Lentille verte, bouillie/cuite à l'eau;fruits, légumes, légumineuses et oléagineux;125.0;10.1;16.2;0.58;;0.015
20588;Lentille blonde, bouillie/cuite à l'eau;fruits, légumes, légumineuses et oléagineux;122.0;9.7;16.3;0.7;;0.13
20589;Lentille corail, bouillie/cuite à l'eau;fruits, légumes, légumineuses et oléagineux;123.0;10.6;15.0;0.5;;0.13
20700;Légume sec, cuit (aliment moyen);fruits, légumes, légumineuses et oléagineux;113.0;8.22;13.8;0.78;;0.16
20517;Fève à écosser, fraîche, crue;fruits, légumes, légumineuses et oléagineux;61.5;6.76;4.2;0.67;;0.094
20527;Pois d'Angole vert, frais, cru;fruits, légumes, légumineuses et oléagineux;129.0;7.2;18.8;1.64;;0.013
20529;Haricot de Lima ou pois savon ou pois du Cap ou pois souche, cru;fruits, légumes, légumineuses et oléagineux;105.0;6.84;15.3;0.86;;0.02
20537;Haricot flageolet, frais, surgelé, cru;fruits, légumes, légumineuses et oléagineux;153.0;9.32;25.6;0.52;;0.78
20541;Fève, pelée, fraîche, surgelée, crue;fruits, légumes, légumineuses et oléagineux;99.3;9.55;12.2;0.26;;0.03
20359;Lentille, sèche (aliment moyen);fruits, légumes, légumineuses et oléagineux;327.0;25.1;44.5;1.8;;0.13
20501;Haricot blanc, sec;fruits, légumes, légumineuses et oléagineux;307.0;23.4;43.9;0.85;;0.04
20515;Pois cassé, sec;fruits, légumes, légumineuses et oléagineux;347.0;23.8;47.5;1.16;;0.038
20516;Pois chiche, sec;fruits, légumes, légumineuses et oléagineux;350.0;20.5;47.5;6.04;;0.06
20518;Fève, sèche;fruits, légumes, légumineuses et oléagineux;301.0;26.1;33.3;1.53;;0.033
20525;Haricot rouge, sec;fruits, légumes, légumineuses et oléagineux;314.0;22.5;46.1;1.06;;0.03
20530;Haricot mungo, sec;fruits, légumes, légumineuses et oléagineux;343.0;25.2;47.6;1.64;;0.095
20534;Lupin, graine, sec;fruits, légumes, légumineuses et oléagineux;356.0;36.2;21.5;9.74;;0.038
20535;Lentille corail, sèche;fruits, légumes, légumineuses et oléagineux;328.0;27.7;44.9;0.8;;0.13
20539;Haricot flageolet, vert, sec;fruits, légumes, légumineuses et oléagineux;315.0;19.1;42.1;2.6;;0.02
20585;Lentille verte, sèche;fruits, légumes, légumineuses et oléagineux;327.0;25.1;44.5;1.8;;0.13
20586;Lentille blonde, sèche;fruits, légumes, légumineuses et oléagineux;339.0;26.1;48.3;1.9;;0.13
13000;Abricot, dénoyauté, cru;fruits, légumes, légumineuses et oléagineux;44.1;0.81;9.01;0.5;;0.013
13002;Ananas, chair sans peau, cru;fruits, légumes, légumineuses et oléagineux;51.6;0.25;11.7;0.5;;0.013
13005;Banane, chair sans peau, crue;fruits, légumes, légumineuses et oléagineux;87.6;1.06;19.7;0.5;;0.013
13007;Cassis, cru;fruits, légumes, légumineuses et oléagineux;70.2;1.4;9.68;0.41;;0.005
13008;Ceriser, chair et peau, sans noyau, crue;fruits, légumes, légumineuses et oléagineux;53.7;0.81;13.0;0.3;;0.013
13009;Citron, chair sans peau, sans pépins, cru;fruits, légumes, légumineuses et oléagineux;24.3;0.25;1.56;0.5;;0.013
13010;Coing, cru;fruits, légumes, légumineuses et oléagineux;59.0;0.4;12.5;0.1;;0.01
13012;Figue, crue;fruits, légumes, légumineuses et oléagineux;67.6;1.19;13.5;0.5;;0.013
13014;Fraise, crue;fruits, légumes, légumineuses et oléagineux;35.1;0.63;6.03;0.5;;0.013
13015;Framboise, crue;fruits, légumes, légumineuses et oléagineux;47.9;1.19;5.83;0.8;;0.013
13016;Fruit de la passion ou maracudja, chair sans peau, avec pépins, cru;fruits, légumes, légumineuses et oléagineux;102.0;2.13;10.9;3.0;;0.013
13018;Grenade, chair sans peau, avec pépins, crue;fruits, légumes, légumineuses et oléagineux;81.0;1.44;14.3;1.2;;0.013
13019;Groseille, crue;fruits, légumes, légumineuses et oléagineux;67.2;1.56;7.06;0.7;;0.013
13020;Groseille à maquereau, crue;fruits, légumes, légumineuses et oléagineux;39.4;0.88;4.45;0.58;;0.003
13021;Kiwi, chair sans peau, avec pépins, cru;fruits, légumes, légumineuses et oléagineux;60.9;0.88;11.0;0.6;;0.013
13023;Litchi, chair sans peau, sans noyau, cru;fruits, légumes, légumineuses et oléagineux;77.5;1.13;16.1;0.5;;0.013
13024;Clémentine ou mandarine, chair sans peau, sans pépins, crue;fruits, légumes, légumineuses et oléagineux;45.5;0.81;9.17;0.5;;0.013
13025;Mangue, chair sans peau, sans noyau, crue;fruits, légumes, légumineuses et oléagineux;71.1;0.63;14.3;0.5;;0.013
13026;Melon cantaloup (par ex.: Charentais), chair sans peau, sans pépins, cru;fruits, légumes, légumineuses et oléagineux;59.8;1.13;14.8;0.5;;0.06
13027;Prune mirabelle, sans noyau, crue;fruits, légumes, légumineuses et oléagineux;74.6;0.63;18.0;0.5;;0.013
13028;Myrtille, crue;fruits, légumes, légumineuses et oléagineux;57.7;0.87;10.6;0.33;;0.003
13029;Mûre (de ronce), crue;fruits, légumes, légumineuses et oléagineux;46.0;1.13;6.53;0.7;;0.013
13034;Orange, chair sans peau, sans pépins, crue;fruits, légumes, légumineuses et oléagineux;42.0;0.75;8.03;0.5;;0.013
13035;Papaye, chair sans peau, crue;fruits, légumes, légumineuses et oléagineux;39.6;0.75;8.53;0.3;;0.013
13036;Pastèque, chair sans peau, sans pépins, crue;fruits, légumes, légumineuses et oléagineux;35.4;0.69;8.33;0.5;;0.013
13037;Poire, chair et peau, crue;fruits, légumes, légumineuses et oléagineux;56.6;0.36;12.3;0.27;;0.004
13039;Pomme, chair et peau, crue;fruits, légumes, légumineuses et oléagineux;54.0;0.25;11.6;0.25;;0.004
13040;Pomelo (dit Pamplemousse), chair sans peau, sans pépins, cru;fruits, légumes, légumineuses et oléagineux;33.5;0.84;5.92;0.5;;2.0
13041;Prune Reine-Claude, sans noyau, crue;fruits, légumes, légumineuses et oléagineux;69.0;0.94;16.4;0.5;;0.013
13043;Pêche, chair et peau, sans noyau, crue;fruits, légumes, légumineuses et oléagineux;37.9;0.91;7.55;0.25;;0.003
13044;Raisin blanc, à gros grain (type Italia ou Dattier), cru;fruits, légumes, légumineuses et oléagineux;71.6;0.75;16.6;0.5;;0.013
13045;Raisin noir, cru;fruits, légumes, légumineuses et oléagineux;69.5;0.57;15.6;0.25;;0.001
13047;Rhubarbe, tige, crue;fruits, légumes, légumineuses et oléagineux;18.1;0.73;1.12;0.16;;0.007
13054;Carambole, chair et peau, crue;fruits, légumes, légumineuses et oléagineux;28.4;1.04;3.83;0.33;;0.005
13056;Anone ou chérimole, chair sans peau, crue;fruits, légumes, légumineuses et oléagineux;80.0;1.57;15.4;0.68;;0.018
13063;Figue de Barbarie, chair et peau, avec pépins, crue;fruits, légumes, légumineuses et oléagineux;51.5;0.12;9.79;0.11;;0.01
13066;Kaki, chair et peau, cru;fruits, légumes, légumineuses et oléagineux;66.0;0.88;14.3;0.3;;0.013
13067;Citron vert ou lime, chair sans peau, sans pépins, cru;fruits, légumes, légumineuses et oléagineux;39.3;1.13;3.14;0.3;;0.015
13083;Goyave, chair sans peau, crue;fruits, légumes, légumineuses et oléagineux;68.3;2.55;9.02;0.95;;0.005
13085;Pomme Canada, chair sans peau, crue;fruits, légumes, légumineuses et oléagineux;51.1;0.4;11.6;0.1;;0.009
13086;Pomme Golden, chair sans peau, crue;fruits, légumes, légumineuses et oléagineux;50.4;0.25;11.7;0.5;;0.013
13100;Prune, sans noyau, crue;fruits, légumes, légumineuses et oléagineux;51.6;0.7;9.92;0.28;;0.0
13101;Raisin Chasselas, cru;fruits, légumes, légumineuses et oléagineux;77.8;0.75;16.9;0.5;;0.013
13121;Pomme Granny Smith, chair sans peau, crue;fruits, légumes, légumineuses et oléagineux;51.0;0.25;11.4;0.5;;0.013
13122;Pomme Granny Smith, chair et peau, crue;fruits, légumes, légumineuses et oléagineux;48.6;0.25;10.7;0.5;;0.013
13134;Salade de fruits, crue;fruits, légumes, légumineuses et oléagineux;79.3;0.61;18.0;0.24;;0.002
13148;Nectarine ou brugnon, jaune, chair et peau, sans noyau, crue;fruits, légumes, légumineuses et oléagineux;49.5;0.69;11.3;0.5;;0.013
13149;Nectarine ou brugnon, blanche, chair et peau, sans noyau, crue;fruits, légumes, légumineuses et oléagineux;49.5;0.81;11.4;0.5;;0.013
13188;Poire Conférence, chair sans peau, crue;fruits, légumes, légumineuses et oléagineux;49.1;0.25;11.4;0.5;;0.013
13189;Poire Williams, chair sans peau, crue;fruits, légumes, légumineuses et oléagineux;50.2;0.25;11.5;0.5;;0.013
13190;Pomme Chantecler, chair sans peau, crue;fruits, légumes, légumineuses et oléagineux;47.2;0.25;11.2;0.5;;0.013
13191;Pomme Gala, chair sans peau, crue;fruits, légumes, légumineuses et oléagineux;51.6;0.25;11.9;0.5;;0.013
13192;Pomme Pink lady, chair sans peau, crue;fruits, légumes, légumineuses et oléagineux;57.3;0.25;12.8;0.5;;0.013
13193;Pêche blanche, chair et peau, sans noyau, crue;fruits, légumes, légumineuses et oléagineux;44.3;0.69;9.48;0.5;;0.013
13194;Pêche blanche, chair sans peau, sans noyau, crue;fruits, légumes, légumineuses et oléagineux;44.3;0.63;9.63;0.5;;0.013
13195;Pêche jaune, chair sans peau, sans noyau, crue;fruits, légumes, légumineuses et oléagineux;44.5;0.69;9.8;0.5;;0.013
13395;Raisin cru (aliment moyen);fruits, légumes, légumineuses et oléagineux;71.0;0.7;16.3;0.25;;0.009
13396;Pomme, chair sans peau, crue (aliment moyen);fruits, légumes, légumineuses et oléagineux;51.3;0.26;11.9;0.24;;0.006
13397;Poire, chair, crue (aliment moyen);fruits, légumes, légumineuses et oléagineux;49.7;0.25;11.4;0.5;;0.013
13398;Pêche, chair sans peau, sans noyau, crue (aliment moyen);fruits, légumes, légumineuses et oléagineux;44.4;0.67;9.74;0.5;;0.013
13399;Nectarine ou brugnon, chair et peau, sans noyau, crue (aliment moyen);fruits, légumes, légumineuses et oléagineux;49.5;0.74;11.3;0.5;;0.013
13564;Nèfle du Japon, chair et peau, sans noyau, crue;fruits, légumes, légumineuses et oléagineux;48.1;0.43;9.9;0.2;;0.003
13583;Prune violette, sans noyau, crue;fruits, légumes, légumineuses et oléagineux;46.4;0.8;9.6;0.1;;0.002
13614;Pamplemousse chinois, chair sans peau, sans pépins, cru;fruits, légumes, légumineuses et oléagineux;38.4;0.76;7.14;0.04;;0.003
13620;Pomme Golden, chair et peau, crue;fruits, légumes, légumineuses et oléagineux;54.1;0.25;12.8;0.5;;0.013
13621;Raisin noir Muscat, cru;fruits, légumes, légumineuses et oléagineux;86.6;0.69;20.0;0.5;;0.013
13742;Melon miel ou melon honeydew, chair sans peau, sans pépins, cru;fruits, légumes, légumineuses et oléagineux;22.2;0.54;4.3;0.14;;0.045
13999;Fruit cru (aliment moyen);fruits, légumes, légumineuses et oléagineux;56.6;0.69;12.1;0.26;;0.009
13038;Compote de pomme, préemballée;fruits, légumes, légumineuses et oléagineux;107.0;0.25;25.8;0.23;;0.031
13129;Compote, tout type de fruits, allégée en sucres, préemballée, rayon frais;fruits, légumes, légumineuses et oléagineux;63.8;0.17;14.7;0.073;;0.0
13151;Compote de pomme, allégée en sucres, rayon ambiant;fruits, légumes, légumineuses et oléagineux;64.3;0.25;15.1;0.13;;0.013
13152;Dessert de fruits, tout type de fruits (en taux de sucres : compotes allégées en sucres < desserts de fruits < compotes), préemballé, rayon ambiant;fruits, légumes, légumineuses et oléagineux;89.3;0.33;20.6;0.21;;0.005
13153;"Purée de fruits, tout type de fruits, type ""compote sans sucres ajoutés"", rayon ambiant";fruits, légumes, légumineuses et oléagineux;56.4;0.25;13.3;0.3;;0.013
13154;Spécialité de fruits, tout type de fruits, sucrée (mélange chairs et/ou purées de fruits, mais toujours avec autre ingrédient), préemballée, rayon ambiant;fruits, légumes, légumineuses et oléagineux;72.7;0.28;16.5;0.41;;0.011
13174;Spécialité de fruits, tout type de fruits, sans sucres ajoutés (mélange chairs et/ou purées de fruits, mais toujours avec autre ingrédient), préemballée, rayon ambiant;fruits, légumes, légumineuses et oléagineux;58.3;0.32;12.7;0.37;;0.006
13175;Pomme, chair sans peau, rôtie/cuite au four;fruits, légumes, légumineuses et oléagineux;52.7;0.16;12.9;0.5;;2.0
13176;Pomme, chair sans peau, bouillie/cuite à l'eau;fruits, légumes, légumineuses et oléagineux;54.0;0.26;11.2;0.36;;0.003
13185;Compote ou assimilé, tout type de fruits, sans précision sur la teneur en sucres (allégée en sucres ou non, sans sucres ajoutés…) ni sur le rayon (aliment moyen);fruits, légumes, légumineuses et oléagineux;80.2;0.26;19.1;0.16;;0.013
13187;"Purée de pommes, type ""compote sans sucres ajoutés"", rayon ambiant";fruits, légumes, légumineuses et oléagineux;56.4;1.13;11.6;0.28;;0.013
13199;Compote, tout type de fruits autres que pomme seule, allégée en sucres, préemballée, rayon ambiant;fruits, légumes, légumineuses et oléagineux;65.7;0.25;15.4;0.2;;0.013
13203;Rhubarbe, tige, cuite;fruits, légumes, légumineuses et oléagineux;18.8;0.94;1.35;0.5;;2.0
13204;Compote de pêche, préemballée;fruits, légumes, légumineuses et oléagineux;106.0;0.63;24.9;0.1;;0.02
13205;Compote d'abricot, préemballée;fruits, légumes, légumineuses et oléagineux;103.0;0.72;24.1;0.1;;0.022
13206;Compote de rhubarbe, préemballée;fruits, légumes, légumineuses et oléagineux;111.0;0.57;25.8;0.067;;0.025
13207;Dessert de fruits, tout type de fruits (en taux de sucres : compotes allégées en sucres < desserts de fruits < compotes), préemballé, rayon frais;fruits, légumes, légumineuses et oléagineux;77.3;0.35;17.7;0.22;;0.002
13208;Spécialité de fruits divers, sucrée (mélange chairs et/ou purées de fruits, mais toujours avec autre ingrédient), préemballée, rayon frais;fruits, légumes, légumineuses et oléagineux;79.2;0.36;18.2;0.22;;0.005
13209;Spécialité de fruits, tout type de fruits, sans sucres ajoutés (mélange chairs et/ou purées de fruits, mais toujours avec autre ingrédient), préemballée, rayon frais;fruits, légumes, légumineuses et oléagineux;55.6;0.38;12.2;0.3;;0.006
13210;"Purée de fruits, tout type de fruits, type ""compote sans sucres ajoutés"", préemballée, rayon frais";fruits, légumes, légumineuses et oléagineux;58.7;0.43;12.7;0.29;;0.004
13211;Compote, autres fruits, préemballée;fruits, légumes, légumineuses et oléagineux;101.0;0.25;23.9;0.072;;0.013
13212;Compote de pomme, sans précision sur la teneur en sucres ni sur le rayon (aliment moyen);fruits, légumes, légumineuses et oléagineux;93.5;0.25;22.4;0.2;;0.023
13213;Dessert de fruits, tout type de fruits (en taux de sucres : compotes allégées en sucres < desserts de fruits < compotes), préemballé, sans précision sur le rayon (aliment moyen);fruits, légumes, légumineuses et oléagineux;84.4;0.34;19.4;0.22;;0.004
13214;"Purée de fruits, tout type de fruits, type ""compote sans sucres ajoutés"", sans précision sur le rayon (aliment moyen)";fruits, légumes, légumineuses et oléagineux;56.4;0.25;13.3;0.15;;0.006
13215;Spécialité de fruits, tout type de fruits, (mélange chairs et/ou purées de fruits, mais toujours avec autre ingrédient), sans précision sur la teneur en sucres ni sur le rayon (aliment moyen);fruits, légumes, légumineuses et oléagineux;72.7;0.28;16.5;0.41;;0.011
13704;Abricot au sirop (sans précision sur léger ou classique), appertisé, égoutté (aliment moyen);fruits, légumes, légumineuses et oléagineux;67.9;0.59;15.5;0.5;;0.029
13705;Macédoine ou cocktail ou salade de fruits, au sirop (sans précision sur léger ou classique), appertisé, égouttée (aliment moyen);fruits, légumes, légumineuses et oléagineux;64.9;0.25;15.2;0.5;;0.013
13706;Macédoine ou cocktail ou salade de fruits, au sirop, appertisé, égoutté;fruits, légumes, légumineuses et oléagineux;71.3;0.25;16.8;0.5;;0.013
13707;Macédoine ou cocktail ou salade de fruits, au sirop, appertisé, non égoutté;fruits, légumes, légumineuses et oléagineux;74.8;0.25;17.8;0.5;;0.003
13708;Macédoine ou cocktail ou salade de fruits, au sirop léger, appertisé, égoutté;fruits, légumes, légumineuses et oléagineux;59.1;0.25;13.7;0.5;;0.013
13709;Macédoine ou cocktail ou salade de fruits, au sirop léger, appertisé, non égoutté;fruits, légumes, légumineuses et oléagineux;59.7;0.25;14.0;0.061;;0.003
13712;Abricot au sirop léger, appertisé, égoutté;fruits, légumes, légumineuses et oléagineux;61.1;0.94;13.5;0.5;;0.024
13713;Abricot au sirop léger, appertisé, non égoutté;fruits, légumes, légumineuses et oléagineux;62.5;0.81;14.0;0.043;;0.025
13714;Abricot au sirop, appertisé, égoutté;fruits, légumes, légumineuses et oléagineux;69.6;0.5;16.0;0.5;;0.03
13715;Abricot au sirop, appertisé, non égoutté;fruits, légumes, légumineuses et oléagineux;69.7;0.29;16.3;0.5;;0.03
13716;Ananas au jus d'ananas, appertisé, égoutté;fruits, légumes, légumineuses et oléagineux;56.0;0.25;12.9;0.5;;0.003
13717;Ananas au jus d'ananas, appertisé, non égoutté;fruits, légumes, légumineuses et oléagineux;55.0;0.25;12.9;0.5;;0.0
13718;Ananas au sirop léger, appertisé, égoutté;fruits, légumes, légumineuses et oléagineux;65.8;0.25;15.3;0.5;;0.005
13719;Ananas au sirop léger, appertisé, non égoutté;fruits, légumes, légumineuses et oléagineux;66.5;0.25;15.6;0.078;;0.005
13724;Litchi, chair sans peau, sans noyau,  au sirop léger, appertisé, égoutté;fruits, légumes, légumineuses et oléagineux;62.8;0.63;14.3;0.19;;2.0
13730;Pêche, sans noyau, au sirop léger, appertisée, égouttée;fruits, légumes, légumineuses et oléagineux;59.0;0.5;13.5;0.5;;0.013
13731;Pêche, sans noyau, au sirop léger, appertisée, non égouttée;fruits, légumes, légumineuses et oléagineux;60.0;0.31;14.0;0.038;;0.002
13734;Poire au sirop léger, appertisée, égouttée;fruits, légumes, légumineuses et oléagineux;63.9;0.25;13.9;0.4;;0.013
13735;Poire au sirop léger, appertisée, non égouttée;fruits, légumes, légumineuses et oléagineux;62.6;0.3;14.5;0.12;;0.013
13001;Abricot, dénoyauté, sec;fruits, légumes, légumineuses et oléagineux;239.0;2.88;59.1;0.5;;0.013
13011;Datte, chair et peau, sans noyau, sèche;fruits, légumes, légumineuses et oléagineux;287.0;1.81;64.7;0.25;;0.098
13013;Figue, sèche;fruits, légumes, légumineuses et oléagineux;261.0;2.9;55.0;1.22;;0.22
13042;Pruneau, sans noyau, sec;fruits, légumes, légumineuses et oléagineux;229.0;1.63;55.4;0.4;;0.013
13046;Raisin sec;fruits, légumes, légumineuses et oléagineux;322.0;3.0;73.2;0.9;;0.013
13051;Mélange apéritif de fruits exotiques, sec;fruits, légumes, légumineuses et oléagineux;389.0;2.19;69.5;10.5;;0.22
13089;Banane, chair sans peau, sèche;fruits, légumes, légumineuses et oléagineux;365.0;3.89;78.4;1.81;;0.007
13111;Pomme, sèche;fruits, légumes, légumineuses et oléagineux;247.0;0.93;55.0;0.32;;0.22
13118;Pêche, chair et peau, sans noyau, sèche;fruits, légumes, légumineuses et oléagineux;329.0;5.0;65.4;1.0;;0.2
13178;Canneberge ou cranberry, séchée, sucrée;fruits, légumes, légumineuses et oléagineux;332.0;0.25;76.4;1.0;;0.013
13183;Baie de goji, séchée;fruits, légumes, légumineuses et oléagineux;300.0;12.1;49.0;2.9;;0.91
13623;Abricot, dénoyauté, sec, moelleux (réhydraté à 35-45%);fruits, légumes, légumineuses et oléagineux;200.0;2.31;51.1;0.4;;0.013
13996;Fruit séché (aliment moyen);fruits, légumes, légumineuses et oléagineux;267.0;2.13;61.3;0.56;;0.068
13416;Jus de mandarine commune, pur jus filtré pasteurisé, prélevée à la Martinique;fruits, légumes, légumineuses et oléagineux;37.6;;9.4;0.0;;
13417;Jus de mandarine commune, pur jus filtré, prélevée à la Martinique;fruits, légumes, légumineuses et oléagineux;42.1;0.61;8.63;0.57;;
13418;Jus de mandarine macaque, pur jus filtré, prélevée à la Martinique;fruits, légumes, légumineuses et oléagineux;45.5;0.6;10.8;0.0;;
13421;"Jus de prune de cythère verte ""géante"" (variété locale), fruit mûr, pur jus filtré, prélevée à la Martinique";fruits, légumes, légumineuses et oléagineux;33.4;0.29;7.13;0.19;;
13422;"Jus de prune de cythère verte ""géante"" (variété locale), fruit vert, pur jus filtré, prélevée à la Martinique";fruits, légumes, légumineuses et oléagineux;32.0;0.44;6.55;0.28;;
13423;"Jus de prune de cythère verte ""naine"" (variété hybride), fruit mûr, pur jus filtré, prélevée à la Martinique";fruits, légumes, légumineuses et oléagineux;46.4;0.69;9.97;0.21;;
13424;"Jus de prune de cythère verte ""naine"" (variété hybride), fruit vert, pur jus filtré, prélevée à la Martinique";fruits, légumes, légumineuses et oléagineux;31.9;0.67;6.34;0.26;;
13200;Mangue José, chair sans peau, sans noyau, crue, prélevée à La Réunion (Mangifera indica L.);fruits, légumes, légumineuses et oléagineux;88.8;0.75;19.3;0.5;;0.013
13201;Ananas Victoria ou Queen Victoria, chair sans peau, crue, prélevé à La Réunion;fruits, légumes, légumineuses et oléagineux;69.8;0.94;15.1;0.3;;0.013
13202;Papaye Colombo (fruit mûr), chair sans peau, sans pépins, crue, prélevée à La Réunion (Carica papaya L.);fruits, légumes, légumineuses et oléagineux;38.0;0.56;7.88;0.3;;0.013
15000;Amande, avec peau, sans sel ajouté;fruits, légumes, légumineuses et oléagineux;615.0;22.6;9.51;51.3;;0.013
15001;Cacahuète, sans sel ajouté;fruits, légumes, légumineuses et oléagineux;623.0;26.1;14.8;49.1;;0.022
15002;Cacahuète, grillée, salée;fruits, légumes, légumineuses et oléagineux;635.0;26.2;14.2;50.8;;1.26
15004;Noisette, sans sel ajouté;fruits, légumes, légumineuses et oléagineux;632.0;17.0;7.16;56.9;;0.013
15005;Noix, cerneau, séchée;fruits, légumes, légumineuses et oléagineux;709.0;15.7;6.88;67.3;;0.13
15006;Noix de coco, chair, fraîche;fruits, légumes, légumineuses et oléagineux;369.0;4.09;4.69;34.7;;0.048
15007;Noix de coco, chair, sèche;fruits, légumes, légumineuses et oléagineux;692.0;8.06;7.81;66.8;;0.076
15008;Noix du Brésil ou noix d'Amazonie, sans sel ajouté;fruits, légumes, légumineuses et oléagineux;701.0;16.4;4.23;67.1;;0.007
15009;Pistache, grillée, salée;fruits, légumes, légumineuses et oléagineux;617.0;22.3;15.9;49.5;;1.67
15010;Sésame, graine;fruits, légumes, légumineuses et oléagineux;606.0;20.9;12.8;49.7;;0.1
15011;Tournesol, graine;fruits, légumes, légumineuses et oléagineux;653.0;25.1;10.1;55.5;;0.023
15014;Noix de coco, amande immature, fraîche;fruits, légumes, légumineuses et oléagineux;360.0;3.93;6.22;33.5;;0.05
15015;Purée de marrons, appertisée;fruits, légumes, légumineuses et oléagineux;102.0;2.69;22.8;;;0.003
15017;Mélange apéritif de graines salées et fruits séchés;fruits, légumes, légumineuses et oléagineux;583.0;19.9;23.7;44.1;;2.14
15018;Mélange apéritif de graines salées et raisins secs;fruits, légumes, légumineuses et oléagineux;561.0;19.6;27.1;39.6;;0.42
15019;Noix de cajou, grillée, salée;fruits, légumes, légumineuses et oléagineux;632.0;18.0;26.7;49.5;;1.15
15020;Châtaigne, bouillie/cuite à l'eau;fruits, légumes, légumineuses et oléagineux;123.0;2.36;23.0;1.38;;0.068
15021;Châtaigne, grillée;fruits, légumes, légumineuses et oléagineux;211.0;3.94;41.1;1.7;;2.0
15024;Châtaigne, crue;fruits, légumes, légumineuses et oléagineux;189.0;2.39;36.8;1.76;;0.006
15025;Pignon de pin;fruits, légumes, légumineuses et oléagineux;712.0;16.2;2.93;68.4;;0.023
15026;Noix de pécan, sans sel ajouté;fruits, légumes, légumineuses et oléagineux;727.0;10.8;4.25;72.0;;0.0
15027;Noix de macadamia, sans sel ajouté;fruits, légumes, légumineuses et oléagineux;757.0;9.33;5.22;75.8;;0.013
15032;Luzerne, graine;fruits, légumes, légumineuses et oléagineux;426.0;35.0;39.3;12.6;;
15033;Noisette grillée, sans sel ajouté;fruits, légumes, légumineuses et oléagineux;684.0;17.0;8.81;62.4;;
15034;Lin, graine;fruits, légumes, légumineuses et oléagineux;528.0;22.4;6.49;40.3;;0.1
15035;Sésame, graine décortiquée;fruits, légumes, légumineuses et oléagineux;620.0;24.1;10.3;51.0;;0.12
15037;Cacahuète, grillée à sec, salée;fruits, légumes, légumineuses et oléagineux;615.0;24.8;17.9;47.7;;1.8
15038;Sésame, grillé, graine décortiquée;fruits, légumes, légumineuses et oléagineux;582.0;20.0;9.14;48.0;;0.098
15039;Châtaigne ou marron, appertisé;fruits, légumes, légumineuses et oléagineux;145.0;2.31;28.8;1.4;;0.13
15041;Amande, émondée, sans sel ajouté;fruits, légumes, légumineuses et oléagineux;631.0;25.8;8.76;52.5;;0.048
15042;Amande, grillée, salée;fruits, légumes, légumineuses et oléagineux;647.0;24.1;12.2;53.9;;0.95
15043;Noix de macadamia, grillée, salée;fruits, légumes, légumineuses et oléagineux;724.0;8.3;9.95;70.2;;0.9
15044;Pistache, grillée, sans sel ajouté;fruits, légumes, légumineuses et oléagineux;631.0;21.7;14.9;51.6;;0.012
15045;Tournesol, graine, grillé, salé;fruits, légumes, légumineuses et oléagineux;626.0;25.0;12.7;51.0;;2.63
15046;Noix de pécan, salées;fruits, légumes, légumineuses et oléagineux;731.0;12.0;5.0;73.0;;1.0
15047;Chia, graine, séchée;fruits, légumes, légumineuses et oléagineux;454.0;19.5;7.72;30.7;;0.04
15048;Mélange apéritif de graines et fruits séchés, sans sel ajouté;fruits, légumes, légumineuses et oléagineux;493.0;9.78;51.0;26.3;;0.3
15049;Mélange apéritif de graines et raisins secs, sans sel ajouté;fruits, légumes, légumineuses et oléagineux;541.0;14.8;31.8;37.2;;0.018
15050;Noisette grillée, salée;fruits, légumes, légumineuses et oléagineux;664.0;15.8;7.67;61.2;;0.83
15052;Lin, brun, graine;fruits, légumes, légumineuses et oléagineux;533.0;21.3;3.56;42.2;;0.095
15053;Cacahuète, grillée, sans sel ajouté;fruits, légumes, légumineuses et oléagineux;644.0;26.9;14.4;51.9;;2.0
15054;Noix de cajou, grillée, sans sel ajouté;fruits, légumes, légumineuses et oléagineux;618.0;20.5;21.3;48.1;;0.015
15055;Noix de cajou, grillée à sec, sans sel ajouté;fruits, légumes, légumineuses et oléagineux;630.0;20.5;23.5;49.0;;0.02
15057;Cacahuète, grillée, aromatisée;fruits, légumes, légumineuses et oléagineux;598.0;26.1;14.6;46.6;;1.92
15059;Mélange apéritif de graines grillées, salées;fruits, légumes, légumineuses et oléagineux;637.0;21.3;9.69;54.7;;0.95
15062;Amande, grillée, salée, goût fumé;fruits, légumes, légumineuses et oléagineux;629.0;22.5;9.01;54.0;;1.23
15063;Chanvre ou chènevis, graine décortiquée;fruits, légumes, légumineuses et oléagineux;617.0;37.2;5.38;48.8;;0.013
15064;Courge, graine, séchée;fruits, légumes, légumineuses et oléagineux;618.0;35.6;5.39;49.1;;0.018
15065;Fruits à coques et cacahuète, salé (aliment moyen);fruits, légumes, légumineuses et oléagineux;630.0;23.6;17.6;50.1;;1.35
15066;Fruits à coques et cacahuète, sans sel ajouté (aliment moyen);fruits, légumes, légumineuses et oléagineux;632.0;18.2;10.5;55.0;;0.009
15202;Beurre de cacahuète ou pâte d'arachide;fruits, légumes, légumineuses et oléagineux;643.0;25.4;17.3;51.4;;1.07
15203;Tahin ou purée de sésame;fruits, légumes, légumineuses et oléagineux;631.0;20.3;13.8;53.4;;0.19
20901;Soja, graine entière;fruits, légumes, légumineuses et oléagineux;441.0;40.0;20.9;19.9;;0.005
9081;Blé dur (grains entiers), précuit, cuit, sans sel ajouté;produits céréaliers;153.0;5.75;28.2;1.1;;0.043
9103;Riz complet, cuit, sans sel ajouté;produits céréaliers;187.0;4.06;37.6;1.8;;0.035
9104;Riz blanc, cuit, sans sel ajouté;produits céréaliers;155.0;3.31;33.2;0.7;;0.045
9105;Riz blanc étuvé, cuit, sans sel ajouté;produits céréaliers;146.0;3.1;31.7;0.56;;0.006
9110;Riz rouge, cuit, sans sel ajouté;produits céréaliers;141.0;3.63;28.2;0.69;;0.009
9111;Riz sauvage, cuit, sans sel ajouté;produits céréaliers;102.0;3.99;19.7;0.34;;0.007
9113;Riz semi-complet, cuit, sans sel ajouté;produits céréaliers;165.0;3.81;34.4;1.0;;0.063
9124;Riz thaï, cuit, sans sel ajouté;produits céréaliers;143.0;2.5;31.4;0.8;;0.04
9125;Riz basmati, cuit, sans sel ajouté;produits céréaliers;148.0;3.19;32.9;0.4;;0.045
9313;Flocons d'avoine bouillis/cuits à l'eau;produits céréaliers;69.1;2.72;10.3;1.52;;0.01
9322;Orge perlée, bouilli/cuite à l'eau, sans sel ajouté;produits céréaliers;119.0;2.42;24.4;0.44;;0.007
9331;Mil, cuit, sans sel ajouté;produits céréaliers;116.0;3.76;22.4;1.0;;0.005
9341;Quinoa, bouilli/cuit à l'eau, sans sel ajouté;produits céréaliers;149.0;5.0;27.9;1.1;;0.015
9615;Polenta ou semoule de maïs, cuite, sans sel ajouté;produits céréaliers;76.1;1.38;16.9;0.3;;0.01
9683;Semoule ou graine de couscous, cuite, sans sel ajouté;produits céréaliers;164.0;6.38;31.0;0.9;;0.038
9685;Semoule ou graine de couscous complète, cuite, sans sel ajouté;produits céréaliers;142.0;4.69;26.8;1.0;;0.04
9686;Semoule ou graine de couscous semi-complète, cuite, sans sel ajouté;produits céréaliers;170.0;6.13;32.4;1.0;;0.02
9691;Boulgour de blé, cuit, sans sel ajouté;produits céréaliers;131.0;4.63;24.1;1.0;;0.033
9811;Pâtes sèches, standard, cuites, sans sel ajouté;produits céréaliers;167.0;6.69;31.4;1.1;;0.048
9816;Pâtes fraîches, aux oeufs, cuites, sans sel ajouté;produits céréaliers;168.0;6.31;32.0;1.3;;0.042
9822;Pâtes sèches, aux oeufs, cuites, sans sel ajouté;produits céréaliers;134.0;4.94;23.0;2.0;;0.01
9824;Pâtes sèches, sans gluten, cuites, sans sel ajouté;produits céréaliers;163.0;3.25;34.4;1.1;;0.015
9871;Pâtes sèches, au blé complet, cuites, sans sel ajouté;produits céréaliers;179.0;7.88;31.3;1.4;;0.055
9875;Pâtes sèches, sans gluten (à base de riz et maïs), cuites, sans sel ajouté;produits céréaliers;170.0;3.38;36.6;0.8;;0.013
9876;Pâtes sèches, sans gluten (à base de lentilles corail), cuites, sans sel ajouté;produits céréaliers;168.0;12.6;25.1;0.8;;0.013
9877;Pâtes sèches, semi-complètes, cuites, sans sel ajouté;produits céréaliers;173.0;6.13;31.8;1.2;;0.038
9901;Vermicelle de riz, cuite, sans sel ajouté;produits céréaliers;86.6;1.5;20.1;0.5;;0.024
9903;Vermicelle de soja, cuite, sans sel ajouté;produits céréaliers;60.0;0.31;14.4;0.1;;0.006
25510;Gnocchi à la pomme de terre, cuit;produits céréaliers;178.0;5.01;34.1;2.05;;1.01
51511;Frik (blé dur immature concassé), cuit, sans sel ajouté;produits céréaliers;76.0;2.19;14.0;0.48;;0.005
9001;Épeautre, cru;produits céréaliers;344.0;15.6;59.5;2.43;;0.02
9003;Blé de Khorasan, cru;produits céréaliers;342.0;15.6;59.5;2.13;;0.013
9060;Blé dur complet, cru;produits céréaliers;342.0;14.7;59.3;2.47;;0.005
9080;Blé dur complet, précuit, à cuire;produits céréaliers;359.0;14.7;67.7;1.83;;0.01
9100;Riz blanc, cru;produits céréaliers;350.0;7.38;77.5;0.79;;0.008
9101;Riz blanc étuvé, cru;produits céréaliers;361.0;7.69;79.4;1.02;;0.01
9102;Riz complet, cru;produits céréaliers;350.0;7.38;71.4;2.8;;0.01
9108;Riz sauvage, cru;produits céréaliers;344.0;11.7;69.2;0.94;;0.007
9109;Riz rouge, cru;produits céréaliers;352.0;8.38;70.6;3.0;;0.028
9119;Riz thaï ou basmati, cru;produits céréaliers;351.0;7.44;78.4;0.63;;0.032
9121;Riz, mélange de variétés (blanc, complet, rouge, sauvage, etc.), cru;produits céréaliers;355.0;7.5;78.1;1.0;;0.025
9310;Avoine, crue;produits céréaliers;378.0;18.1;55.7;6.9;;0.005
9320;Orge complète, crue;produits céréaliers;334.0;13.4;56.2;2.3;;0.03
9321;Orge perlée, crue;produits céréaliers;346.0;10.6;68.6;1.16;;0.023
9330;Mil complet, cru;produits céréaliers;360.0;11.8;64.3;4.22;;0.013
9340;Quinoa, cru;produits céréaliers;358.0;14.1;58.1;6.07;;0.013
9345;Amarante, crue;produits céréaliers;369.0;14.5;58.6;7.02;;0.01
9360;Sorgho complet, cru;produits céréaliers;349.0;10.6;65.4;3.46;;0.005
9380;Sarrasin complet, cru;produits céréaliers;362.0;13.3;67.5;3.4;;0.003
9390;Seigle complet, cru;produits céréaliers;332.0;11.1;60.8;1.63;;0.005
9610;Semoule de blé dur, crue;produits céréaliers;350.0;13.0;69.8;1.28;;0.003
9612;Mélange de céréales et légumes secs, cru;produits céréaliers;354.0;15.0;59.0;4.0;;0.99
9614;Polenta ou semoule de maïs, précuite, à cuire;produits céréaliers;350.0;7.88;74.0;1.8;;0.004
9681;Graine de couscous (semoule de blé dur précuite), à cuire;produits céréaliers;366.0;13.5;72.7;1.32;;0.018
9690;Boulgour de blé, cru;produits céréaliers;347.0;12.6;65.8;1.42;;0.043
9810;Pâtes sèches, standard, crues;produits céréaliers;364.0;13.1;72.7;1.6;;0.016
9815;Pâtes fraîches, aux oeufs, crues;produits céréaliers;283.0;11.1;53.8;1.87;;0.35
9821;Pâtes sèches, aux oeufs, crues;produits céréaliers;381.0;15.2;68.0;4.72;;0.085
9863;Pâtes ou nouilles asiatiques sèches, au blé et aux oeufs, nature, crues;produits céréaliers;371.0;13.0;71.0;3.0;;0.99
9870;Pâtes sèches, au blé complet, crues;produits céréaliers;353.0;12.6;67.6;2.2;;0.016
9874;Pâtes sèches, sans gluten, crues;produits céréaliers;358.0;6.5;79.0;1.5;;0.008
9900;Vermicelles de riz sèches, crues;produits céréaliers;365.0;7.81;80.5;1.0;;0.03
9902;Vermicelles de soja sèches, crues;produits céréaliers;343.0;0.31;84.7;0.14;;0.039
26264;Gnocchi à la pomme de terre, à cuire;produits céréaliers;176.0;4.66;35.0;1.42;;1.18
26265;Gnocchi à la semoule, à cuire;produits céréaliers;200.0;6.2;37.0;2.6;;2.21
51510;Frik (blé dur immature concassé), cru;produits céréaliers;323.0;10.3;55.8;2.25;;0.011
54035;Gari, semoule de manioc fermentée et séchée;produits céréaliers;340.0;1.12;81.6;0.73;;0.15
7000;Pain (aliment moyen);produits céréaliers;276.0;8.97;55.0;1.36;;1.25
7001;Pain blanc (par ex. : baguette, boule…);produits céréaliers;287.0;9.06;58.3;1.4;;1.25
7002;Pain au levain;produits céréaliers;261.0;8.13;53.1;1.3;;1.25
7007;Pain de tradition française (par ex. : baguette, boule…);produits céréaliers;279.0;8.94;56.7;1.0;;1.27
7009;Pain blanc précuit, à finir de cuire, préemballé;produits céréaliers;265.0;7.81;53.9;1.2;;1.1
7010;Pain bis (à la farine T80 ou T110);produits céréaliers;265.0;9.43;54.0;0.33;;1.17
7013;Pain sans gluten précuit, à finir de cuire, préemballé;produits céréaliers;234.0;3.16;39.8;5.29;;1.16
7098;Pain aux céréales et/ou aux graines, préemballé;produits céréaliers;282.0;9.06;39.7;7.6;;1.15
7099;Pain de campagne, préemballé;produits céréaliers;257.0;7.33;48.7;2.81;;1.32
7100;Pain de campagne;produits céréaliers;253.0;8.25;50.0;1.3;;1.18
7106;Pain complet au seigle, préemballé;produits céréaliers;213.0;6.25;39.5;0.9;;1.24
7107;Pain aux graines sans gluten, préemballé;produits céréaliers;266.0;5.2;38.8;8.55;;1.22
7109;Pain de mie complet, sans croûte, préemballé;produits céréaliers;245.0;7.75;42.8;3.2;;1.12
7110;Pain complet ou intégral (à la farine T150);produits céréaliers;234.0;9.5;41.2;1.7;;1.17
7111;Pain de mie complet, préemballé;produits céréaliers;257.0;8.0;41.8;4.1;;1.07
7113;Pain de mie aux céréales et/ou graines, préemballé;produits céréaliers;290.0;9.69;43.5;6.6;;1.07
7114;Pain azyme, préemballé;produits céréaliers;372.0;11.7;74.9;1.67;;0.076
7115;Pain au son;produits céréaliers;244.0;9.1;44.4;1.94;;1.17
7116;Pain de mie blanc sans gluten, préemballé;produits céréaliers;242.0;3.69;41.2;5.1;;0.99
7117;Pain de mie blanc, sans sucres ajoutés, préemballé;produits céréaliers;290.0;7.69;48.1;5.9;;1.14
7125;Pain de seigle et froment;produits céréaliers;260.0;9.06;51.5;1.0;;1.13
7130;Pain sans gluten, préemballé;produits céréaliers;249.0;4.81;37.1;6.6;;1.08
7160;Pain blanc, sans sel ajouté;produits céréaliers;282.0;9.54;57.0;1.17;;0.013
7170;Pain panini;produits céréaliers;254.0;8.2;50.6;1.1;;0.98
7180;Pain pita;produits céréaliers;249.0;8.2;48.8;1.5;;1.2
7200;Pain de mie blanc, préemballé;produits céréaliers;279.0;7.74;50.4;4.37;;1.07
7201;Pain de mie blanc, sans croûte, préemballé;produits céréaliers;266.0;7.6;50.2;3.23;;1.07
7210;Pain de mie brioché, préemballé;produits céréaliers;312.0;8.53;51.4;7.26;;1.13
7255;Pain aux céréales et/ou graines;produits céréaliers;269.0;10.5;46.9;3.2;;1.13
7256;Muffin anglais complet, petit pain spécial, préemballé;produits céréaliers;205.0;11.9;31.0;1.7;;0.92
7257;Muffin anglais, petit pain spécial, préemballé;produits céréaliers;228.0;9.94;42.5;1.1;;0.9
7258;Pain bagel;produits céréaliers;301.0;10.8;53.0;4.58;;1.02
7259;Pain pour burger ou hot dog (bun), préemballé;produits céréaliers;283.0;9.0;47.2;4.9;;1.13
7260;Pain blanc, fait maison (avec farine pour machine à pain);produits céréaliers;256.0;8.56;52.1;0.9;;1.45
7261;Pain de campagne, fait maison (avec farine pour machine à pain);produits céréaliers;240.0;8.75;46.7;0.9;;1.34
7262;Pain pour burger ou hot dog (bun) complet, préemballé;produits céréaliers;296.0;9.38;48.2;6.16;;1.05
7263;Bretzel, pain frais;produits céréaliers;330.0;10.1;54.6;7.1;;3.35
7813;Tortilla souple (à garnir), à base de maïs;produits céréaliers;316.0;6.67;58.0;5.57;;1.4
7815;Tortilla souple (à garnir), à base de blé;produits céréaliers;320.0;8.79;53.0;7.48;;1.41
23805;Blinis;produits céréaliers;270.0;5.94;34.6;11.5;;1.26
7004;Pain blanc, passé au grille-pain;produits céréaliers;317.0;10.4;64.0;1.3;;1.51
7300;Biscotte classique;produits céréaliers;394.0;11.0;73.2;5.43;;1.36
7301;Biscotte briochée;produits céréaliers;440.0;9.44;72.1;11.3;;1.15
7302;Biscotte au germe de blé;produits céréaliers;386.0;11.1;69.9;5.4;;1.28
7310;Biscotte, sans sel ajouté;produits céréaliers;402.0;11.6;74.7;5.1;;0.007
7330;Biscotte aux céréales;produits céréaliers;404.0;12.6;68.1;7.3;;1.79
7340;Biscotte au blé complet;produits céréaliers;389.0;12.4;66.0;5.9;;1.23
7347;Cracker de table aux graines;produits céréaliers;445.0;15.6;49.9;17.7;;1.86
7348;Cracker de table au fromage et aux graines;produits céréaliers;455.0;19.6;47.3;18.5;;1.87
7349;Cracker de table au blé complet;produits céréaliers;436.0;13.8;55.6;15.4;;1.58
7351;Cracker de table au froment;produits céréaliers;442.0;11.4;68.6;12.3;;1.87
7352;Galette de riz complet soufflé;produits céréaliers;381.0;8.81;77.9;3.0;;0.22
7353;Galette de céréales soufflées;produits céréaliers;388.0;10.6;77.9;2.9;;0.21
7354;Galette de maïs soufflé;produits céréaliers;387.0;7.38;83.5;1.9;;0.36
7357;Galette de céréale(s) soufflée(s), aux graines;produits céréaliers;382.0;8.96;77.7;3.88;;0.43
7359;Tartine croustillante au seigle, source ou riche en fibres;produits céréaliers;342.0;10.2;57.4;3.0;;0.99
7399;Toast ou pain grillé brioché aux raisins secs, tranches, préemballé;produits céréaliers;405.0;11.8;74.3;5.9;;0.62
7400;Pain grillé au froment, tranches, préemballé;produits céréaliers;399.0;10.7;71.8;6.2;;1.48
7402;Pain grillé au blé complet, tranches, préemballé;produits céréaliers;390.0;11.3;69.4;5.6;;1.7
7403;Pain grillé brioché, tranches, préemballé;produits céréaliers;427.0;11.2;67.6;11.3;;1.04
7407;Petit pain grillé suédois au froment;produits céréaliers;411.0;9.5;71.6;8.4;;0.86
7409;Petit pain grillé suédois aux céréales et graines;produits céréaliers;404.0;11.4;68.6;8.14;;1.16
7410;Tartine craquante extrudée, classique;produits céréaliers;385.0;9.88;75.8;3.6;;1.6
7414;Tartine craquante extrudées, source ou riche en fibres;produits céréaliers;376.0;10.8;71.3;3.5;;1.32
7419;Petit pain grillé suédois au blé complet, sans sucres ajoutés;produits céréaliers;391.0;11.9;65.0;7.2;;1.41
7420;Petit pain grillé suédois au blé complet;produits céréaliers;402.0;10.6;65.8;8.6;;1.27
7421;Petit pain grillé suédois aux fruits;produits céréaliers;386.0;9.7;73.8;4.9;;1.0
7422;Petit pain grillé suédois brioché;produits céréaliers;421.0;10.3;69.4;10.6;;1.01
7425;Pain grillé aux céréales, tranches, préemballé;produits céréaliers;417.0;14.0;70.0;7.33;;1.58
7431;Croûton, à tartiner, préemballé;produits céréaliers;374.0;13.5;70.0;2.85;;1.3
7432;Croûton nature, préemballé;produits céréaliers;459.0;10.1;62.4;17.9;;1.83
7500;Chapelure;produits céréaliers;365.0;10.3;74.3;1.6;;0.72
7525;Gressin, nature (sans sésame);produits céréaliers;428.0;12.5;68.8;10.5;;1.94
38500;Croûton, à l'ail, aux fines herbes ou aux oignons, préemballé;produits céréaliers;484.0;8.87;59.0;22.9;;2.56
38501;Croûton, au fromage, préemballé;produits céréaliers;535.0;8.24;52.3;32.0;;1.7
9230;Pop-corn ou maïs éclaté, à l'huile, salé;produits céréaliers;477.0;8.3;50.2;24.6;;2.61
9231;Pop-corn ou maïs éclaté, sans huile, non salé;produits céréaliers;419.0;11.0;59.7;12.3;;0.02
9232;Pop-corn ou maïs éclaté, au caramel;produits céréaliers;421.0;6.53;73.2;9.83;;0.08
38104;Chips, beignet ou pétale à la crevette;produits céréaliers;508.0;3.1;63.7;26.6;;1.53
38105;Chips de maïs ou tortilla chips, aromatisé;produits céréaliers;499.0;6.53;59.1;25.4;;1.49
38106;Biscuit ou cracker apéritif, soufflé, goût pomme de terre;produits céréaliers;475.0;4.59;60.6;23.0;;3.08
38107;Biscuit ou cracker apéritif, mini bretzel ou sticks;produits céréaliers;376.0;11.2;73.7;3.13;;4.43
38109;Biscuit apéritif, mini-chou fourré, préemballé;produits céréaliers;651.0;10.7;28.2;54.7;;1.49
38399;Biscuit ou cracker apéritif (aliment moyen);produits céréaliers;480.0;10.2;61.2;20.9;;2.59
38401;Biscuit ou cracker apéritif, à base de blé, au fromage;produits céréaliers;519.0;14.8;47.0;29.4;;1.88
38402;Biscuit ou cracker apéritif, à base de blé, nature ou aromatisé;produits céréaliers;499.0;10.4;59.1;23.8;;2.32
38403;Biscuit ou cracker apéritif, à base de blé, nature, allégé en matière grasse;produits céréaliers;410.0;6.53;73.1;9.33;;3.0
38404;Biscuit ou cracker apéritif, soufflé, goût cacahuète;produits céréaliers;487.0;13.3;54.8;22.9;;1.88
38405;Biscuit ou cracker apéritif, tuile, à base de pomme de terre;produits céréaliers;521.0;4.63;59.1;28.8;;1.62
38406;Cacahuète enrobée d'un biscuit salé ou aromatisé, pour apéritif;produits céréaliers;518.0;15.8;45.4;29.7;;2.82
38407;Biscuit ou cracker apéritif, feuilleté (flûtes, torsades, palmiers…), sans fromage;produits céréaliers;476.0;10.9;59.7;20.7;;2.55
38408;Biscuit apéritif, crêpe dentelle fourrée, préemballée;produits céréaliers;555.0;9.3;48.8;35.6;;1.73
38410;Biscuit ou cracker apéritif, feuilleté (flûtes, torsades, palmiers…), au fromage;produits céréaliers;524.0;13.1;50.2;29.6;;2.53
38411;Biscuit ou cracker apéritif, à base de blé, assortiment;produits céréaliers;501.0;8.88;58.2;25.3;;1.88
38413;Biscuit ou cracker apéritif, gaufrette fourrée;produits céréaliers;585.0;10.4;39.6;42.4;;1.86
38414;Gressin, au sésame;produits céréaliers;443.0;14.0;59.3;15.7;;1.7
38415;Gressin, au sésame, allégé en matière grasse;produits céréaliers;427.0;15.4;56.8;13.9;;1.81
38416;Biscuit ou cracker apéritif, à base de riz et cacahuètes enrobées, mélange japonais;produits céréaliers;409.0;10.8;72.0;8.27;;1.0
38417;Chips de maïs ou tortilla chips, nature;produits céréaliers;488.0;6.68;62.6;22.5;;0.88
38419;Biscuit ou cracker apéritif, soufflé, goût bacon;produits céréaliers;513.0;6.5;62.2;25.9;;2.2
38420;Biscuit ou cracker apéritif, soufflé, nature;produits céréaliers;464.0;7.17;64.0;19.2;;2.67
38421;Biscuit ou cracker apéritif, soufflé, goût fromage;produits céréaliers;510.0;7.29;57.6;27.3;;2.24
38422;Biscuit ou cracker apéritif, soufflé, sans précision (aliment moyen);produits céréaliers;535.0;10.5;48.8;32.6;;1.61
4090;Fécule de pomme de terre;produits céréaliers;348.0;0.0;86.3;0.2;;0.009
9410;Farine de blé tendre ou froment T110;produits céréaliers;343.0;10.3;68.6;1.5;;0.13
9415;Farine de blé tendre ou froment T150;produits céréaliers;342.0;12.2;64.9;1.52;;0.035
9435;Farine de blé tendre ou froment T65;produits céréaliers;346.0;11.0;71.5;1.0;;0.03
9436;Farine de blé tendre ou froment T55 (pour pains);produits céréaliers;350.0;9.9;73.7;1.0;;0.13
9437;Farine de blé tendre ou froment avec levure incorporée;produits céréaliers;350.0;10.0;74.0;1.0;;
9440;Farine de blé tendre ou froment T45 (pour pâtisserie);produits céréaliers;355.0;9.25;76.5;0.82;;0.098
9445;Farine de blé tendre ou froment T80;produits céréaliers;355.0;10.9;73.2;1.18;;0.007
9480;Farine d'épeautre (grand épeautre);produits céréaliers;352.0;12.5;64.0;3.0;;0.13
9510;Amidon de maïs ou fécule de maïs;produits céréaliers;365.0;0.26;90.4;0.05;;0.023
9520;Farine de riz;produits céréaliers;357.0;8.0;73.9;2.5;;0.13
9530;Farine de seigle T170;produits céréaliers;315.0;17.1;44.8;2.22;;0.005
9532;Farine de seigle T85;produits céréaliers;345.0;10.5;68.7;1.33;;0.005
9533;Farine de seigle T130;produits céréaliers;344.0;7.76;70.9;1.12;;0.009
9540;Farine de sarrasin;produits céréaliers;348.0;11.5;68.4;2.19;;0.06
9545;Farine de maïs;produits céréaliers;362.0;5.59;80.9;1.39;;0.003
9550;Farine d'orge;produits céréaliers;337.0;11.3;64.4;1.6;;0.01
9555;Farine de millet;produits céréaliers;350.0;10.2;63.2;4.1;;0.13
9570;Farine de châtaigne;produits céréaliers;362.0;6.1;70.4;3.43;;
9580;Farine de pois chiche;produits céréaliers;359.0;22.4;47.0;6.69;;0.16
20915;Farine de soja complète;produits céréaliers;457.0;37.8;25.7;20.7;;0.033
96781;Amidon de riz;produits céréaliers;343.0;0.63;85.0;0.0;;
23399;Pâte brisée, préemballée, cuite (aliment moyen);produits céréaliers;473.0;8.19;46.4;26.4;;1.73
23402;Pâte à pizza fine, préemballée, crue;produits céréaliers;285.0;8.3;47.4;6.6;;1.81
23410;Pâte brisée, matière grasse végétale, préemballée, crue;produits céréaliers;392.0;5.67;42.7;21.7;;1.15
23412;Pâte brisée, matière grasse végétale, préemballée, cuite;produits céréaliers;473.0;8.19;46.4;26.4;;1.73
23414;Pâte brisée, pur beurre, préemballée, crue;produits céréaliers;390.0;6.5;45.0;20.0;;1.69
23415;Pâte brisée, pur beurre, surgelée, préemballée, crue;produits céréaliers;387.0;6.2;43.3;20.7;;0.83
23416;Pâte brisée, pur beurre, préemballée, cuite;produits céréaliers;497.0;8.31;61.1;23.9;;1.25
23420;Pâte feuilletée, matière grasse végétale, crue;produits céréaliers;385.0;6.3;41.0;21.4;;1.13
23424;Pâte feuilletée, pur beurre, préemballée, crue;produits céréaliers;370.0;6.0;40.0;20.0;;1.68
23425;Pâte feuilletée, pur beurre, surgelée, préemballée, crue;produits céréaliers;398.0;5.47;35.3;25.8;;0.86
23426;Pâte feuilletée, pur beurre, préemballée, cuite;produits céréaliers;560.0;6.28;42.0;40.5;;1.11
23430;Feuille de brick ou khatfa, préemballée, cuite à sec sans matière grasse;produits céréaliers;277.0;6.75;57.1;1.76;;
23440;Pâte sablée, préemballée, crue;produits céréaliers;419.0;5.31;50.0;21.8;;0.25
23442;Pâte sablée, préemballée, cuite;produits céréaliers;504.0;5.7;64.3;24.6;;0.27
23444;Pâte sablée, pur beurre, préemballée, crue;produits céréaliers;383.0;5.95;53.6;15.8;;0.035
23445;Pâte phyllo ou pâte filo, crue;produits céréaliers;289.0;7.1;50.7;6.0;;1.21
23446;Pâte sablée, pur beurre, surgelée, préemballée, crue;produits céréaliers;423.0;4.9;60.9;17.5;;0.17
23448;Pâte sablée, pur beurre, préemballée, cuite;produits céréaliers;469.0;6.2;63.0;20.9;;0.47
37001;Pâte à pizza, préemballée, crue;produits céréaliers;240.0;7.05;44.2;3.45;;1.31
51550;Feuille de brick ou khatfa, préemballée;produits céréaliers;283.0;7.0;59.0;1.5;;3.25
96778;Pâte à pizza, préemballée, cuite;produits céréaliers;321.0;8.5;54.6;7.1;;1.7
6584;Viande blanche, cuite (aliment moyen);viandes, oeufs, poissons;177.0;28.0;0.1;7.12;;0.18
6585;Viande rouge, cuite (aliment moyen);viandes, oeufs, poissons;170.0;26.3;0.025;7.22;;0.21
6999;Viande cuite (aliment moyen);viandes, oeufs, poissons;174.0;27.2;0.14;7.18;;0.2
36042;Volaille, viande cuite (aliment moyen);viandes, oeufs, poissons;152.0;27.8;0.031;4.36;;0.2
36900;Volaille, cuite (aliment moyen);viandes, oeufs, poissons;167.0;27.3;0.033;6.37;;0.25
6100;Boeuf, entrecôte, partie maigre grillée/poêlée;viandes, oeufs, poissons;198.0;25.5;0.0;10.7;;0.15
6101;Boeuf braisé;viandes, oeufs, poissons;240.0;32.1;0.0;12.4;;0.15
6104;Boeuf, gîte à la noix cuit;viandes, oeufs, poissons;102.0;21.0;0.2;1.9;;
6105;Boeuf, faux-filet rôti/cuit au four;viandes, oeufs, poissons;194.0;28.8;0.0;8.71;;
6110;Boeuf, faux-filet grillé/poêlé;viandes, oeufs, poissons;182.0;27.1;0.0;8.17;;0.14
6123;Boeuf, plat de côtes braisé ou bouilli/cuit à l'eau;viandes, oeufs, poissons;269.0;37.3;0.0;13.3;;0.13
6131;Boeuf, hampe grillée/poêlée;viandes, oeufs, poissons;174.0;21.6;0.0;9.76;;
6141;Boeuf, joue, braisée ou bouillie/cuite à l'eau;viandes, oeufs, poissons;236.0;39.2;0.0;8.82;;
6151;Boeuf, jarret bouilli/cuit à l'eau;viandes, oeufs, poissons;161.0;31.0;0.0;4.1;;
6161;Boeuf, tende de tranche grillée/poêlée;viandes, oeufs, poissons;141.0;28.7;0.0;2.92;;
6162;Boeuf, tende de tranche rôtie/cuite au four;viandes, oeufs, poissons;146.0;29.8;0.0;3.03;;
6200;Boeuf, steak ou bifteck grillé/poêlé;viandes, oeufs, poissons;128.0;27.6;0.0;1.95;;0.16
6205;Boeuf, onglet grillé/poêlé;viandes, oeufs, poissons;171.0;23.0;0.0;8.8;;
6207;Boeuf, rumsteck grillé/poêlé;viandes, oeufs, poissons;138.0;29.0;;2.1;;0.16
6208;Boeuf, boule de macreuse grillée/poêlée;viandes, oeufs, poissons;144.0;26.7;0.0;4.11;;
6210;Boeuf, rosbif rôti/cuit au four;viandes, oeufs, poissons;126.0;24.1;0.3;3.16;;0.1
6211;Boeuf, bavette d'aloyau grillée/poêlée;viandes, oeufs, poissons;162.0;25.0;0.0;6.94;;
6214;Boeuf, boule de macreuse rôtie/cuite au four;viandes, oeufs, poissons;147.0;27.3;0.0;4.2;;
6230;Boeuf, à bourguignon ou pot-au-feu, cuit;viandes, oeufs, poissons;172.0;34.0;0.0;4.05;;0.15
6241;Boeuf, collier braisé;viandes, oeufs, poissons;184.0;33.0;0.0;5.8;;
6251;Boeuf, steak haché 5% MG cuit;viandes, oeufs, poissons;155.0;25.5;0.0;5.85;;0.16
6253;Boeuf, steak haché 10% MG cuit;viandes, oeufs, poissons;210.0;26.1;0.0;11.8;;0.17
6255;Boeuf, steak haché 15% MG cuit;viandes, oeufs, poissons;239.0;23.6;0.0;16.1;;0.21
6257;Boeuf, steak haché 20% MG cuit;viandes, oeufs, poissons;265.0;23.0;0.0;19.2;;0.19
6259;Boeuf, steak haché, cuit (aliment moyen);viandes, oeufs, poissons;229.0;23.8;0.0;14.9;;0.2
6271;Boeuf, paleron, braisé ou bouilli/cuit à l'eau;viandes, oeufs, poissons;251.0;36.8;0.2;11.4;;0.17
6310;Boeuf, queue bouillie/cuite à l'eau;viandes, oeufs, poissons;196.0;28.0;0.0;9.3;;
6511;Veau, côte grillée/poêlée;viandes, oeufs, poissons;156.0;25.1;0.0;6.24;;0.25
6512;Veau, carré grillé/poêlé;viandes, oeufs, poissons;171.0;28.0;0.0;6.6;;
6520;Veau, escalope cuite;viandes, oeufs, poissons;147.0;31.0;0.0;2.5;;0.15
6523;Veau, noix grillée/poêlée;viandes, oeufs, poissons;147.0;29.1;0.0;3.44;;
6524;Veau, noix rôtie/cuite au four;viandes, oeufs, poissons;147.0;29.1;0.0;3.44;;
6531;Veau, filet rôti/cuit au four;viandes, oeufs, poissons;212.0;24.8;0.5;12.3;;0.23
6551;Veau, rôti cuit;viandes, oeufs, poissons;143.0;28.1;0.0;3.39;;0.17
6562;Veau, épaule grillée/poêlée;viandes, oeufs, poissons;166.0;27.6;0.0;6.17;;
6563;Veau, épaule braisée ou bouillie;viandes, oeufs, poissons;219.0;36.4;0.0;8.14;;
6564;Veau, viande, cuite (aliment moyen);viandes, oeufs, poissons;164.0;29.1;0.011;5.25;;0.19
6581;Veau, jarret braisé ou bouilli;viandes, oeufs, poissons;207.0;37.4;0.0;6.43;;
6582;Veau, tête, bouillie/cuite à l'eau;viandes, oeufs, poissons;187.0;21.0;0.0;11.4;;
6591;Veau, collier braisé ou bouilli;viandes, oeufs, poissons;233.0;34.9;0.0;10.4;;
28010;Porc, épaule cuite;viandes, oeufs, poissons;253.0;30.0;0.0;14.8;;0.12
28101;Porc, côte grillée/poêlée;viandes, oeufs, poissons;211.0;29.6;0.0;10.3;;0.14
28103;Porc, rouelle de jambon cuite;viandes, oeufs, poissons;266.0;36.9;0.0;13.1;;0.18
28105;Porc, carré cuit;viandes, oeufs, poissons;206.0;34.1;0.6;7.45;;0.097
28202;Porc, filet maigre, en rôti, cuit;viandes, oeufs, poissons;198.0;28.3;0.0;9.39;;0.15
28203;Porc, filet mignon cuit;viandes, oeufs, poissons;168.0;26.1;0.0;7.1;;0.13
28205;Porc, viande, cuite (aliment moyen);viandes, oeufs, poissons;207.0;29.4;0.22;9.89;;0.12
28301;Porc, rôti cuit;viandes, oeufs, poissons;163.0;30.5;0.65;4.31;;0.081
28401;Porc, travers braisé;viandes, oeufs, poissons;332.0;23.1;0.0;26.6;;0.12
28451;Porc, échine rôtie/cuite au four;viandes, oeufs, poissons;295.0;26.2;0.0;21.2;;0.15
28461;Porc, escalope de jambon cuite;viandes, oeufs, poissons;200.0;36.0;0.0;6.2;;0.19
36004;Poulet, cuisse, viande et peau rôtie/cuite au four;viandes, oeufs, poissons;205.0;25.9;;11.3;;0.23
36005;Poulet, viande et peau rôties/cuites au four;viandes, oeufs, poissons;204.0;28.9;0.0;9.88;;0.4
36006;Poulet, cuisse, viande rôtie/cuite au four;viandes, oeufs, poissons;171.0;24.8;0.0;8.03;;0.26
36018;Poulet, filet sans peau grillé/poêlé;viandes, oeufs, poissons;141.0;30.1;0.0;2.0;;0.14
36030;Poulet, cuisse, viande bouillie/cuite à l'eau;viandes, oeufs, poissons;188.0;24.8;0.7;9.52;;0.23
36031;Poulet, cuisse, viande et peau bouillie/cuite à l'eau;viandes, oeufs, poissons;187.0;26.1;0.55;9.1;;0.18
36032;Poulet, poitrine, viande et peau rôties/cuites au four;viandes, oeufs, poissons;189.0;29.8;0.0;7.78;;0.18
36033;Poulet, aile, viande et peau rôties/cuites au four;viandes, oeufs, poissons;247.0;23.8;0.0;16.9;;0.25
36041;Poulet, filet sans peau grillé/poêlé, bio;viandes, oeufs, poissons;144.0;31.1;0.0;1.8;;0.12
36302;Dinde, viande rôtie/cuite au four;viandes, oeufs, poissons;151.0;29.1;0.0;3.84;;0.25
36306;Dinde, escalope grillée/poêlée;viandes, oeufs, poissons;124.0;28.5;0.0;1.09;;0.16
36308;Dinde, escalope rôtie/cuite au four;viandes, oeufs, poissons;139.0;30.1;0.0;2.08;;0.25
21501;Agneau, côtelette grillée/poêlée;viandes, oeufs, poissons;240.0;25.7;0.0;15.2;;0.31
21503;Agneau, gigot rôti/cuit au four;viandes, oeufs, poissons;169.0;26.8;0.0;6.85;;0.19
21506;Agneau, épaule rôtie/cuite au four;viandes, oeufs, poissons;252.0;30.5;0.0;14.5;;0.24
21507;Agneau, épaule maigre rôtie/cuite au four;viandes, oeufs, poissons;197.0;24.9;0.0;10.8;;0.17
21508;Agneau, collier braisé ou bouilli;viandes, oeufs, poissons;365.0;33.6;0.0;25.6;;
21509;Agneau, côte filet grillée/poêlée;viandes, oeufs, poissons;157.0;26.3;0.0;5.78;;
21512;Agneau, côte première grillée/poêlée;viandes, oeufs, poissons;185.0;26.1;0.0;9.01;;0.18
21513;Agneau, selle, partie maigre rôtie/cuite au four;viandes, oeufs, poissons;153.0;26.1;0.0;5.45;;0.16
21518;Agneau, gigot grillé/poêlé;viandes, oeufs, poissons;174.0;27.6;0.0;7.08;;
21519;Agneau, gigot braisé;viandes, oeufs, poissons;222.0;35.2;0.0;9.03;;
21520;Agneau, selle, partie maigre grillée/poêlée;viandes, oeufs, poissons;153.0;26.1;0.0;5.45;;
21522;Agneau, côte ou côtelette, cuite (aliment moyen);viandes, oeufs, poissons;157.0;26.3;0.0;5.78;;
21523;Agneau, viande, cuite (aliment moyen);viandes, oeufs, poissons;193.0;28.5;0.0;8.78;;
21524;Agneau, côte ou côtelette, grillée/poêlée (aliment moyen);viandes, oeufs, poissons;157.0;26.3;0.0;5.78;;
14000;Chevreuil, viande rôtie/cuite au four;viandes, oeufs, poissons;174.0;32.6;0.0;4.8;;0.17
14003;Sanglier, viande rôtie/cuite au four;viandes, oeufs, poissons;153.0;28.3;0.0;4.38;;0.15
14007;Cerf, viande rôtie/cuite au four;viandes, oeufs, poissons;150.0;30.2;0.0;3.19;;0.14
14008;Gibier à poil, cuit (aliment moyen);viandes, oeufs, poissons;160.0;30.2;0.0;4.36;;0.15
36402;Faisan, viande rôtie/cuite au four;viandes, oeufs, poissons;239.0;32.4;0.0;12.1;;0.11
36603;Gibier à plumes, viande, cuit (aliment moyen);viandes, oeufs, poissons;203.0;24.9;0.0;11.5;;0.69
6902;Cheval, viande rôtie/cuite au four;viandes, oeufs, poissons;138.0;28.0;0.0;2.85;;0.1
6906;Cheval, tende de tranche grillée/poêlée;viandes, oeufs, poissons;135.0;27.9;0.0;2.58;;
6907;Cheval, faux-filet grillé/poêlé;viandes, oeufs, poissons;163.0;26.6;0.0;6.27;;
6908;Cheval, entrecôte grillée/poêlée;viandes, oeufs, poissons;169.0;28.2;0.0;6.24;;
6909;Cheval, faux-filet rôti/cuit au four;viandes, oeufs, poissons;173.0;28.3;0.0;6.68;;
6910;Cheval, tende de tranche rôtie/cuite au four;viandes, oeufs, poissons;144.0;29.7;0.0;2.75;;
21801;Chevreau, viande cuite;viandes, oeufs, poissons;136.0;27.1;0.0;3.03;;0.22
34000;Lapin, viande braisée;viandes, oeufs, poissons;197.0;30.4;0.0;8.41;;0.093
34002;Lapin, viande cuite;viandes, oeufs, poissons;167.0;20.5;0.5;9.2;;0.16
34004;Lapin de garenne, viande cuite;viandes, oeufs, poissons;164.0;33.0;0.0;3.51;;0.11
36051;Chapon, viande et peau rôties/cuites au four;viandes, oeufs, poissons;221.0;29.0;0.0;11.7;;0.12
36102;Caille, viande et peau cuites;viandes, oeufs, poissons;206.0;26.8;0.0;10.9;;0.13
36200;Canard, viande et peau rôties/cuites au four;viandes, oeufs, poissons;331.0;19.0;0.0;28.4;;0.15
36202;Canard, viande rôtie/cuite au four;viandes, oeufs, poissons;194.0;23.3;0.0;11.2;;0.39
36205;Canard, magret grillé/poêlé;viandes, oeufs, poissons;188.0;26.7;0.0;9.05;;1.09
36502;Oie, viande rôtie/cuite au four;viandes, oeufs, poissons;230.0;29.0;0.0;12.7;;0.19
36503;Oie, viande et peau rôties/cuites au four;viandes, oeufs, poissons;298.0;25.2;0.0;21.9;;0.18
36602;Pigeon, viande rôtie/cuite au four;viandes, oeufs, poissons;213.0;23.9;0.0;13.0;;0.14
36801;Autruche, viande cuite;viandes, oeufs, poissons;168.0;26.2;0.0;7.07;;0.2
40003;Cervelle, agneau, cuite;viandes, oeufs, poissons;142.0;12.6;0.19;10.2;;0.34
40004;Cervelle, porc, braisée;viandes, oeufs, poissons;174.0;12.4;0.05;13.8;;0.33
40007;Cervelle, veau, cuite;viandes, oeufs, poissons;135.0;11.5;0.6;9.63;;0.39
40053;Coeur, boeuf, cuit;viandes, oeufs, poissons;133.0;23.0;0.0;4.5;;0.15
40056;Coeur, poulet, cuit;viandes, oeufs, poissons;177.0;26.4;0.1;7.92;;0.12
40057;Coeur, dinde, cuit;viandes, oeufs, poissons;167.0;24.9;0.0;7.52;;0.35
40059;Coeur, agneau, cuit;viandes, oeufs, poissons;179.0;25.0;1.93;7.91;;0.16
40103;Foie, agneau, cuit;viandes, oeufs, poissons;162.0;23.0;4.37;5.8;;0.31
40105;Foie, génisse, cuit;viandes, oeufs, poissons;165.0;26.3;2.2;5.71;;0.19
40107;Foie, veau, cuit;viandes, oeufs, poissons;140.0;19.0;9.23;3.02;;0.21
40109;Foie, volaille, cuit;viandes, oeufs, poissons;164.0;25.8;0.0;6.4;;0.25
40113;Foie, porc, cuit;viandes, oeufs, poissons;159.0;26.0;3.76;4.4;;0.12
40116;Foie, poulet, cuit;viandes, oeufs, poissons;160.0;24.5;0.86;6.51;;0.19
40118;Foie, dinde, cuit;viandes, oeufs, poissons;182.0;27.0;0.0;8.18;;0.25
40201;Langue, veau, cuite;viandes, oeufs, poissons;237.0;21.0;0.0;17.0;;0.16
40203;Langue, boeuf, cuite;viandes, oeufs, poissons;236.0;23.7;0.22;15.6;;0.16
40303;Ris, agneau, cuit;viandes, oeufs, poissons;228.0;22.8;0.25;15.1;;0.13
40305;Ris, veau, braisé ou grillé/poêlé;viandes, oeufs, poissons;174.0;21.0;9.52;5.8;;0.15
40401;Rognon, cuit (aliment moyen);viandes, oeufs, poissons;165.0;26.3;0.018;6.68;;0.25
40403;Rognon, boeuf, cuit;viandes, oeufs, poissons;171.0;27.0;0.0;7.0;;0.24
40405;Rognon, porc, cuit;viandes, oeufs, poissons;144.0;25.4;0.0;4.7;;0.2
40406;Rognon, agneau, braisé;viandes, oeufs, poissons;131.0;23.7;0.99;3.62;;0.38
40408;Rognon, veau, braisé ou grillé/poêlé;viandes, oeufs, poissons;167.0;26.0;0.0;7.0;;0.28
40601;Abat, cuit (aliment moyen);viandes, oeufs, poissons;159.0;27.4;2.18;4.58;;0.97
40701;Gésier, canard, confit, appertisé;viandes, oeufs, poissons;148.0;32.4;0.0;2.1;;1.92
6001;Boeuf, côte crue;viandes, oeufs, poissons;251.0;18.7;0.0;19.6;;0.16
6002;Boeuf, épaule crue;viandes, oeufs, poissons;130.0;21.4;0.0;4.97;;0.18
6003;Boeuf, basse-côte crue;viandes, oeufs, poissons;201.0;19.0;1.45;13.2;;0.17
6102;Boeuf, gîte à la noix cru;viandes, oeufs, poissons;187.0;20.7;0.0;11.5;;0.14
6103;Boeuf, entrecôte crue;viandes, oeufs, poissons;231.0;19.4;0.0;17.1;;0.075
6106;Boeuf, rond de gîte cru;viandes, oeufs, poissons;111.0;22.9;0.38;2.02;;0.15
6111;Boeuf, faux-filet cru;viandes, oeufs, poissons;152.0;22.3;0.6;6.74;;0.082
6116;Boeuf, filet cru;viandes, oeufs, poissons;132.0;21.6;0.22;4.95;;0.15
6122;Boeuf, plat de côtes cru;viandes, oeufs, poissons;287.0;18.4;0.0;23.7;;0.12
6130;Boeuf, hampe crue;viandes, oeufs, poissons;154.0;19.0;0.0;8.63;;0.15
6140;Boeuf, joue crue;viandes, oeufs, poissons;136.0;22.3;0.4;5.02;;0.18
6160;Boeuf, tende de tranche crue;viandes, oeufs, poissons;116.0;23.1;0.57;2.34;;0.078
6201;Boeuf, steak ou bifteck cru;viandes, oeufs, poissons;229.0;18.7;0.06;17.2;;0.15
6202;Boeuf, boule de macreuse crue;viandes, oeufs, poissons;118.0;21.8;0.0;3.36;;0.097
6204;Boeuf, onglet cru;viandes, oeufs, poissons;138.0;19.9;0.62;6.18;;0.18
6206;Boeuf, rumsteck cru;viandes, oeufs, poissons;118.0;23.5;0.4;2.5;;0.14
6212;Boeuf, bavette d'aloyau crue;viandes, oeufs, poissons;133.0;20.4;0.0;5.67;;0.085
6231;Boeuf, à bourguignon ou pot-au-feu, cru;viandes, oeufs, poissons;164.0;24.0;0.0;7.5;;0.1
6240;Boeuf, collier cru;viandes, oeufs, poissons;198.0;20.1;0.78;12.7;;0.17
6250;Boeuf, steak haché 5% MG cru;viandes, oeufs, poissons;130.0;21.9;0.3;4.59;;0.097
6252;Boeuf, steak haché 10% MG cru;viandes, oeufs, poissons;170.0;20.0;0.0;10.0;;0.17
6254;Boeuf, steak haché 15% MG cru;viandes, oeufs, poissons;215.0;20.2;0.47;14.8;;0.1
6256;Boeuf, steak haché 20% MG cru;viandes, oeufs, poissons;249.0;17.2;0.0;20.0;;0.17
6270;Boeuf, paleron cru;viandes, oeufs, poissons;144.0;21.2;0.0;6.54;;0.12
6311;Boeuf, queue crue;viandes, oeufs, poissons;203.0;21.5;0.23;12.9;;0.28
6510;Veau, côte crue;viandes, oeufs, poissons;189.0;18.3;0.0;12.9;;0.11
6513;Veau, carré cru;viandes, oeufs, poissons;128.0;19.3;0.4;5.44;;0.21
6521;Veau, escalope crue;viandes, oeufs, poissons;114.0;20.5;0.58;3.28;;0.097
6522;Veau, noix,crue;viandes, oeufs, poissons;111.0;21.8;0.0;2.58;;0.16
6530;Veau, filet cru;viandes, oeufs, poissons;95.0;20.6;0.0;1.4;;0.24
6535;Veau, steak haché 20% MG cru;viandes, oeufs, poissons;243.0;16.7;0.4;19.5;;0.19
6536;Veau, steak haché 15% MG cru;viandes, oeufs, poissons;208.0;18.2;0.0;15.0;;0.17
6540;Veau, poitrine crue;viandes, oeufs, poissons;203.0;17.5;0.0;14.8;;0.18
6550;Veau, rôti cru;viandes, oeufs, poissons;145.0;27.3;0.0;3.96;;0.2
6560;Veau, épaule crue;viandes, oeufs, poissons;124.0;20.7;0.0;4.63;;0.15
6580;Veau, pied cru;viandes, oeufs, poissons;184.0;19.1;0.0;12.0;;0.12
6583;Veau, jarret cru;viandes, oeufs, poissons;118.0;21.3;0.0;3.66;;0.21
6590;Veau, collier cru;viandes, oeufs, poissons;133.0;19.8;0.0;5.92;;0.15
28001;Porc, épaule crue;viandes, oeufs, poissons;178.0;18.9;0.38;11.2;;0.12
28002;Porc, poitrine crue;viandes, oeufs, poissons;253.0;17.0;0.0;20.5;;0.14
28009;Porc, palette crue;viandes, oeufs, poissons;208.0;24.8;0.0;12.1;;0.18
28100;Porc, côte crue;viandes, oeufs, poissons;164.0;19.8;0.38;9.3;;0.12
28102;Porc, rouelle de jambon crue;viandes, oeufs, poissons;149.0;20.2;0.0;7.56;;0.14
28104;Porc, carré cru;viandes, oeufs, poissons;146.0;22.7;0.4;5.94;;0.094
28204;Porc, filet mignon cru;viandes, oeufs, poissons;123.0;21.2;0.4;4.09;;0.11
28300;Porc, rôti cru;viandes, oeufs, poissons;153.0;22.3;0.5;6.86;;0.1
28302;Porc, échine crue;viandes, oeufs, poissons;238.0;17.1;0.1;18.8;;0.18
28400;Porc, travers cru;viandes, oeufs, poissons;237.0;18.0;0.6;18.0;;0.12
28460;Porc, escalope de jambon crue;viandes, oeufs, poissons;129.0;21.5;0.0;4.76;;0.12
28470;Porc, bardière découennée crue;viandes, oeufs, poissons;744.0;4.51;0.1;80.6;;0.1
28471;Porc, gorge découennée crue;viandes, oeufs, poissons;475.0;11.6;0.14;47.5;;0.17
28472;Porc, hachage sans jarret, sans bateau, découenné, dégraissé, désossé, cru;viandes, oeufs, poissons;187.0;18.9;0.23;12.3;;0.2
28473;Porc, jambon sans jarret, sans bateau, découenné, dégraissé, désossé, cru;viandes, oeufs, poissons;141.0;20.9;0.28;6.3;;0.18
28474;Porc, jambonneau arrière, découenné, dégraisssé, désossé, cru;viandes, oeufs, poissons;148.0;20.2;0.28;7.31;;0.22
28475;Porc, maigre 90/10 cru;viandes, oeufs, poissons;212.0;18.8;0.24;15.1;;0.17
28476;Porc, maigre 80/20 cru;viandes, oeufs, poissons;293.0;17.3;0.26;24.7;;0.17
28477;Porc, palette, découennée, dégraissée, désossée, crue;viandes, oeufs, poissons;174.0;19.9;0.25;10.4;;0.2
28479;Porc, poitrine cutter, sans mouille, crue;viandes, oeufs, poissons;323.0;15.9;0.22;28.7;;0.18
28480;Porc, rôti filet avec chaînette, cru;viandes, oeufs, poissons;146.0;22.3;0.37;6.2;;0.16
36000;Poule, viande et peau crues;viandes, oeufs, poissons;255.0;17.6;0.4;20.3;;0.18
36001;Poule, viande crue;viandes, oeufs, poissons;142.0;21.3;0.0;6.32;;0.2
36002;Poulet, cuisse, viande et peau crue;viandes, oeufs, poissons;192.0;17.3;0.0;13.5;;0.22
36003;Poulet, viande crue;viandes, oeufs, poissons;109.0;20.9;0.0;2.89;;0.19
36007;Poulet blanc, viande et peau crues;viandes, oeufs, poissons;122.0;20.8;0.0;4.3;;0.2
36008;Poulet fermier, viande et peau crues;viandes, oeufs, poissons;120.0;22.0;0.0;3.5;;0.21
36014;Poule, cuisse crue;viandes, oeufs, poissons;131.0;19.6;0.0;5.92;;0.27
36016;Poulet, viande et peau crues;viandes, oeufs, poissons;173.0;21.5;0.3;9.54;;0.15
36017;Poulet, filet sans peau cru;viandes, oeufs, poissons;110.0;23.4;0.0;1.5;;0.11
36019;Poulet, haut de cuisse, viande crue;viandes, oeufs, poissons;116.0;19.7;0.0;4.12;;0.24
36020;Poulet éviscéré sans abats, cru;viandes, oeufs, poissons;210.0;18.6;0.0;15.1;;0.18
36022;Poulet, pilon cru;viandes, oeufs, poissons;155.0;18.1;0.0;9.2;;0.27
36023;Poulet, aile, viande et peau crues;viandes, oeufs, poissons;181.0;20.4;0.0;11.0;;0.22
36024;Poulet, cuisse, viande crue;viandes, oeufs, poissons;114.0;19.3;0.0;4.05;;0.23
36029;Poulet, poitrine, viande et peau crues;viandes, oeufs, poissons;167.0;20.9;0.0;9.25;;0.16
36037;Poulet, cuisse, viande et peau crues bio;viandes, oeufs, poissons;193.0;18.1;0.0;13.3;;0.19
36038;Poulet, cuisse, viande et peau crues label rouge;viandes, oeufs, poissons;173.0;19.1;0.0;10.6;;0.21
36039;Poulet, filet sans peau cru, bio;viandes, oeufs, poissons;118.0;24.6;0.0;1.8;;0.095
36040;Poulet, filet sans peau cru, label rouge;viandes, oeufs, poissons;113.0;25.2;0.0;1.0;;0.1
36300;Dinde, viande et peau crues;viandes, oeufs, poissons;137.0;21.6;0.0;5.64;;0.28
36301;Dinde, viande crue;viandes, oeufs, poissons;108.0;22.6;0.0;1.93;;0.3
36304;Dinde, escalope crue;viandes, oeufs, poissons;108.0;23.7;0.0;1.48;;0.28
36305;Dinde, cuisse, viande et peau crues;viandes, oeufs, poissons;149.0;19.7;0.0;7.85;;0.23
36307;Dinde, cuisse, viande crue;viandes, oeufs, poissons;108.0;21.3;0.0;2.5;;0.31
36310;Dinde, aile crue;viandes, oeufs, poissons;192.0;20.2;0.0;12.3;;0.14
21001;Mouton, viande crue;viandes, oeufs, poissons;137.0;20.6;0.0;6.11;;0.22
21003;Mouton, épaule crue;viandes, oeufs, poissons;228.0;17.3;0.1;17.6;;0.21
21004;Mouton, pied cru;viandes, oeufs, poissons;204.0;18.1;0.0;14.6;;0.19
21005;Mouton, tête crue;viandes, oeufs, poissons;204.0;18.1;0.0;14.6;;0.19
21006;Mouton, gigot cru;viandes, oeufs, poissons;225.0;18.0;0.0;17.0;;0.2
21500;Agneau, côtelette crue;viandes, oeufs, poissons;333.0;15.4;0.0;30.1;;0.17
21502;Agneau, gigot cru;viandes, oeufs, poissons;128.0;20.0;0.48;5.13;;0.12
21504;Agneau, épaule crue;viandes, oeufs, poissons;170.0;18.3;0.45;10.6;;0.2
21505;Agneau, épaule maigre crue;viandes, oeufs, poissons;139.0;19.6;0.0;6.76;;0.18
21514;Agneau, collier cru;viandes, oeufs, poissons;195.0;18.0;0.0;13.7;;0.2
21515;Agneau, selle crue;viandes, oeufs, poissons;236.0;17.5;0.0;18.4;;0.14
21516;Agneau, côte filet crue;viandes, oeufs, poissons;232.0;17.6;0.0;18.0;;0.18
21517;Agneau, côte première crue;viandes, oeufs, poissons;276.0;16.9;0.0;23.1;;0.2
21521;Agneau, côte ou côtelette, crue (aliment moyen);viandes, oeufs, poissons;262.0;16.6;0.35;21.5;;0.19
21525;Agneau, côte découverte crue;viandes, oeufs, poissons;205.0;16.3;1.38;15.0;;0.21
14002;Sanglier, viande crue;viandes, oeufs, poissons;150.0;21.5;0.0;7.14;;0.21
14004;Lièvre, viande crue;viandes, oeufs, poissons;111.0;21.6;0.0;2.67;;0.15
14005;Chevreuil, viande crue;viandes, oeufs, poissons;110.0;23.0;0.0;2.0;;0.053
14006;Cerf, viande crue;viandes, oeufs, poissons;114.0;23.0;0.0;2.42;;0.13
36401;Faisan, viande crue;viandes, oeufs, poissons;126.0;23.2;0.0;3.73;;0.097
36403;Faisan, viande et peau crues;viandes, oeufs, poissons;164.0;23.2;0.0;7.95;;0.09
6900;Cheval, viande crue;viandes, oeufs, poissons;132.0;20.2;0.5;5.5;;0.14
6901;Cheval, steak ou bifteck cru;viandes, oeufs, poissons;129.0;21.4;0.4;4.6;;0.13
6903;Cheval, tende de tranche crue;viandes, oeufs, poissons;106.0;22.7;0.0;1.68;;
6904;Cheval, faux-filet cru;viandes, oeufs, poissons;121.0;22.2;0.0;3.58;;
6905;Cheval, entrecôte crue;viandes, oeufs, poissons;118.0;22.1;0.0;3.34;;
21800;Chevreau, viande crue;viandes, oeufs, poissons;103.0;20.6;0.0;2.31;;0.21
34001;Lapin, viande crue;viandes, oeufs, poissons;188.0;20.4;0.58;11.6;;0.14
34003;Lapin de garenne, viande crue;viandes, oeufs, poissons;108.0;21.8;0.0;2.32;;0.13
36050;Chapon, viande et peau crues;viandes, oeufs, poissons;195.0;19.9;0.0;12.8;;0.14
36100;Caille, viande et peau crues;viandes, oeufs, poissons;140.0;19.6;0.0;6.8;;0.13
36101;Caille, viande crue;viandes, oeufs, poissons;128.0;21.8;0.0;4.53;;0.13
36201;Canard, viande crue;viandes, oeufs, poissons;127.0;18.3;0.0;5.95;;0.19
36203;Canard, cuisse avec peau, sans os, crue;viandes, oeufs, poissons;104.0;18.7;0.3;3.1;;0.26
36204;Canard, viande et peau crues;viandes, oeufs, poissons;273.0;17.4;0.0;22.6;;0.14
36206;Canard, magret cru;viandes, oeufs, poissons;337.0;17.9;0.1;29.4;;0.21
36500;Oie, viande crue;viandes, oeufs, poissons;155.0;22.8;0.0;7.13;;0.22
36501;Oie, viande et peau crues;viandes, oeufs, poissons;366.0;15.9;0.0;33.6;;0.18
36600;Pigeon, viande crue;viandes, oeufs, poissons;213.0;18.0;0.0;15.7;;0.13
36700;Pintade, viande crue;viandes, oeufs, poissons;128.0;22.0;0.0;4.46;;0.17
36702;Pintade, poitrine crue;viandes, oeufs, poissons;107.0;25.1;0.0;0.7;;0.13
36703;Pintade, cuisse crue;viandes, oeufs, poissons;118.0;22.8;0.2;2.9;;0.18
36800;Autruche, viande crue;viandes, oeufs, poissons;159.0;20.2;0.0;8.7;;0.18
40002;Cervelle, agneau, crue;viandes, oeufs, poissons;121.0;10.4;0.49;8.58;;0.28
40005;Cervelle, porc, crue;viandes, oeufs, poissons;128.0;10.3;1.02;9.21;;0.3
40006;Cervelle, veau, crue;viandes, oeufs, poissons;116.0;10.3;0.33;8.21;;0.32
40052;Coeur, boeuf, cru;viandes, oeufs, poissons;103.0;18.5;0.6;2.95;;0.2
40054;Coeur, poulet, cru;viandes, oeufs, poissons;149.0;15.6;0.71;9.33;;0.19
40055;Coeur, dinde, cru;viandes, oeufs, poissons;135.0;16.7;0.4;7.44;;0.32
40058;Coeur, agneau, cru;viandes, oeufs, poissons;118.0;16.5;0.21;5.68;;0.22
40060;Coeur, porc, cru;viandes, oeufs, poissons;114.0;17.3;1.32;4.36;;0.14
40062;Coeur, veau, cru;viandes, oeufs, poissons;105.0;17.2;0.08;3.98;;0.19
40102;Foie, agneau, cru;viandes, oeufs, poissons;137.0;21.8;0.16;5.45;;0.14
40104;Foie, génisse, cru;viandes, oeufs, poissons;136.0;21.0;3.33;4.3;;0.15
40106;Foie, veau, cru;viandes, oeufs, poissons;120.0;15.5;5.64;3.4;;0.16
40108;Foie, volaille, cru;viandes, oeufs, poissons;134.0;21.5;1.25;4.75;;0.22
40110;Foie, lapin, cru;viandes, oeufs, poissons;134.0;19.0;5.39;4.0;;0.17
40111;Foie, poulet, cru;viandes, oeufs, poissons;114.0;16.9;0.73;4.83;;0.18
40115;Foie, dinde, cru;viandes, oeufs, poissons;123.0;18.3;0.0;5.5;;0.33
40119;Foie, porc, cru;viandes, oeufs, poissons;124.0;20.6;1.06;4.2;;0.34
40120;Foie, oie, cru;viandes, oeufs, poissons;129.0;16.4;6.32;4.28;;0.35
40121;Foie, canard, cru;viandes, oeufs, poissons;131.0;18.7;3.52;4.64;;0.35
40202;Langue, boeuf, crue;viandes, oeufs, poissons;195.0;16.8;0.82;13.8;;0.17
40204;Langue, veau, crue;viandes, oeufs, poissons;181.0;16.9;0.83;12.2;;0.23
40205;Langue, porc, crue;viandes, oeufs, poissons;222.0;16.3;0.5;17.2;;0.28
40207;Langue, agneau, crue;viandes, oeufs, poissons;167.0;15.4;1.75;10.9;;0.25
40302;Ris, agneau, cru;viandes, oeufs, poissons;148.0;14.8;0.17;9.82;;0.19
40304;Ris, veau, cru;viandes, oeufs, poissons;96.5;17.2;0.0;3.07;;0.17
40402;Rognon, boeuf, cru;viandes, oeufs, poissons;95.7;17.1;0.85;2.65;;0.42
40404;Rognon, porc, cru;viandes, oeufs, poissons;99.5;16.5;1.1;3.25;;0.3
40407;Rognon, agneau, cru;viandes, oeufs, poissons;93.9;14.7;1.08;3.43;;0.52
40409;Rognon, veau, cru;viandes, oeufs, poissons;94.5;15.8;0.85;3.12;;0.45
40502;Tripes, boeuf, crues;viandes, oeufs, poissons;81.5;12.1;0.0;3.69;;0.24
40600;Sang, boeuf, cru;viandes, oeufs, poissons;82.1;19.5;0.8;0.12;;0.6
40700;Gésier, poulet, cru;viandes, oeufs, poissons;99.1;16.8;0.0;3.53;;0.19
30900;Charcuterie (aliment moyen);viandes, oeufs, poissons;241.0;18.6;1.94;17.5;;2.22
8429;Jambon persillé en gelée;viandes, oeufs, poissons;151.0;19.0;0.48;7.9;;1.67
28700;Jambon de porc à cuire ou jambon à rôtir/cuire au four;viandes, oeufs, poissons;163.0;18.8;1.75;9.0;;1.8
28727;Filet de bacon;viandes, oeufs, poissons;118.0;23.1;0.7;2.6;;3.18
28803;Jambon cuit, fumé;viandes, oeufs, poissons;135.0;20.0;0.79;5.8;;1.93
28900;Jambon cuit, supérieur;viandes, oeufs, poissons;113.0;21.0;0.76;2.83;;1.87
28901;Jambon cuit, supérieur, avec couenne;viandes, oeufs, poissons;118.0;20.4;0.91;3.59;;1.96
28902;Jambon cuit, supérieur, découenné;viandes, oeufs, poissons;117.0;20.5;0.77;3.52;;1.87
28905;Jambon à l'os braisé;viandes, oeufs, poissons;198.0;21.6;0.3;12.3;;2.97
28906;Jambon cuit, supérieur, découenné dégraissé;viandes, oeufs, poissons;115.0;20.3;0.14;3.66;;1.82
28907;Jambon cuit, supérieur, dégraissé découenne, à teneur réduite en sel;viandes, oeufs, poissons;121.0;20.8;0.74;3.83;;1.48
28910;Jambon cuit, choix;viandes, oeufs, poissons;125.0;19.5;1.7;4.5;;2.1
28911;Épaule de porc, cuite, choix, découennée dégraissée;viandes, oeufs, poissons;124.0;18.0;2.8;4.5;;2.33
28912;Jambon cuit, choix, avec couenne;viandes, oeufs, poissons;137.0;19.4;0.55;6.3;;2.53
28913;Jambon cuit, choix, découenné dégraissé;viandes, oeufs, poissons;115.0;19.6;1.88;3.24;;1.96
28917;Rond de jambon cuit;viandes, oeufs, poissons;182.0;20.3;1.4;10.6;;
28922;Dés, allumettes, râpé ou haché de jambon;viandes, oeufs, poissons;120.0;17.9;2.08;4.46;;2.06
28924;Épaule de porc, cuite, standard, découennée dégraissée;viandes, oeufs, poissons;123.0;13.7;2.89;5.98;;2.82
28925;Jambon cuit, de Paris, découenné dégraissé;viandes, oeufs, poissons;115.0;20.0;1.08;3.42;;
28929;Dés, allumettes, râpé ou haché de jambon de volaille;viandes, oeufs, poissons;132.0;18.0;1.58;5.88;;2.2
28960;Jambonneau, cuit;viandes, oeufs, poissons;157.0;20.0;5.43;6.0;;1.99
28963;Jambon de poulet ou blanc de poulet en tranche;viandes, oeufs, poissons;105.0;20.7;1.39;1.79;;1.86
28964;Jambon de dinde ou blanc de dinde en tranche;viandes, oeufs, poissons;99.3;20.9;0.023;1.67;;1.9
28965;Jambon de volaille ou blanc de volaille, à teneur réduite en sel, en tranche;viandes, oeufs, poissons;108.0;21.3;1.6;1.65;;1.38
28800;Jambon cru;viandes, oeufs, poissons;239.0;25.9;4.27;13.2;;5.67
28801;Jambon cru fumé;viandes, oeufs, poissons;246.0;24.2;0.98;16.1;;5.17
28804;Jambon cru fumé, allégé en matière grasse;viandes, oeufs, poissons;142.0;27.7;0.1;3.4;;4.24
28811;Jambon de Bayonne;viandes, oeufs, poissons;243.0;28.0;4.51;12.6;;5.75
28812;Jambon sec;viandes, oeufs, poissons;230.0;28.7;0.48;12.6;;5.7
28844;Jambon sec de Parme;viandes, oeufs, poissons;248.0;27.2;0.3;15.4;;5.53
28845;Jambon sec Serrano;viandes, oeufs, poissons;235.0;30.4;0.76;12.3;;5.02
28850;Coppa;viandes, oeufs, poissons;284.0;25.0;1.0;20.0;;5.3
28858;Pancetta ou poitrine roulée sèche;viandes, oeufs, poissons;349.0;20.2;2.49;28.8;;4.14
30300;Saucisson sec;viandes, oeufs, poissons;418.0;24.2;5.48;33.1;;4.75
30301;Saucisson sec pur porc;viandes, oeufs, poissons;417.0;28.7;1.79;32.3;;4.46
30302;Saucisson sec pur porc, qualité supérieure;viandes, oeufs, poissons;368.0;27.7;2.1;27.6;;4.22
30304;Rosette ou fuseau;viandes, oeufs, poissons;392.0;24.2;4.86;30.7;;4.56
30308;Saucisson sec de Lyon pur porc;viandes, oeufs, poissons;255.0;12.8;0.83;22.0;;2.54
30309;Saucisse sèche;viandes, oeufs, poissons;460.0;27.3;4.04;37.1;;4.74
30311;Saucisson sec aux noix et/ou noisettes;viandes, oeufs, poissons;477.0;27.7;1.78;39.7;;4.31
30314;Saucisson sec allégé en matière grasse;viandes, oeufs, poissons;286.0;34.6;1.57;15.7;;5.8
30005;Chipolata cuite;viandes, oeufs, poissons;283.0;18.8;0.8;22.4;;2.15
30011;Saucisse de Toulouse cuite;viandes, oeufs, poissons;279.0;18.8;1.28;22.1;;1.71
30050;Chair à saucisse crue;viandes, oeufs, poissons;323.0;14.7;0.6;29.1;;1.39
30051;Chair à saucisse, pur porc, crue;viandes, oeufs, poissons;258.0;16.9;0.0;21.2;;0.14
30052;Farce porc et boeuf crue;viandes, oeufs, poissons;309.0;11.8;4.4;26.5;;
30102;Saucisse fumée à cuire;viandes, oeufs, poissons;336.0;15.6;;30.4;;2.04
30104;Saucisse de Morteau;viandes, oeufs, poissons;398.0;16.0;1.17;36.6;;2.6
30105;Saucisse de Montbéliard, à cuire;viandes, oeufs, poissons;322.0;17.3;1.72;27.3;;2.33
30108;Saucisse de Morteau bouillie/cuite à l'eau;viandes, oeufs, poissons;323.0;15.2;0.0;29.1;;2.02
30110;Saucisse de Toulouse crue;viandes, oeufs, poissons;321.0;13.3;0.64;29.5;;1.89
30115;Chipolata crue;viandes, oeufs, poissons;253.0;15.8;1.0;20.6;;1.58
30125;Saucisse alsacienne fumée ou gendarme;viandes, oeufs, poissons;300.0;19.0;;24.9;;2.75
30130;Saucisse de volaille façon charcutière;viandes, oeufs, poissons;239.0;15.6;1.14;19.1;;1.75
30131;Saucisse de volaille type knack;viandes, oeufs, poissons;236.0;14.0;1.82;18.9;;1.87
30134;Saucisse de Francfort;viandes, oeufs, poissons;279.0;13.7;3.37;23.4;;2.0
30150;Merguez crue;viandes, oeufs, poissons;301.0;13.8;1.15;26.8;;2.01
30151;Merguez crue (aliment moyen);viandes, oeufs, poissons;381.0;12.8;;36.3;;
30152;Merguez, pur boeuf, crue;viandes, oeufs, poissons;436.0;11.0;;43.5;;
30153;Merguez, boeuf et porc, crue;viandes, oeufs, poissons;415.0;11.5;;41.0;;
30154;Merguez, boeuf, mouton et porc, crue;viandes, oeufs, poissons;358.0;14.6;;33.3;;
30155;Merguez, boeuf et mouton, cuite;viandes, oeufs, poissons;283.0;19.8;1.8;21.8;;2.33
30156;Merguez, boeuf et mouton, crue;viandes, oeufs, poissons;315.0;14.0;2.8;27.6;;1.58
30176;Saucisse de foie;viandes, oeufs, poissons;374.0;11.7;0.9;35.9;;2.03
30177;Diot cru;viandes, oeufs, poissons;342.0;18.0;;30.0;;2.25
30742;Saucisse de Strasbourg ou knack, à cuire;viandes, oeufs, poissons;291.0;12.4;1.39;25.9;;1.99
30743;Saucisse de Strasbourg ou knack, à teneur réduite en sel, à cuire;viandes, oeufs, poissons;284.0;12.0;1.5;25.3;;1.48
30746;Saucisse cocktail;viandes, oeufs, poissons;290.0;12.7;1.46;25.9;;2.1
30750;Saucisse viennoise crue;viandes, oeufs, poissons;233.0;10.3;;21.3;;
30764;Saucisse de jambon pur porc;viandes, oeufs, poissons;236.0;15.7;3.96;17.5;;2.0
30766;Saucisse de bière;viandes, oeufs, poissons;319.0;13.0;;29.7;;
30778;Saucisse de langue à la pistache;viandes, oeufs, poissons;294.0;15.3;;25.8;;
30780;Saucisse (aliment moyen);viandes, oeufs, poissons;286.0;17.4;1.22;23.4;;2.06
8120;Confit de foie de porc;viandes, oeufs, poissons;320.0;15.4;1.3;28.1;;1.61
8125;Confit de foie de volaille;viandes, oeufs, poissons;361.0;13.7;6.22;31.0;;1.46
8201;Pâté au poivre vert;viandes, oeufs, poissons;358.0;10.1;1.45;34.6;;
8206;Pâté au jambon;viandes, oeufs, poissons;302.0;14.7;1.04;26.5;;1.68
8211;Pâté ou terrine de campagne;viandes, oeufs, poissons;323.0;15.5;1.5;28.2;;1.54
8212;Pâté ou terrine de campagne, à teneur réduite en sel;viandes, oeufs, poissons;324.0;13.8;4.2;27.9;;1.22
8214;Pâté breton;viandes, oeufs, poissons;363.0;11.0;2.88;34.0;;1.67
8232;Terrine de canard;viandes, oeufs, poissons;322.0;13.2;5.64;27.1;;1.39
8240;Pâté de lapin;viandes, oeufs, poissons;286.0;14.7;1.73;24.5;;1.45
8242;Terrine de lapin;viandes, oeufs, poissons;266.0;19.0;6.44;18.0;;1.68
8245;Pâté de gibier;viandes, oeufs, poissons;293.0;14.2;3.28;24.7;;1.83
8250;Pâté ou terrine aux champignons (forestier);viandes, oeufs, poissons;328.0;12.6;5.93;28.1;;1.73
8300;Pâté de foie de porc, supérieur;viandes, oeufs, poissons;358.0;13.0;6.5;31.0;;1.62
8305;Pâté de foie de porc;viandes, oeufs, poissons;355.0;10.8;2.91;33.3;;1.68
8312;Mousse de foie de porc supérieure ou crème de foie;viandes, oeufs, poissons;324.0;11.1;10.9;26.1;;1.43
8313;Mousse de foie de porc;viandes, oeufs, poissons;286.0;12.0;3.39;24.9;;1.72
8315;Mousse de canard;viandes, oeufs, poissons;394.0;10.1;7.07;36.1;;1.58
8316;Pâté de foie de volaille;viandes, oeufs, poissons;316.0;13.7;1.21;28.3;;1.53
8326;Pâté de foie d'oie;viandes, oeufs, poissons;459.0;11.4;4.67;43.8;;1.74
8332;Pâté (aliment moyen);viandes, oeufs, poissons;325.0;14.6;1.91;28.7;;1.58
8391;Pâté en croûte;viandes, oeufs, poissons;303.0;9.96;21.7;19.3;;1.72
8000;Rillettes traditionnelles de porc;viandes, oeufs, poissons;391.0;13.0;3.73;36.0;;0.85
8001;Rillettes pur porc;viandes, oeufs, poissons;413.0;16.7;0.13;38.3;;0.97
8002;Rillettes supérieures de porc;viandes, oeufs, poissons;402.0;15.5;0.17;37.7;;1.13
8010;Rillettes de Tours (porc);viandes, oeufs, poissons;522.0;18.0;0.1;50.0;;
8015;Rillettes du Mans (porc);viandes, oeufs, poissons;420.0;15.6;4.79;37.6;;1.28
8025;Rillettes pur oie;viandes, oeufs, poissons;417.0;14.7;0.1;39.8;;1.3
8026;Rillettes de canard;viandes, oeufs, poissons;377.0;15.3;1.03;34.6;;1.25
8030;Rillettes d'oie;viandes, oeufs, poissons;364.0;14.9;0.99;33.4;;1.29
8040;Rillettes de poulet;viandes, oeufs, poissons;340.0;16.4;0.49;30.3;;1.19
8903;Quenelle de veau en sauce, appertisée;viandes, oeufs, poissons;169.0;3.52;14.8;10.3;;1.17
8910;Quenelle de volaille, à cuire;viandes, oeufs, poissons;189.0;9.37;14.7;10.1;;0.74
8912;Quenelle de volaille en sauce, appertisée;viandes, oeufs, poissons;138.0;3.55;10.3;8.92;;1.1
8932;Quenelle de poisson en sauce, appertisée;viandes, oeufs, poissons;135.0;3.79;10.5;8.51;;1.11
8933;Quenelle de poisson, à cuire;viandes, oeufs, poissons;245.0;8.1;23.6;12.7;;0.95
8937;Quenelle nature, à cuire;viandes, oeufs, poissons;226.0;6.88;14.7;15.1;;0.88
8109;Confit de canard, viande (cuisse), sans peau, appertisé, réchauffé;viandes, oeufs, poissons;195.0;32.0;;7.4;;1.89
8110;Confit de canard, appertisé;viandes, oeufs, poissons;273.0;25.7;0.15;18.8;;1.44
8111;Canard, magret fumé;viandes, oeufs, poissons;362.0;18.0;0.5;32.0;;2.75
8321;Foie gras, canard, entier, cuit;viandes, oeufs, poissons;526.0;8.41;0.026;54.6;;1.11
8323;Foie gras, canard, bloc, sans morceaux;viandes, oeufs, poissons;478.0;5.75;1.09;50.0;;1.14
8324;Foie gras, canard, bloc, 30% de morceaux;viandes, oeufs, poissons;488.0;6.88;2.19;50.1;;1.29
8325;Foie gras, canard, bloc, 50% de morceaux;viandes, oeufs, poissons;488.0;6.39;4.28;49.5;;1.29
8328;Foie gras, canard, cru;viandes, oeufs, poissons;600.0;5.94;1.41;63.4;;0.52
8331;Foie gras, canard, bloc (aliment moyen);viandes, oeufs, poissons;488.0;6.88;2.19;50.1;;1.29
8350;Galantine;viandes, oeufs, poissons;109.0;22.0;1.28;1.73;;2.0
8373;Roulade de porc pistachée;viandes, oeufs, poissons;287.0;15.3;3.0;23.5;;2.5
8395;Jambon en croûte;viandes, oeufs, poissons;236.0;14.4;17.8;11.8;;1.92
8400;Fromage de tête;viandes, oeufs, poissons;184.0;13.8;3.15;12.9;;2.35
8450;Museau de boeuf;viandes, oeufs, poissons;151.0;26.2;0.0;5.17;;
8500;Andouille;viandes, oeufs, poissons;211.0;18.4;0.3;15.1;;2.08
8501;Andouille de Guéméné;viandes, oeufs, poissons;234.0;18.0;;18.0;;
8504;Andouille, réchauffée à la poêle;viandes, oeufs, poissons;270.0;22.5;0.0;20.0;;2.82
8512;Andouille de Vire;viandes, oeufs, poissons;238.0;19.0;;18.0;;
8550;Andouillette, à cuire;viandes, oeufs, poissons;225.0;18.8;0.5;16.3;;1.46
8551;Andouillette, grillée/poêlée;viandes, oeufs, poissons;301.0;24.5;0.54;22.3;;2.73
8552;Andouillette de Troyes, à cuire;viandes, oeufs, poissons;256.0;19.7;1.0;19.0;;1.97
8703;Boudin noir, à cuire;viandes, oeufs, poissons;297.0;12.2;0.29;27.1;;1.29
8704;Boudin noir, grillé/poêlé;viandes, oeufs, poissons;246.0;11.9;3.78;20.3;;1.31
8705;Boudin, grillé/poêlé (aliment moyen);viandes, oeufs, poissons;238.0;11.3;4.59;19.4;;1.41
8742;Boudin antillais, à cuire;viandes, oeufs, poissons;231.0;11.5;9.2;16.5;;1.22
8800;Boudin blanc, grillé/poêlé;viandes, oeufs, poissons;220.0;9.89;6.6;17.1;;1.64
8801;Boudin blanc, à cuire;viandes, oeufs, poissons;244.0;10.0;3.64;21.0;;1.42
8803;Boudin blanc truffé, à cuire;viandes, oeufs, poissons;247.0;10.6;9.01;18.4;;1.63
28501;Lardon nature, cru;viandes, oeufs, poissons;269.0;16.6;1.01;22.1;;2.72
28502;Poitrine de porc en salaison, fumée, crue;viandes, oeufs, poissons;303.0;15.6;0.79;26.1;;2.41
28503;Bresaola;viandes, oeufs, poissons;172.0;32.8;0.49;4.3;;5.15
28504;Lardon nature, cuit;viandes, oeufs, poissons;324.0;23.8;2.0;24.5;;3.8
28505;Corned-beef, appertisé;viandes, oeufs, poissons;191.0;23.2;0.1;10.9;;2.8
28507;Poitrine de porc en salaison, nature, crue;viandes, oeufs, poissons;288.0;15.7;0.76;24.7;;1.93
28530;Oreille de porc demi-sel;viandes, oeufs, poissons;228.0;22.5;0.6;15.1;;0.48
28540;Pied de porc demi-sel;viandes, oeufs, poissons;137.0;11.6;0.01;10.0;;2.37
28550;Poitrine de porc demi-sel;viandes, oeufs, poissons;270.0;16.8;1.3;22.0;;2.0
28720;Lardon fumé, cru;viandes, oeufs, poissons;272.0;16.7;0.35;22.6;;2.63
28723;Lardon, cru, à teneur réduite en sel;viandes, oeufs, poissons;246.0;17.9;0.78;19.0;;1.89
28725;Lardon fumé, cuit;viandes, oeufs, poissons;277.0;14.7;4.8;22.1;;2.59
28860;Viande des Grisons;viandes, oeufs, poissons;207.0;38.9;0.56;5.47;;3.83
28927;Haché de volaille;viandes, oeufs, poissons;137.0;17.7;3.5;5.68;;1.3
28976;Rôti de volaille en salaison, cuit;viandes, oeufs, poissons;109.0;22.0;1.28;1.73;;2.0
30312;Pavé au poivre (charcuterie);viandes, oeufs, poissons;374.0;23.5;1.51;30.3;;4.27
30315;Chorizo;viandes, oeufs, poissons;425.0;23.5;1.24;36.1;;4.24
30316;Chorizo supérieur, doux ou fort, type saucisse sèche;viandes, oeufs, poissons;474.0;20.9;1.87;41.9;;3.91
30317;Chorizo supérieur, doux ou fort, type charcuterie en tranches;viandes, oeufs, poissons;320.0;22.6;1.47;23.9;;4.3
30350;Salami;viandes, oeufs, poissons;457.0;17.7;2.59;41.8;;4.05
30351;Salami pur porc;viandes, oeufs, poissons;446.0;17.0;0.75;41.5;;4.0
30366;Salami type danois;viandes, oeufs, poissons;455.0;14.5;2.42;43.0;;4.05
30700;Saucisson à l'ail;viandes, oeufs, poissons;276.0;15.0;0.56;23.6;;2.0
30701;Saucisson pur porc cuit;viandes, oeufs, poissons;322.0;13.8;1.3;29.0;;1.9
30707;Saucisson brioché, cuit;viandes, oeufs, poissons;303.0;14.7;20.9;17.4;;1.38
30730;Cervelas;viandes, oeufs, poissons;278.0;11.9;1.56;24.8;;1.95
30731;Cervelas obernois;viandes, oeufs, poissons;305.0;13.0;1.0;27.5;;2.0
30732;Cervelas à l'ail, pur porc;viandes, oeufs, poissons;297.0;12.5;0.2;27.4;;
30789;Mortadelle;viandes, oeufs, poissons;310.0;15.2;0.69;27.4;;2.3
30790;Mortadelle, pur porc;viandes, oeufs, poissons;310.0;14.8;4.46;25.8;;2.14
30791;Mortadelle, porc et boeuf;viandes, oeufs, poissons;304.0;16.4;2.53;25.4;;3.12
30797;Mortadelle pistachée pur porc;viandes, oeufs, poissons;317.0;14.4;0.42;28.2;;2.08
30801;Saucisson de cheval type cervelas;viandes, oeufs, poissons;244.0;14.2;1.4;20.0;;2.46
1030;Fines tranches végétales, préemballées;viandes, oeufs, poissons;242.0;29.7;4.13;11.1;;1.62
1031;Spécialité végétale type pâté, préemballée;viandes, oeufs, poissons;197.0;3.56;9.45;15.4;;1.27
20337;Saucisse végétale au tofu (convient aux véganes ou végétaliens), préemballée;viandes, oeufs, poissons;228.0;14.6;5.69;16.3;;1.68
20338;Quenelle au tofu (ne convient pas aux véganes ou végétaliens), préemballée;viandes, oeufs, poissons;133.0;12.1;4.97;7.2;;1.01
25232;Saucisse végétale au blé ou seitan, préemballé;viandes, oeufs, poissons;250.0;29.1;7.53;10.5;;1.82
1032;Haché à base de boeuf et soja, préemballé;viandes, oeufs, poissons;214.0;15.0;2.48;14.6;;0.83
1034;Saucisse de volaille type knack (contenant du soja), préemballée;viandes, oeufs, poissons;208.0;12.1;2.72;15.8;;2.84
25990;Mahi-mahi, chair, cuit;viandes, oeufs, poissons;109.0;23.7;1.47;0.9;;0.28
25996;Saumon, cuit, sans précision (aliment moyen);viandes, oeufs, poissons;205.0;23.2;0.61;12.2;;0.13
25997;Cabillaud, cuit, sans précision (aliment moyen);viandes, oeufs, poissons;100.0;23.3;;0.76;;0.2
26003;Carrelet ou plie ou plie commune, cuit à la vapeur;viandes, oeufs, poissons;93.0;19.0;;1.89;;
26008;Églefin, cuit à la vapeur;viandes, oeufs, poissons;89.0;20.9;0.0;0.6;;0.18
26012;Hareng, frit;viandes, oeufs, poissons;201.0;23.0;0.0;12.1;;
26014;Hareng, grillé/poêlé;viandes, oeufs, poissons;193.0;21.6;1.0;11.4;;0.34
26015;Lieu noir, cuit;viandes, oeufs, poissons;99.7;23.1;1.0;0.81;;0.25
26017;Limande-sole, cuite à la vapeur;viandes, oeufs, poissons;97.7;17.4;1.9;2.27;;0.3
26019;Maquereau, rôti/cuit au four;viandes, oeufs, poissons;228.0;21.5;;15.8;;0.21
26020;Maquereau, frit;viandes, oeufs, poissons;186.0;23.6;;10.2;;0.21
26021;Merlan, frit;viandes, oeufs, poissons;127.0;23.1;0.55;3.61;;0.43
26022;Merlan, cuit à la vapeur;viandes, oeufs, poissons;98.3;23.0;;0.7;;0.28
26023;Cabillaud, rôti/cuit au four;viandes, oeufs, poissons;94.6;22.3;;0.6;;0.23
26024;Morue, salée, bouillie/cuite à l'eau;viandes, oeufs, poissons;113.0;26.0;;1.01;;5.8
26025;Cabillaud, cuit à la vapeur;viandes, oeufs, poissons;106.0;24.5;;0.95;;0.16
26026;Mulet, rôti/cuit au four;viandes, oeufs, poissons;143.0;24.8;;4.86;;0.18
26031;Raie, rôtie/cuite au four;viandes, oeufs, poissons;96.3;23.0;0.0;0.5;;0.38
26033;Roussette ou petite roussette ou saumonette, cuite;viandes, oeufs, poissons;104.0;25.4;;0.29;;0.2
26038;Saumon, cuit à la vapeur;viandes, oeufs, poissons;199.0;23.0;0.9;11.5;;0.13
26041;Thon, rôti/cuit au four;viandes, oeufs, poissons;136.0;29.9;;1.83;;0.14
26059;Sole, cuite à la vapeur;viandes, oeufs, poissons;94.6;20.3;;1.48;;0.41
26060;Sole, rôtie/cuite au four;viandes, oeufs, poissons;78.2;15.7;;1.69;;0.29
26061;Sole, bouillie/cuite à l'eau;viandes, oeufs, poissons;69.0;15.0;0.0;1.0;;0.21
26062;Sole, frite;viandes, oeufs, poissons;72.2;15.8;0.0;1.0;;0.36
26073;Raie, cuite au court-bouillon;viandes, oeufs, poissons;97.8;23.2;;0.57;;0.4
26081;Lotte ou baudroie, grillée/poêlée;viandes, oeufs, poissons;98.2;23.0;;0.68;;0.061
26093;Espadon, rôti/cuit au four;viandes, oeufs, poissons;266.0;28.7;;16.9;;0.18
26094;Turbot, rôti/cuit au four;viandes, oeufs, poissons;121.0;21.3;0.83;3.64;;0.25
26120;Merlu, cuit à l'étouffée;viandes, oeufs, poissons;112.0;21.2;;3.0;;0.25
26126;Églefin, grillé/poêlé;viandes, oeufs, poissons;84.9;20.0;0.0;0.55;;0.65
26136;Sardine,  grillée/poêlée;viandes, oeufs, poissons;194.0;25.1;;10.4;;0.35
26147;Vivaneau, cuit;viandes, oeufs, poissons;121.0;26.3;0.0;1.72;;0.14
26148;Rascasse ou rascasse de profondeur, cuite à la vapeur;viandes, oeufs, poissons;126.0;24.6;0.0;3.1;;0.22
26192;Lieu jaune ou colin, cuit;viandes, oeufs, poissons;97.8;24.4;0.0;0.5;;0.23
26211;Saumon, élevage, cuit au micro-onde;viandes, oeufs, poissons;200.0;24.2;;11.4;;0.098
26217;Saumon, élevage, bouilli/cuit à l'eau;viandes, oeufs, poissons;193.0;25.0;;10.3;;0.084
26222;Dorade grise ou daurade grise ou griset, rôtie/cuite au four;viandes, oeufs, poissons;127.0;22.9;1.43;3.3;;
26229;Saumon, grillé/poêlé;viandes, oeufs, poissons;223.0;25.5;0.0;13.5;;0.11
26230;Saumon, élevage, rôti/cuit au four;viandes, oeufs, poissons;214.0;22.1;0.98;13.5;;0.15
26234;Julienne ou lingue, cuite;viandes, oeufs, poissons;98.0;24.5;0.0;;;0.21
26247;Flétan du Groënland ou flétan noir ou flétan commun, cuit à la vapeur;viandes, oeufs, poissons;179.0;17.3;1.28;11.6;;0.36
26248;Sole, grillée/poêlée;viandes, oeufs, poissons;94.4;23.6;0.0;0.5;;0.37
26998;Truite saumonée, sautée/poêlée;viandes, oeufs, poissons;146.0;22.0;;6.4;;0.13
26999;Anguille, cuite (aliment moyen);viandes, oeufs, poissons;213.0;22.1;;13.8;;
27000;Anguille, rôtie/cuite au four;viandes, oeufs, poissons;229.0;23.6;;15.0;;0.16
27001;Anguille, bouillie/cuite à l'eau;viandes, oeufs, poissons;197.0;20.5;;12.7;;
27002;Brochet, rôti/cuit au four;viandes, oeufs, poissons;100.0;23.1;0.0;0.88;;0.12
27004;Carpe, rôtie/cuite au four;viandes, oeufs, poissons;151.0;21.6;;7.17;;0.16
27005;Perche ou perche européenne, rôtie/cuite au four;viandes, oeufs, poissons;119.0;22.1;;3.42;;0.096
27006;Truite, rôtie/cuite au four;viandes, oeufs, poissons;183.0;26.6;;8.47;;0.17
27007;Truite ou truite fario, cuite à la vapeur;viandes, oeufs, poissons;99.4;19.0;;2.6;;
27014;Truite arc en ciel, élevage, rôtie/cuite au four;viandes, oeufs, poissons;143.0;21.5;;6.33;;0.13
27015;Truite arc en ciel, élevage, cuite à la vapeur;viandes, oeufs, poissons;117.0;20.0;;4.14;;
27018;Pangas, poisson-chat, machoiron, cuit;viandes, oeufs, poissons;79.0;17.5;0.0;1.0;;0.58
27030;Bar commun ou loup, rôti/cuit au four;viandes, oeufs, poissons;151.0;22.2;1.02;6.51;;0.17
27031;Dorade royale ou daurade ou vraie daurade, rôtie/cuite au four;viandes, oeufs, poissons;148.0;23.6;;5.9;;0.18
25991;Mahi-mahi, chair, cru;viandes, oeufs, poissons;84.9;18.5;1.15;0.7;;0.22
26001;Bar rayé ou bar d'Amérique, cru;viandes, oeufs, poissons;113.0;20.3;;3.58;;0.19
26006;Lieu ou colin d'Alaska, cru;viandes, oeufs, poissons;72.6;16.3;0.51;0.61;;0.48
26009;Flétan de l'Atlantique ou flétan, cru;viandes, oeufs, poissons;96.5;21.2;0.0;1.31;;0.15
26011;Hareng, cru;viandes, oeufs, poissons;176.0;17.7;0.0;11.7;;0.22
26018;Lotte ou baudroie, crue;viandes, oeufs, poissons;67.0;15.1;;0.74;;0.19
26036;Saumon, élevage, cru;viandes, oeufs, poissons;193.0;20.5;;12.4;;0.16
26042;Turbot, sauvage, cru;viandes, oeufs, poissons;91.5;17.2;;2.54;;0.24
26043;Cabillaud, cru;viandes, oeufs, poissons;77.4;18.1;;0.57;;0.23
26044;Merlu, cru;viandes, oeufs, poissons;82.6;17.6;0.0;1.35;;0.22
26047;Lieu noir, surgelé, cru;viandes, oeufs, poissons;82.4;19.8;;0.37;;0.2
26048;Merlu, filet, surgelé, cru;viandes, oeufs, poissons;88.8;15.1;1.7;2.4;;0.53
26051;Maquereau, cru;viandes, oeufs, poissons;198.0;18.1;0.93;13.5;;0.16
26052;Raie, crue;viandes, oeufs, poissons;91.9;21.4;0.5;0.47;;0.35
26053;Thon, cru;viandes, oeufs, poissons;155.0;24.0;2.72;5.38;;0.12
26055;Carrelet ou plie ou plie commune, cru;viandes, oeufs, poissons;88.6;20.0;;0.94;;0.2
26057;Limande, crue;viandes, oeufs, poissons;80.8;18.3;;0.85;;0.28
26058;Sole, crue;viandes, oeufs, poissons;77.3;18.0;;0.6;;0.19
26063;Rascasse ou rascasse de profondeur, crue;viandes, oeufs, poissons;87.6;18.9;;1.33;;
26064;Thon albacore, cru;viandes, oeufs, poissons;112.0;25.0;1.0;0.94;;0.11
26065;Sardine, crue;viandes, oeufs, poissons;160.0;19.5;0.0;9.17;;0.22
26068;Thon listao ou bonite à ventre rayé, cru;viandes, oeufs, poissons;97.1;22.0;0.0;1.01;;0.093
26069;Thon rouge, cru;viandes, oeufs, poissons;157.0;23.3;0.59;6.81;;0.098
26072;Bar commun ou loup, cru;viandes, oeufs, poissons;86.1;19.1;0.9;0.7;;0.23
26074;Roussette ou petite roussette ou saumonette, crue;viandes, oeufs, poissons;97.8;23.3;0.0;0.5;;0.31
26075;Loup de l'Atlantique, cru;viandes, oeufs, poissons;89.9;16.6;;2.61;;0.25
26076;Thon germon ou thon blanc, cru;viandes, oeufs, poissons;121.0;27.2;;1.37;;0.29
26079;Anchois, cru;viandes, oeufs, poissons;129.0;18.6;;6.07;;0.18
26080;Dorade royale ou daurade ou vraie daurade, sauvage, crue;viandes, oeufs, poissons;95.6;18.1;0.6;2.31;;0.12
26082;Espadon, cru;viandes, oeufs, poissons;134.0;18.9;1.0;5.97;;0.28
26083;Éperlan, cru;viandes, oeufs, poissons;85.4;17.5;;1.7;;0.39
26084;Cardine franche, crue;viandes, oeufs, poissons;93.4;19.9;0.0;1.53;;
26085;Rouget-barbet de roche, cru;viandes, oeufs, poissons;158.0;18.4;;9.37;;0.17
26088;Dorade royale ou daurade ou vraie daurade, élevage, crue;viandes, oeufs, poissons;129.0;20.9;;5.1;;0.13
26091;Mulet, cru;viandes, oeufs, poissons;118.0;20.1;1.35;3.62;;0.18
26092;Truite de mer, crue;viandes, oeufs, poissons;114.0;19.6;0.81;3.63;;0.14
26095;Merlan, cru;viandes, oeufs, poissons;79.2;18.8;;0.47;;0.16
26099;Dorade grise ou daurade grise, ou griset, crue;viandes, oeufs, poissons;129.0;20.5;0.0;5.27;;0.15
26100;Bogue, crue;viandes, oeufs, poissons;92.1;17.9;0.53;2.03;;0.28
26101;Bonite ou bonite à dos rayé, crue;viandes, oeufs, poissons;161.0;22.3;0.0;8.01;;1.35
26102;Maquereau espagnol ou maquereau blanc ou billard, cru;viandes, oeufs, poissons;135.0;22.1;0.0;5.15;;0.15
26103;Denté ou denté commun, cru;viandes, oeufs, poissons;102.0;17.0;0.65;3.5;;0.19
26104;Saint-Pierre, cru;viandes, oeufs, poissons;86.7;19.9;;0.8;;0.17
26106;Grondin, cru;viandes, oeufs, poissons;108.0;19.0;3.4;2.0;;
26107;Corb, cru;viandes, oeufs, poissons;87.2;20.0;0.0;0.8;;
26108;Capelan, cru;viandes, oeufs, poissons;90.0;18.7;0.0;1.71;;0.27
26109;Dorade rose ou daurade rose ou pageot rose, crue;viandes, oeufs, poissons;102.0;21.0;0.0;2.0;;
26110;Rouget-barbet de roche, vapeur;viandes, oeufs, poissons;143.0;24.1;0.0;5.2;;0.24
26111;Saupe, crue;viandes, oeufs, poissons;96.5;18.0;0.5;2.5;;
26113;Chinchard, cru;viandes, oeufs, poissons;116.0;19.0;0.0;4.42;;
26122;Églefin, cru;viandes, oeufs, poissons;76.2;17.3;1.02;0.35;;0.16
26125;Cabillaud ou morue du Pacifique, cru;viandes, oeufs, poissons;64.8;15.3;0.0;0.41;;0.76
26127;Congre ou congre commun, cru;viandes, oeufs, poissons;127.0;18.3;3.15;4.6;;0.13
26128;Grenadier (de roche), cru;viandes, oeufs, poissons;68.9;15.4;;0.81;;0.24
26129;Lieu jaune ou colin, cru;viandes, oeufs, poissons;75.5;17.7;0.0;0.51;;0.29
26130;Julienne ou lingue, crue;viandes, oeufs, poissons;80.8;19.2;;0.44;;0.26
26133;Tacaud, cru;viandes, oeufs, poissons;81.3;19.7;0.0;0.33;;0.2
26134;Lieu noir, cru;viandes, oeufs, poissons;82.5;18.8;0.0;0.8;;0.2
26135;Limande-sole, crue;viandes, oeufs, poissons;80.6;17.0;;1.4;;0.24
26141;Foie de morue, cru;viandes, oeufs, poissons;623.0;5.0;1.0;66.6;;1.47
26146;Vivaneau, cru;viandes, oeufs, poissons;94.1;20.5;0.0;1.34;;0.16
26153;Sabre, cru;viandes, oeufs, poissons;125.0;18.0;;5.9;;0.28
26154;Flétan du Groënland ou flétan noir ou flétan commun, cru;viandes, oeufs, poissons;168.0;13.5;;12.7;;0.43
26157;Carangue, cru;viandes, oeufs, poissons;104.0;19.9;0.0;2.7;;0.22
26159;Coulirou, cru;viandes, oeufs, poissons;70.9;17.5;0.0;0.1;;0.15
26161;Saumon, sauvage, cru;viandes, oeufs, poissons;166.0;21.0;0.0;9.17;;0.12
26162;Requin, cru;viandes, oeufs, poissons;115.0;20.8;1.34;2.91;;0.2
26166;Orphie commune, crue;viandes, oeufs, poissons;145.0;20.0;3.06;5.91;;0.21
26168;Lompe, crue;viandes, oeufs, poissons;168.0;10.0;0.0;14.2;;0.17
26170;Brème, cru;viandes, oeufs, poissons;108.0;16.9;1.03;4.0;;0.11
26171;Omble chevalier, cru;viandes, oeufs, poissons;103.0;19.8;0.0;2.7;;0.14
26172;Loup tacheté, cru;viandes, oeufs, poissons;108.0;16.3;0.0;4.8;;0.26
26173;Sprat, cru;viandes, oeufs, poissons;189.0;19.8;0.57;11.9;;
26174;Turbot, cru;viandes, oeufs, poissons;85.5;17.9;0.0;1.55;;0.23
26175;Corégone lavaret ou lavaret, cru;viandes, oeufs, poissons;115.0;20.5;0.0;3.72;;0.13
26178;Mérou, cru;viandes, oeufs, poissons;85.2;18.6;0.72;0.86;;0.13
26194;Lingue bleue, crue;viandes, oeufs, poissons;79.6;18.9;0.0;0.44;;0.23
26200;Sole tropicale ou sole-langue, crue;viandes, oeufs, poissons;70.3;15.7;0.53;0.58;;0.35
26201;Turbot, élevage, cru;viandes, oeufs, poissons;109.0;18.3;;3.94;;0.19
26205;Bar commun ou loup (Méditerranée), sauvage, cru;viandes, oeufs, poissons;97.9;20.1;0.0;1.94;;0.18
26206;Bar commun ou loup (Méditerranée), élevage, cru;viandes, oeufs, poissons;124.0;21.4;;4.25;;0.12
26208;Baudroie rousse ou Lotte, crue;viandes, oeufs, poissons;70.2;16.7;;0.37;;0.32
26210;Sébaste du nord ou grand sébaste, ou dorade sébaste, ou daurade sébaste, crue;viandes, oeufs, poissons;89.5;18.8;;1.6;;0.18
26213;Hoki, tout lieu de pêche, cru;viandes, oeufs, poissons;92.3;17.8;;2.36;;0.18
26214;Hoki de Nouvelle-Zélande, cru;viandes, oeufs, poissons;75.5;15.6;;1.46;;0.14
26219;Grondin perlon, cru;viandes, oeufs, poissons;97.4;20.3;;1.79;;0.14
26223;Saumon argenté du Pacifique (coho), cru;viandes, oeufs, poissons;147.0;21.4;0.0;6.8;;0.12
26233;Merlu blanc du Cap, surgelé, cru;viandes, oeufs, poissons;78.0;16.1;;1.52;;0.28
26235;Chinchard maigre, cru;viandes, oeufs, poissons;96.7;18.7;;2.42;;0.16
26236;Chinchard gras, cru;viandes, oeufs, poissons;147.0;19.6;0.0;7.66;;0.14
26237;Hareng maigre, cru;viandes, oeufs, poissons;111.0;18.3;0.0;4.22;;0.19
26238;Hareng gras, cru;viandes, oeufs, poissons;175.0;18.7;0.77;10.8;;0.13
26240;Joëls (petits poissons entiers) pour friture, crus;viandes, oeufs, poissons;88.9;17.5;0.0;2.1;;0.27
26241;Empereur, filet, sans peau, cru;viandes, oeufs, poissons;73.5;15.0;0.0;1.5;;0.21
26244;Rouget-barbet, filet avec peau, surgelé, cru (Thaïlande,Vietnam, Sénégal…);viandes, oeufs, poissons;96.7;16.3;0.0;3.5;;0.2
27003;Carpe,  élevage, crue;viandes, oeufs, poissons;114.0;17.7;0.0;4.76;;0.077
27008;Truite ou truite fario, élevage, crue;viandes, oeufs, poissons;133.0;19.3;0.0;6.22;;0.1
27009;Truite arc en ciel, élevage, crue;viandes, oeufs, poissons;132.0;19.0;0.0;6.24;;0.11
27010;Perche ou perche européenne, crue;viandes, oeufs, poissons;84.6;17.9;0.6;1.19;;0.14
27011;Brochet, cru;viandes, oeufs, poissons;87.7;18.8;1.0;0.94;;0.13
27012;Esturgeon d’Europe occidentale, cru;viandes, oeufs, poissons;127.0;17.7;0.87;5.84;;0.12
27016;Anguille, crue;viandes, oeufs, poissons;240.0;16.1;2.06;18.6;;0.16
27017;Pangas, poisson-chat, machoiron, cru;viandes, oeufs, poissons;65.2;13.5;;1.27;;0.68
27019;Tilapia, cru;viandes, oeufs, poissons;91.6;18.1;;2.13;;0.071
27021;Truite saumonée, crue;viandes, oeufs, poissons;143.0;19.2;;7.4;;0.2
27023;Lotte de rivière, crue;viandes, oeufs, poissons;77.0;17.8;0.0;0.66;;0.22
27024;Sandre, cru;viandes, oeufs, poissons;87.2;18.3;1.06;1.08;;0.12
27025;Perche du Nil, crue;viandes, oeufs, poissons;82.4;19.1;;0.68;;0.14
10000;Bigorneau, cuit;viandes, oeufs, poissons;109.0;16.3;3.01;3.5;;0.48
10004;Coquille Saint-Jacques, noix et corail, cuite;viandes, oeufs, poissons;110.0;20.2;3.22;1.77;;0.46
10006;Crevette grise, cuite;viandes, oeufs, poissons;89.4;19.4;0.47;1.1;;1.47
10007;Crevette, cuite;viandes, oeufs, poissons;91.3;20.5;0.2;0.79;;1.61
10009;Homard, bouilli/cuit à l'eau;viandes, oeufs, poissons;90.9;19.6;0.11;1.32;;0.9
10013;Moule, bouillie/cuite à l'eau;viandes, oeufs, poissons;108.0;17.2;5.12;2.09;;0.8
10020;Bulot ou buccin, cuit;viandes, oeufs, poissons;97.7;20.7;2.69;0.47;;0.97
10022;Langouste, bouillie/cuite à l'eau;viandes, oeufs, poissons;106.0;21.8;1.3;1.52;;0.46
10025;Crabe ou tourteau, bouilli/cuit à l'eau;viandes, oeufs, poissons;124.0;19.5;1.79;4.29;;1.23
10027;Clam, praire ou palourde, bouilli/cuit à l'eau;viandes, oeufs, poissons;99.2;16.2;5.33;1.48;;1.56
10031;Écrevisse, cuite;viandes, oeufs, poissons;73.5;16.3;0.56;0.7;;0.21
10033;Crevette bouquet, sauvage, cuite;viandes, oeufs, poissons;103.0;22.8;0.0;1.27;;0.47
10034;Coque, cuite;viandes, oeufs, poissons;86.9;13.6;5.64;1.1;;0.96
10037;Calmar ou calamar ou encornet, bouilli/cuit à l'eau;viandes, oeufs, poissons;149.0;32.5;1.64;1.4;;1.86
10043;Fruits de mer (aliment moyen);viandes, oeufs, poissons;103.0;19.5;2.47;1.66;;1.29
10044;Langoustine, bouillie/cuite à l'eau;viandes, oeufs, poissons;92.6;20.9;0.0;0.98;;0.67
10057;Araignée de mer, bouillie/cuite à l'eau;viandes, oeufs, poissons;108.0;18.3;0.16;3.8;;0.96
10061;Crevette blanche ou crevette tropicale (rose), élevage, cuite;viandes, oeufs, poissons;97.5;22.1;0.14;0.93;;1.79
10062;Crevette tropicale (tigrée), élevage, cuite;viandes, oeufs, poissons;101.0;22.6;0.75;0.83;;1.63
10064;Crevette tropicale (rose), cuite (Penaeus brasiliensis);viandes, oeufs, poissons;117.0;26.6;0.0;1.18;;0.34
10079;Poulpe, cuit;viandes, oeufs, poissons;156.0;29.8;4.4;2.08;;1.15
10080;Fruits de mer, mélange ou cocktail, surgelés, cuits;viandes, oeufs, poissons;79.5;13.5;2.83;1.57;;0.99
10084;Calmar ou calamar ou encornet, frit ou poêlé avec matière grasse;viandes, oeufs, poissons;173.0;17.9;8.45;7.48;;0.77
10086;Crevettes, décortiquées, cuites, réfrigérées, préemballées;viandes, oeufs, poissons;92.5;18.3;2.6;1.02;;1.8
10088;Ecrevisses, décortiquées, cuites, réfrigérées, préemballées;viandes, oeufs, poissons;82.7;18.6;0.1;0.9;;1.2
10089;Crevettes grises, décortiquées, cuites, réfrigérées, préemballées;viandes, oeufs, poissons;91.7;20.7;0.083;1.0;;2.05
10099;Escargot, cuit;viandes, oeufs, poissons;84.7;16.6;1.39;1.4;;0.27
10100;Crevette sauvage, cuite;viandes, oeufs, poissons;97.3;22.0;0.04;1.01;;1.93
10101;Crevette, élevage, cuite (aliment moyen);viandes, oeufs, poissons;100.0;22.5;0.64;0.85;;1.66
34501;Grenouille, cuisse, grillée/poêlée;viandes, oeufs, poissons;95.7;21.9;0.015;0.9;;0.22
10001;Calmar ou calamar ou encornet, cru;viandes, oeufs, poissons;77.0;14.4;2.17;1.19;;0.61
10003;Coquille Saint-Jacques, noix et corail, crue;viandes, oeufs, poissons;83.0;17.0;0.78;1.31;;0.48
10008;Escargot, cru;viandes, oeufs, poissons;77.9;16.1;1.29;0.92;;0.35
10010;Homard, cru;viandes, oeufs, poissons;85.5;17.9;0.94;1.15;;0.9
10011;Huître, sans précision, crue;viandes, oeufs, poissons;67.2;8.64;3.86;1.91;;1.45
10014;Moule commune, crue;viandes, oeufs, poissons;71.8;11.2;2.69;1.82;;0.85
10015;Langouste, crue;viandes, oeufs, poissons;86.9;17.7;1.07;1.34;;0.45
10016;Seiche, crue;viandes, oeufs, poissons;76.3;16.2;0.51;1.05;;0.93
10017;Clam, praire ou palourde, cru;viandes, oeufs, poissons;80.5;11.5;2.66;2.65;;0.82
10018;Poulpe, cru;viandes, oeufs, poissons;60.1;12.9;0.97;0.5;;0.68
10019;Bulot ou buccin, cru;viandes, oeufs, poissons;131.0;23.8;7.61;0.57;;0.52
10021;Crevette, crue;viandes, oeufs, poissons;99.0;19.7;3.21;0.84;;0.45
10024;Langoustine, crue;viandes, oeufs, poissons;89.8;19.1;1.53;0.79;;0.72
10026;Moule de Méditerranée, crue;viandes, oeufs, poissons;68.7;10.7;2.77;1.67;;
10030;Écrevisse, crue;viandes, oeufs, poissons;68.3;14.8;0.81;0.64;;0.39
10035;Huître creuse, crue;viandes, oeufs, poissons;67.2;8.64;3.86;1.91;;1.41
10036;Huître plate, crue;viandes, oeufs, poissons;53.5;10.2;1.16;0.9;;1.28
10038;Crevette, surgelée, crue;viandes, oeufs, poissons;105.0;23.4;0.74;0.9;;0.6
10039;Crabe, cru;viandes, oeufs, poissons;104.0;19.5;0.027;2.86;;0.69
10041;Ormeau, cru;viandes, oeufs, poissons;99.6;14.4;8.69;0.83;;0.47
10045;Coquille Saint-Jacques, noix, crue;viandes, oeufs, poissons;83.6;17.9;1.15;0.84;;0.34
10048;Pecten d'Amérique ou peigne du Canada, noix, crue;viandes, oeufs, poissons;81.3;17.3;1.78;0.54;;
10049;Pétoncle ou peigne du Pérou, noix, crue;viandes, oeufs, poissons;88.7;17.5;3.1;0.7;;0.38
34500;Grenouille, cuisse, crue;viandes, oeufs, poissons;70.0;16.2;0.66;0.28;;0.14
8059;Rillettes de crabe, préemballées;viandes, oeufs, poissons;210.0;9.16;4.61;16.6;;1.36
8080;Rillettes de poisson, préemballées;viandes, oeufs, poissons;242.0;13.9;;20.7;;0.96
8081;Rillettes de saumon, préemballées;viandes, oeufs, poissons;242.0;12.9;2.77;19.6;;1.29
8082;Rillettes de thon, préemballées;viandes, oeufs, poissons;235.0;13.6;1.88;18.8;;1.15
8083;Rillettes de maquereau, préemballées;viandes, oeufs, poissons;246.0;11.0;1.0;22.0;;
8290;Tarama, au saumon fumé, préemballé;viandes, oeufs, poissons;501.0;7.7;4.74;50.0;;1.33
8291;Terrine de poisson, préemballée;viandes, oeufs, poissons;205.0;9.01;4.21;16.7;;1.16
8292;Terrine de fruits de mer (par ex. de Saint-Jacques), avec ou sans poisson, préemballée;viandes, oeufs, poissons;190.0;9.13;7.89;13.3;;1.25
8293;Tarama, aux oeufs de cabillaud, préemballé;viandes, oeufs, poissons;518.0;6.11;4.01;53.0;;1.53
10002;Calmar ou calamar ou encornet, à la romaine (beignet), préemballé;viandes, oeufs, poissons;229.0;8.69;26.7;9.5;;2.13
10005;Crabe, miettes et ou pattes décortiquées, appertisé, égoutté;viandes, oeufs, poissons;97.8;18.1;4.16;0.96;;1.64
10012;Langoustine, panée, frite;viandes, oeufs, poissons;282.0;10.9;29.0;13.6;;1.65
10023;Beignet de crevette;viandes, oeufs, poissons;260.0;6.5;35.5;10.0;;1.9
10028;Moules, au naturel, appertisées, égouttées;viandes, oeufs, poissons;97.6;16.1;2.6;2.1;;1.71
10042;Escargot en sauce au beurre persillé, préemballé, cuit;viandes, oeufs, poissons;275.0;12.9;1.75;23.7;;1.66
10081;Moules à la sauce catalane ou escabèche (tomate), appertisée, égouttée;viandes, oeufs, poissons;75.4;9.6;4.9;1.65;;1.09
25433;Accra de poisson, préemballé;viandes, oeufs, poissons;275.0;12.4;15.1;17.6;;1.24
25537;Carpaccio de saumon avec marinade, fait maison;viandes, oeufs, poissons;238.0;16.9;0.22;18.8;;0.58
25992;Saumon fumé, aux cinq baies;viandes, oeufs, poissons;199.0;22.6;1.44;11.4;;2.89
25993;Saumon fumé, à l'aneth et au citron;viandes, oeufs, poissons;201.0;21.2;0.37;12.8;;2.67
25994;Maquereau, filet grillé, appertisé, en sauce, égoutté;viandes, oeufs, poissons;259.0;18.8;0.96;19.7;;0.92
25998;Hareng fumé, doux;viandes, oeufs, poissons;163.0;18.1;0.44;9.9;;3.78
25999;Anchois, filets, roulés aux câpres, salés, à l'huile, semi-conserve, égouttés;viandes, oeufs, poissons;195.0;22.9;1.56;10.6;;13.9
26000;Anchois, filets, marinés à l'huile, semi-conserve, égouttés;viandes, oeufs, poissons;167.0;20.6;0.47;9.08;;2.52
26002;Carrelet ou plie ou plie commune, pané, frit;viandes, oeufs, poissons;271.0;14.3;15.2;16.8;;0.59
26004;Oeufs de lompe ou oeufs de lump, semi-conserve;viandes, oeufs, poissons;77.8;10.4;1.01;3.48;;4.56
26005;Caviar, semi-conserve;viandes, oeufs, poissons;254.0;25.0;;17.1;;
26010;Hareng mariné ou rollmops, préemballé;viandes, oeufs, poissons;189.0;13.7;1.95;13.8;;2.18
26013;Hareng fumé, au naturel;viandes, oeufs, poissons;167.0;16.5;0.5;11.0;;3.98
26016;Limande-sole, panée, frite;viandes, oeufs, poissons;206.0;16.7;11.9;10.2;;0.69
26027;Pilchard, sauce tomate, appertisé, égoutté;viandes, oeufs, poissons;157.0;13.0;1.5;11.0;;1.0
26028;Nuggets ou croquette panée de poisson, préemballé;viandes, oeufs, poissons;255.0;13.2;18.4;13.7;;1.04
26029;Poisson pané, surgelé, cru;viandes, oeufs, poissons;163.0;11.0;15.6;6.14;;0.69
26030;Poisson pané, frit;viandes, oeufs, poissons;194.0;11.9;13.5;10.0;;0.84
26034;Sardine, à l'huile, appertisée, égouttée;viandes, oeufs, poissons;217.0;23.3;0.31;13.7;;0.88
26035;Sardine, sauce tomate, appertisée, égouttée;viandes, oeufs, poissons;194.0;20.2;1.83;11.6;;0.7
26037;Saumon fumé;viandes, oeufs, poissons;184.0;22.2;0.13;10.5;;2.86
26039;Thon, au naturel, appertisé, égoutté;viandes, oeufs, poissons;143.0;26.8;0.0;3.94;;0.74
26040;Sardine, à l'huile d'olive, appertisée, égouttée;viandes, oeufs, poissons;224.0;23.3;0.11;14.5;;0.79
26046;Surimi, bâtonnets, tranche ou râpé saveur crabe;viandes, oeufs, poissons;117.0;7.54;11.8;4.33;;1.77
26056;Oeufs de cabillaud, fumés, semi-conserve;viandes, oeufs, poissons;154.0;29.0;0.1;4.2;;2.04
26077;Thon germon ou thon blanc, cuit à la vapeur sous pression;viandes, oeufs, poissons;165.0;30.0;0.0;5.06;;0.1
26086;Maquereau, filet sauce tomate, appertisé, égoutté;viandes, oeufs, poissons;240.0;17.7;5.5;16.3;;0.58
26087;Maquereau, fumé;viandes, oeufs, poissons;289.0;19.8;0.92;22.9;;1.54
26090;Haddock (fumé) ou églefin fumé;viandes, oeufs, poissons;97.0;22.6;0.0;0.73;;1.91
26096;Maquereau, filet sauce moutarde, appertisé, égoutté;viandes, oeufs, poissons;218.0;20.8;1.5;14.2;;1.01
26097;Maquereau, filet au vin blanc, appertisé, égoutté;viandes, oeufs, poissons;202.0;17.8;1.0;14.1;;0.97
26098;Morue, salée, sèche;viandes, oeufs, poissons;210.0;47.6;1.1;1.67;;12.3
26119;Saumon, appertisé, égoutté;viandes, oeufs, poissons;144.0;21.0;4.9;4.5;;1.02
26123;Maquereau, filet (grillé ou non), au naturel, appertisé, égoutté;viandes, oeufs, poissons;221.0;18.8;0.018;16.2;;0.86
26124;Merlan, pané;viandes, oeufs, poissons;190.0;12.6;13.0;9.57;;0.64
26142;Foie de morue, appertisé, égoutté;viandes, oeufs, poissons;433.0;7.25;1.0;44.4;;1.12
26151;Oeufs de truite, semi-conserve;viandes, oeufs, poissons;209.0;26.3;4.0;9.5;;2.68
26152;Lieu ou colin d'Alaska, fumé;viandes, oeufs, poissons;81.3;18.3;0.0;0.9;;
26177;Anchois, filets, salés, à l'huile, semi-conserve, égouttés;viandes, oeufs, poissons;199.0;24.9;0.0;11.0;;14.4
26179;Thon germon ou thon blanc, à l'huile d'olive, appertisé, égoutté;viandes, oeufs, poissons;192.0;31.3;1.01;6.95;;0.67
26180;Thon à l'huile de tournesol, entier, appertisé, égoutté;viandes, oeufs, poissons;206.0;23.3;0.76;12.2;;0.93
26181;Thon albacore, au naturel, appertisé, égoutté;viandes, oeufs, poissons;127.0;24.8;3.67;1.46;;0.78
26186;Maquereau, mariné;viandes, oeufs, poissons;185.0;16.3;;13.3;;2.29
26231;Sardine, filets sans arêtes à l'huile d'olive, appertisés, égouttés;viandes, oeufs, poissons;202.0;23.2;1.16;11.6;;1.07
26232;Hareng fumé, à l'huile;viandes, oeufs, poissons;168.0;15.1;2.0;11.0;;4.08
26239;Surimi, fourré au fromage frais;viandes, oeufs, poissons;148.0;6.6;9.24;9.3;;1.72
26242;Thon à la tomate, miettes, appertisées, égouttées;viandes, oeufs, poissons;140.0;13.0;4.33;7.67;;1.67
26243;Thon, à la catalane ou à l'escabèche (sauce tomate), appertisé;viandes, oeufs, poissons;149.0;12.0;6.0;8.6;;0.99
26245;Thon à l'huile de tournesol, miettes, appertisées, égouttées;viandes, oeufs, poissons;227.0;23.4;0.0;14.8;;0.85
26275;Oeufs de saumon du Pacifique, semi-conserve;viandes, oeufs, poissons;240.0;30.8;5.16;10.5;;2.34
26692;Anchois, filets, marinés à l'orientale (huile, piments…), semi-conserve, égouttés;viandes, oeufs, poissons;165.0;19.6;0.48;9.19;;2.4
26693;Anchois, filets, salés, à l'huile de tournesol, semi-conserve, égouttés;viandes, oeufs, poissons;211.0;24.5;0.54;12.3;;15.2
26694;Anchois, filets, salés, à l'huile d'olive, semi-conserve, égouttés;viandes, oeufs, poissons;197.0;25.0;1.36;9.9;;13.6
26695;Saumon, sauvage, fumé;viandes, oeufs, poissons;121.0;23.6;0.048;2.91;;2.93
26696;Saumon, élevage, fumé;viandes, oeufs, poissons;188.0;22.1;0.14;11.0;;2.86
26697;Sardine, à l'huile de tournesol, appertisée, égouttée;viandes, oeufs, poissons;219.0;23.5;0.27;13.8;;0.84
26698;Sardine, à l'huile d'arachide, appertisée, égouttée;viandes, oeufs, poissons;223.0;21.2;1.07;14.9;;0.99
26700;Anchois, filets, marinés, semi-conserve, égouttés (aliment moyen);viandes, oeufs, poissons;186.0;20.3;0.48;11.3;;4.15
27029;Truite, élevage, fumée;viandes, oeufs, poissons;171.0;22.3;3.17;7.69;;3.1
22008;Oeuf, blanc (blanc d'oeuf), cuit;viandes, oeufs, poissons;47.3;10.3;1.12;0.17;;0.39
22009;Oeuf, jaune (jaune d'oeuf), cuit;viandes, oeufs, poissons;340.0;16.0;1.31;30.1;;0.035
22010;Oeuf dur;viandes, oeufs, poissons;134.0;13.5;0.52;8.62;;0.31
22011;Oeuf poché;viandes, oeufs, poissons;139.0;12.5;0.89;9.47;;0.2
22014;Oeuf à la coque;viandes, oeufs, poissons;142.0;12.2;1.08;9.82;;0.2
22502;Oeuf brouillé, avec matière grasse;viandes, oeufs, poissons;167.0;11.9;0.44;13.0;;0.48
22505;Oeuf au plat, sans matière grasse;viandes, oeufs, poissons;157.0;14.6;1.4;10.4;;0.42
22000;Oeuf cru;viandes, oeufs, poissons;140.0;12.8;0.06;9.83;;0.31
22001;Oeuf, blanc (blanc d'oeuf), cru;viandes, oeufs, poissons;48.1;10.9;0.73;0.17;;0.42
22002;Oeuf, jaune (jaune d'oeuf), cru;viandes, oeufs, poissons;307.0;15.5;1.09;26.7;;0.048
22050;Oeuf de caille, cru;viandes, oeufs, poissons;154.0;13.1;0.41;11.1;;0.35
22060;Oeuf de cane, cru;viandes, oeufs, poissons;181.0;12.8;1.45;13.8;;0.37
22070;Oeuf d'oie, cru;viandes, oeufs, poissons;180.0;13.9;1.35;13.3;;0.35
22080;Oeuf de dinde, cru;viandes, oeufs, poissons;166.0;13.7;1.13;11.9;;0.38
22003;Oeuf, jaune (jaune d'oeuf), en poudre;viandes, oeufs, poissons;667.0;33.7;2.11;58.1;;0.41
22004;Oeuf, blanc (blanc d'oeuf), en poudre;viandes, oeufs, poissons;356.0;81.1;7.8;0.0;;3.2
22013;Oeuf, en poudre;viandes, oeufs, poissons;587.0;48.4;1.52;43.0;;1.2
22500;Omelette nature, faite maison;viandes, oeufs, poissons;196.0;13.8;0.9;15.3;;0.6
22506;Omelette au fromage, faite maison;viandes, oeufs, poissons;255.0;17.7;2.56;19.3;;0.58
22507;Omelette aux lardons, faite maison;viandes, oeufs, poissons;267.0;12.5;1.46;23.5;;0.98
22508;Omelette aux champignons, faite maison;viandes, oeufs, poissons;125.0;8.09;2.28;9.2;;0.35
22509;Omelette à la ciboulette, faite maison;viandes, oeufs, poissons;147.0;9.5;1.98;11.2;;0.43
22510;Tortilla espagnole aux oignons (omelette aux pommes de terre et oignons), préemballée;viandes, oeufs, poissons;165.0;5.56;11.7;9.9;;1.06
22511;Omelette, garnitures diverses : légumes, fromages, viandes... (aliment moyen);viandes, oeufs, poissons;179.0;9.61;4.83;13.2;;0.69
19000;Lait de grand mélange, en vrac;produits laitiers;64.4;3.21;4.65;3.66;;0.12
19016;Lait entier (aliment moyen);produits laitiers;63.9;3.35;4.78;3.49;;0.12
19023;Lait entier, UHT;produits laitiers;64.6;3.39;4.77;3.55;;0.093
19024;Lait entier, pasteurisé;produits laitiers;61.8;3.23;4.8;3.3;;0.2
19033;Lait demi-écrémé (aliment moyen);produits laitiers;47.5;3.38;4.97;1.55;;0.087
19037;Lait demi-écrémé, UHT, enrichi en vitamine D;produits laitiers;46.6;3.31;4.8;1.52;;0.09
19038;Lait à 1,2% MG, UHT, enrichi en vitamines;produits laitiers;44.1;3.31;4.79;1.25;;0.088
19039;Lait, sans précision sur la teneur en matière grasse, UHT (aliment moyen);produits laitiers;47.7;3.41;4.97;1.57;;0.088
19041;Lait demi-écrémé, UHT;produits laitiers;47.7;3.41;5.0;1.56;;0.088
19042;Lait demi-écrémé, pasteurisé;produits laitiers;46.4;3.13;4.9;1.54;;0.078
19050;Lait écrémé, UHT;produits laitiers;34.4;3.53;5.01;0.021;;0.085
19051;Lait écrémé, pasteurisé;produits laitiers;32.7;3.3;4.7;0.08;;0.11
19060;Lait demi-écrémé (ou à teneur en matière grasse légèrement inférieure), UHT,  à teneur réduite en lactose;produits laitiers;44.4;3.38;4.69;1.29;;0.088
19200;Lait de chèvre, entier, UHT;produits laitiers;64.6;2.9;4.2;4.02;;0.1
19201;Lait de chèvre, demi-écrémé, UHT;produits laitiers;45.8;3.69;4.13;1.57;;0.15
19202;Lait de chèvre, entier, cru;produits laitiers;57.4;3.15;4.01;3.2;;0.091
19225;Lait de jument, entier;produits laitiers;50.0;2.36;6.22;1.73;;0.05
19250;Lait de brebis, entier;produits laitiers;103.0;5.56;4.5;6.97;;0.11
19021;Lait en poudre, entier;produits laitiers;508.0;26.0;42.0;26.2;;0.91
19026;Lait concentré sans sucres ajoutés, entier;produits laitiers;119.0;6.31;9.91;5.9;;0.24
19027;Lait concentré sucré, entier;produits laitiers;327.0;7.54;56.5;7.87;;0.21
19044;Lait en poudre, demi-écrémé;produits laitiers;459.0;30.8;43.4;17.5;;0.78
19054;Lait en poudre, écrémé;produits laitiers;361.0;34.6;54.0;0.7;;1.32
19500;Lait fermenté à boire, aromatisé, avec édulcorants, allégé en sucres, 0% MG, au L Casei;produits laitiers;27.5;2.84;3.64;0.1;;0.11
19508;Lait fermenté ou yaourt à boire, aromatisé, sucré;produits laitiers;65.9;3.09;10.7;0.89;;0.093
19516;Lait fermenté à boire, aromatisé, sucré, au L Casei;produits laitiers;69.7;3.0;10.8;1.6;;0.1
19534;Lait fermenté ou yaourt à boire, aromatisé, sucré, enrichi en vitamine D;produits laitiers;73.3;2.92;12.3;1.39;;0.1
19535;Lait fermenté ou yaourt à boire, aux fruits, sucré;produits laitiers;84.6;2.85;11.9;2.49;;0.11
19536;Lait fermenté ou yaourt à boire, aux fruits, sucré, enrichi en vitamine D;produits laitiers;74.0;2.84;12.4;1.42;;0.1
19538;Lait fermenté à boire, nature, sucré, au L Casei;produits laitiers;69.6;3.0;10.8;1.6;;0.1
19539;Lait fermenté type yaourt au bifidus, aromatisé, sucré;produits laitiers;86.5;3.78;10.8;2.81;;0.095
19541;Lait fermenté type yaourt au bifidus, aux fruits, 0% MG, avec édulcorants;produits laitiers;48.1;4.58;6.71;0.094;;0.18
19542;Lait fermenté type yaourt au bifidus, aux fruits, sucré;produits laitiers;87.7;3.69;10.8;2.83;;0.1
19543;Lait fermenté type yaourt aux esters de stérol, aux fruits, 0% MG, avec édulcorants;produits laitiers;47.0;3.8;6.6;0.5;;0.16
19544;Lait fermenté type yaourt au bifidus, nature, 0% MG;produits laitiers;42.9;4.3;5.75;0.3;;0.14
19546;Lait fermenté type yaourt au bifidus, nature;produits laitiers;92.3;6.23;10.8;2.38;;0.068
19550;Yaourt à la grecque nature, au lait de brebis;produits laitiers;124.0;4.72;4.28;9.78;;0.12
19551;Lait fermenté à boire, aromatisé, sucré,  enrichi en vitamine D, au L Casei;produits laitiers;73.3;2.78;12.1;1.53;;0.1
19552;Yaourt à la grecque sur lit de fruits, sucré;produits laitiers;126.0;2.29;14.4;6.53;;0.1
19553;Yaourt au lait de brebis, aromatisé, sucré;produits laitiers;93.1;4.94;9.16;3.7;;0.12
19554;Yaourt au lait de brebis, nature, 3% MG environ;produits laitiers;66.5;5.49;3.48;3.01;;0.13
19555;Yaourt au lait de brebis, sur lit de fruits, sucré;produits laitiers;112.0;4.25;15.2;3.73;;0.097
19556;Yaourt au lait de chèvre, nature;produits laitiers;74.4;4.19;2.53;4.9;;0.096
19557;Yaourt ou lait fermenté, sur lit de fruits, sucré;produits laitiers;97.6;4.0;14.0;2.77;;0.11
19559;Yaourt ou lait fermenté, aromatisé, 0% MG, avec édulcorants;produits laitiers;54.4;4.99;7.73;0.063;;0.13
19574;Yaourt ou lait fermenté, aromatisé, 0% MG, avec édulcorants, enrichi en vitamine D;produits laitiers;52.3;4.49;7.75;0.39;;0.15
19575;Yaourt ou lait fermenté, aromatisé, sucré;produits laitiers;86.1;3.09;12.7;2.25;;0.083
19577;Yaourt ou lait fermenté, aromatisé, à la crème, sucré;produits laitiers;123.0;2.92;13.0;6.59;;0.11
19578;Yaourt ou lait fermenté, aromatisé, sucré, enrichi en vitamine D;produits laitiers;71.4;3.09;11.7;1.06;;0.083
19579;Yaourt ou lait fermenté, aux céréales;produits laitiers;111.0;3.57;16.0;3.43;;0.11
19580;Yaourt ou lait fermenté, aux copeaux de chocolat, à la crème, sucré;produits laitiers;126.0;3.54;14.9;5.52;;0.093
19581;Yaourt ou lait fermenté, aux fruits, 0% MG, avec édulcorants;produits laitiers;45.1;4.29;5.66;0.1;;0.12
19582;Yaourt ou lait fermenté, aux fruits, 0% MG, avec édulcorants, enrichi en vitamine D;produits laitiers;45.5;4.23;6.0;0.1;;0.12
19587;Yaourt ou lait fermenté, aux fruits, sucré;produits laitiers;88.9;3.17;12.6;2.41;;0.095
19589;Yaourt ou lait fermenté, aux fruits, à la crème, sucré;produits laitiers;113.0;2.67;13.4;5.1;;0.11
19592;Yaourt ou lait fermenté, aux fruits, sucré, enrichi en vitamine D;produits laitiers;89.5;3.26;12.3;2.65;;0.088
19593;Yaourt ou lait fermenté, nature;produits laitiers;50.1;3.75;4.26;1.68;;0.1
19594;Yaourt ou lait fermenté, nature, 0% MG;produits laitiers;39.1;4.08;4.89;0.1;;0.11
19596;Yaourt ou lait fermenté, nature, 0% MG, enrichi en vitamine D;produits laitiers;38.5;4.49;4.86;0.19;;0.14
19598;Yaourt ou lait fermenté, nature, à la crème;produits laitiers;107.0;3.16;3.8;8.5;;0.085
19599;Yaourt ou lait fermenté, nature, sucré;produits laitiers;81.7;2.86;10.7;2.81;;0.075
19600;Yaourt ou lait fermenté, nature, sans précision sur teneur en matière grasse et sucre (aliment moyen);produits laitiers;62.3;3.85;5.85;2.3;;0.093
19624;Yaourt ou lait fermenté, nature ou aux fruits (aliment moyen);produits laitiers;72.9;3.62;7.98;2.6;;0.097
19628;Yaourt ou lait fermenté, aux fruits (aliment moyen);produits laitiers;91.2;3.22;11.7;3.12;;0.1
19669;Spécialité laitière riche en protéines, sur lit de fruits, sucrée;produits laitiers;97.6;7.31;11.5;2.29;;0.083
19671;Yaourt ou lait fermenté, aromatisé ou aux fruits, 0% MG (aliment moyen);produits laitiers;47.2;4.45;6.14;0.053;;0.12
19672;Yaourt ou lait fermenté, aromatisé ou aux fruits, non allégé en matière grasse (aliment moyen);produits laitiers;91.6;3.09;12.5;2.92;;0.093
19675;Yaourt ou lait fermenté, aromatisé ou aux fruits, avec édulcorants (aliment moyen);produits laitiers;47.2;4.45;6.14;0.053;;0.12
19676;Yaourt ou lait fermenté, aromatisé ou aux fruits, sucré (aliment moyen);produits laitiers;91.9;3.09;12.6;2.94;;0.094
19677;Yaourt ou lait fermenté, aromatisé ou aux fruits, non allégé en matière grasse, sucré (aliment moyen);produits laitiers;91.8;3.09;12.6;2.94;;0.094
19682;Yaourt ou lait fermenté, aromatisé ou aux fruits (aliment moyen);produits laitiers;87.5;3.23;11.9;2.65;;0.097
19723;Yaourt ou lait fermenté, nature, enrichi en vitamine D;produits laitiers;63.4;4.23;4.4;2.85;;0.1
19724;Spécialité laitière riche en protéines, nature;produits laitiers;74.5;9.1;3.45;2.7;;0.12
19726;Yaourt ou lait fermenté, nature, sucré, enrichi en vitamine D;produits laitiers;85.4;3.03;10.9;3.02;;0.078
19727;Yaourt au lait de chèvre, aux fruits, sucré;produits laitiers;99.9;3.75;11.6;4.29;;0.088
19728;Yaourt au lait de chèvre, sur lit de fruits, sucré;produits laitiers;107.0;3.77;13.2;4.38;;0.093
19733;Yaourt ou lait fermenté, sur lit de fruits, à la crème, sucré;produits laitiers;126.0;2.51;14.2;6.47;;0.1
19801;Lait fermenté à boire ou lait ribot, nature, maigre;produits laitiers;36.2;3.26;3.87;0.54;;0.11
19805;Lait fermenté à boire ou lait ribot, nature, au lait entier;produits laitiers;52.7;3.31;1.99;3.2;;0.088
19860;Yaourt à la grecque nature;produits laitiers;103.0;2.96;3.73;8.16;;0.08
19862;Yaourt à la grecque aromatisé, sucré;produits laitiers;134.0;2.34;14.2;7.49;;0.1
19865;Kéfir de lait;produits laitiers;61.1;3.13;4.5;3.4;;0.12
19882;Yaourt au lait de brebis, nature, 6% MG environ;produits laitiers;98.9;5.31;3.98;6.77;;0.13
19501;Fromage blanc, nature ou aux fruits (aliment moyen);produits laitiers;80.0;6.87;6.34;2.83;;0.09
19572;Fromage frais type petit suisse, aromatisé chocolat, sucré;produits laitiers;165.0;4.13;22.5;6.48;;0.28
19638;Faisselle au coulis de fruits;produits laitiers;93.0;3.5;8.5;5.0;;0.077
19639;Faisselle, 0% MG;produits laitiers;36.8;4.43;4.65;0.05;;0.13
19641;Faisselle, 6% MG environ;produits laitiers;83.6;4.38;3.36;5.5;;0.088
19643;Fromage blanc et crème fouettée, sur lit de fruits, sucré;produits laitiers;145.0;4.5;16.0;7.0;;0.09
19644;Fromage blanc, nature, 0% MG;produits laitiers;48.4;7.19;4.22;0.1;;0.09
19645;Fromage blanc, nature, 0% MG, enrichi en vitamine D;produits laitiers;49.6;7.41;4.76;0.1;;0.12
19646;Fromage blanc, nature, 2-3% MG;produits laitiers;75.7;7.13;3.86;3.23;;0.088
19648;Fromage blanc, nature, 2-3% MG, enrichi en vitamine D;produits laitiers;75.5;6.18;4.87;3.12;;0.09
19650;Fromage blanc et crème fouettée, nature;produits laitiers;133.0;6.59;3.8;9.94;;0.078
19654;Fromage blanc ou spécialité laitière, aux copeaux de chocolat, 7-8% MG, sucré;produits laitiers;152.0;5.98;16.3;6.93;;0.073
19656;Fromage blanc ou spécialité laitière, aux fruits, 0% MG, sucré;produits laitiers;80.3;7.27;12.8;0.37;;0.088
19657;Fromage blanc ou spécialité laitière, aux fruits, 2-3% MG, sucré;produits laitiers;98.3;6.02;12.0;2.86;;0.098
19659;Fromage blanc ou spécialité laitière, aux fruits, 6-7% MG, sucré;produits laitiers;139.0;5.46;14.4;6.55;;0.097
19660;Fromage blanc ou spécialité laitière, sur lit de fruits, 7-8% MG, sucré;produits laitiers;129.0;4.05;12.8;6.91;;0.093
19663;Fromage frais type petit suisse, nature, 0% MG;produits laitiers;56.5;9.7;4.2;0.1;;0.14
19664;Fromage frais type petit suisse, nature, 4% MG environ;produits laitiers;88.0;9.52;3.11;3.9;;0.095
19665;Mousse de fromage blanc sur lit de fruits, 0% MG, avec édulcorants, enrichie en calcium et vitamine D;produits laitiers;56.2;6.35;6.0;0.45;;0.15
19666;Fromage frais type petit suisse, nature, 10% MG environ;produits laitiers;137.0;9.01;2.61;9.89;;0.075
19691;Fromage blanc ou spécialité laitière, aux fruits, 0% MG, avec édulcorants, sucré, enrichi en vitamine D;produits laitiers;53.7;6.4;6.45;0.1;;0.14
19697;Fromage blanc ou spécialité laitière, aromatisé, 0% MG, avec édulcorants, sucré, enrichi en vitamine D;produits laitiers;53.7;6.5;6.7;0.1;;0.12
19705;Fromage blanc ou spécialité laitière, aromatisé, 0% MG, avec édulcorants, sucré;produits laitiers;47.3;5.6;6.0;0.05;;0.13
19707;Fromage blanc ou spécialité laitière, sur lit de fruits, 0% MG, avec édulcorants, sucré, enrichi en vitamine D;produits laitiers;52.8;6.3;6.0;0.4;;0.12
19708;Fromage blanc ou spécialité laitière, sur lit de fruits, 0% MG, avec édulcorants, sans sucres ajoutés, enrichi en vitamine D;produits laitiers;53.0;6.77;5.63;0.17;;0.09
19709;Fromage blanc ou spécialité laitière, aromatisé, 0% MG, avec édulcorants, sans sucres ajoutés;produits laitiers;45.6;7.5;3.9;0.0;;0.1
19711;Fromage blanc, nature, 7-8% MG;produits laitiers;116.0;5.44;5.87;7.63;;0.11
19712;Fromage blanc, nature, au lait de brebis, 5% MG environ;produits laitiers;92.5;6.22;4.29;5.61;;0.1
19713;Fromage blanc, nature, au lait de chèvre, 7% MG environ;produits laitiers;98.3;6.42;3.04;6.73;;0.077
19714;Fromage blanc ou spécialité laitière, aromatisé, 0% MG, sucré;produits laitiers;76.9;6.86;12.3;0.05;;0.1
19715;Fromage blanc ou spécialité laitière, aromatisé, 2-3% MG, sucré;produits laitiers;98.7;6.08;12.8;2.59;;0.093
19716;Fromage blanc, nature, 2-3% MG, sucré;produits laitiers;101.0;7.5;10.9;3.09;;0.099
19718;Fromage blanc ou spécialité laitière, aromatisé, 7-8% MG, sucré;produits laitiers;131.0;5.18;12.8;6.57;;0.088
19719;Fromage frais type petit suisse, aux fruits, 2-3% MG, sucré;produits laitiers;101.0;6.26;12.9;2.64;;0.092
19720;Fromage frais type petit suisse, aux fruits, 2-3% MG, sucré, enrichi en vitamine D;produits laitiers;57.6;3.36;4.68;2.44;;0.1
19721;Fromage frais type petit suisse, aromatisé, 2-3% MG, sucré;produits laitiers;92.7;5.84;12.3;2.23;;0.1
19722;Fromage frais type petit suisse, aromatisé, 2-3% MG, sucré, enrichi en vitamine D;produits laitiers;90.2;4.79;12.2;2.48;;0.12
19725;Fromage blanc ou spécialité laitière, sur lit de fruits, 0% MG, sucré;produits laitiers;78.6;7.92;11.5;0.089;;0.11
19673;Crème dessert, allégée en matière grasse, rayon frais;produits laitiers;78.2;3.58;12.6;1.1;;0.13
19674;Flan aux oeufs, rayon frais;produits laitiers;113.0;4.14;17.7;2.74;;0.15
19678;Lait emprésuré aromatisé, rayon frais;produits laitiers;111.0;4.55;16.0;3.03;;0.15
19679;Lait gélifié aromatisé, nappé caramel, rayon frais;produits laitiers;91.4;2.5;16.8;1.05;;0.098
19680;Lait gélifié aromatisé, rayon frais;produits laitiers;124.0;3.32;19.5;3.53;;0.14
19681;Liégeois ou viennois (chocolat, café, caramel ou vanille), rayon frais;produits laitiers;139.0;3.03;16.1;6.48;;0.12
19684;Oeufs au lait, rayon frais;produits laitiers;124.0;4.92;14.7;5.08;;0.16
19685;Panna cotta, avec préparations de fruits ou caramel, rayon frais;produits laitiers;192.0;2.63;15.9;12.1;;0.099
19686;Spécialité laitière ou dessert lacté, aromatisé, à faible teneur en matière grasse, sucré, avec édulcorants, rayon frais;produits laitiers;75.5;3.73;11.9;1.05;;0.2
23534;Gâteau de semoule aux raisins et caramel, rayon frais;produits laitiers;146.0;3.79;24.5;3.57;;0.089
23536;Gâteau de riz au caramel, rayon frais;produits laitiers;144.0;3.3;25.4;3.17;;0.089
39001;Milkshake, de restauration rapide;produits laitiers;126.0;3.32;17.4;4.66;;0.21
39200;Crème dessert au chocolat, rayon frais;produits laitiers;121.0;3.39;17.9;3.55;;0.16
39206;Mousse au chocolat (base laitière), rayon frais;produits laitiers;155.0;4.95;20.3;5.45;;0.18
39209;Crème caramel, rayon frais;produits laitiers;155.0;4.65;21.0;5.74;;0.15
39211;Crème aux oeufs (petit pot de crème chocolat, vanille, etc.), rayon frais;produits laitiers;162.0;4.25;17.5;8.1;;0.14
39212;Riz au lait vanille, cannelle ou nature, rayon frais;produits laitiers;121.0;2.94;18.9;3.4;;0.11
39213;Crème brûlée, rayon frais;produits laitiers;269.0;4.35;17.5;20.1;;0.11
39214;Crème dessert à la vanille, appertisée;produits laitiers;133.0;3.77;21.1;3.62;;0.17
39215;Ile flottante, rayon frais;produits laitiers;131.0;4.6;21.4;3.05;;0.12
39218;Semoule au lait, rayon frais;produits laitiers;132.0;3.34;18.9;4.73;;0.11
39229;Crème dessert à la vanille, rayon frais;produits laitiers;103.0;2.92;16.2;2.88;;0.12
39230;Crème dessert, rayon frais (aliment moyen);produits laitiers;138.0;3.43;17.4;5.82;;0.14
39235;Mousse liégeoise (chocolat, café, caramel ou vanille), rayon frais;produits laitiers;177.0;3.67;19.2;9.35;;0.13
39246;Crème dessert au café, rayon frais;produits laitiers;118.0;2.8;17.3;4.09;;0.16
39247;Crème dessert au caramel, rayon frais;produits laitiers;108.0;2.83;18.1;2.68;;0.19
39249;Mousse aux fruits, au fromage frais, 0% MG, sucrée, avec édulcorants, enrichie en calcium, rayon frais;produits laitiers;51.7;6.13;5.51;0.3;;0.09
39250;Mousse aux fruits, au fromage frais, sucrée, rayon frais;produits laitiers;144.0;4.92;14.4;7.39;;0.096
39251;Riz au lait, au caramel, rayon frais;produits laitiers;146.0;2.89;24.5;4.0;;0.16
39252;Riz au lait, rhum raisins, rayon frais;produits laitiers;133.0;2.97;22.3;3.44;;0.13
39253;Mousse au chocolat ou café, sur ganache, rayon frais;produits laitiers;360.0;4.49;17.5;29.7;;0.14
39254;Crème dessert au chocolat et billes de céréales chocolatées, rayon frais;produits laitiers;140.0;3.78;22.5;3.78;;0.18
39505;Crème dessert, appertisée (aliment moyen);produits laitiers;136.0;3.46;21.5;3.51;;0.13
39506;Crème dessert au chocolat, appertisée;produits laitiers;138.0;3.18;21.8;3.42;;0.1
39511;Crème dessert, rayon frais ou appertisée (aliment moyen);produits laitiers;138.0;3.43;17.6;5.75;;0.14
19698;Tiramisu au café, rayon frais;produits laitiers;242.0;4.25;30.2;9.8;;0.19
19699;Tiramisu aux fruits, rayon frais;produits laitiers;220.0;3.62;32.1;8.27;;0.14
19852;Mousse à la crème de marrons, rayon frais;produits laitiers;207.0;2.13;34.4;6.5;;0.04
23474;Profiteroles (crème pâtissière et sauce chocolat), rayon frais;produits laitiers;251.0;5.06;31.1;11.4;;0.26
39210;Mousse au chocolat traditionnelle, rayon frais;produits laitiers;319.0;7.23;23.8;21.1;;0.28
39216;Clafoutis aux fruits, rayon frais;produits laitiers;198.0;5.1;29.4;6.39;;0.19
39220;Liégeois aux fruits, rayon frais;produits laitiers;145.0;1.15;17.7;7.26;;0.048
39233;Fondant au chocolat noir et crème anglaise, rayon frais;produits laitiers;211.0;4.5;19.0;13.0;;0.1
39234;Gâteau au chocolat, coeur fondant, rayon frais;produits laitiers;373.0;6.56;41.2;19.5;;0.14
39236;Pain perdu;produits laitiers;226.0;6.0;30.8;8.45;;1.22
39400;Lait de poule, sans alcool;produits laitiers;87.8;4.46;8.05;4.19;;0.14
39710;Crème pâtissière instantanée, reconstituée;produits laitiers;120.0;3.79;18.0;3.6;;0.2
19692;Dessert au soja, aux fruits, sucré, enrichi en calcium, fermenté, rayon frais;produits laitiers;86.2;3.0;12.9;2.3;;0.07
19693;Dessert au soja, nature, sans sucres ajoutés, non enrichi, fermenté, rayon frais;produits laitiers;44.7;4.13;2.05;1.9;;0.085
19694;Dessert au soja, nature, sans sucres ajoutés, enrichi en calcium, fermenté, rayon frais;produits laitiers;42.0;3.94;1.1;2.1;;0.053
19695;Dessert au soja, aux fruits, sucré, non enrichi, fermenté, rayon frais;produits laitiers;78.0;3.63;11.0;1.7;;0.085
19696;Dessert au soja, aux amandes, sucré, enrichi en vitamines et minéraux, fermenté, rayon frais;produits laitiers;56.0;4.0;2.85;2.8;;0.19
20911;Dessert au soja, aromatisé, sucré, enrichi en calcium, rayon frais;produits laitiers;95.0;3.56;15.3;1.9;;0.13
20921;Dessert au soja, aromatisé, sucré, non enrichi, rayon frais;produits laitiers;93.1;3.0;16.0;1.7;;0.11
20922;Dessert végétal sans soja (amande, avoine, chanvre, coco, riz), aromatisé, sucré, non enrichi, rayon frais;produits laitiers;148.0;2.0;15.8;8.0;;0.065
20923;Dessert végétal sans soja (coco, riz), aux fruits, sucré, enrichi en calcium, fermenté, rayon frais;produits laitiers;75.1;0.25;16.0;1.0;;0.095
20925;Dessert au soja, aromatisé, sucré, enrichi en calcium et vitamine D, rayon frais;produits laitiers;95.6;3.25;15.3;2.05;;0.12
20926;Dessert au soja, aux fruits, sucré, enrichi en calcium et vitamine D, fermenté, rayon frais;produits laitiers;85.1;3.03;13.8;1.68;;0.088
20927;Dessert végétal sans soja (amande, avoine, chanvre, coco, riz), nature, sans sucres ajoutés, non enrichi, rayon frais;produits laitiers;150.0;1.45;6.7;13.0;;0.04
20928;Dessert végétal sans soja, rayon frais (aliment moyen);produits laitiers;148.0;2.0;15.8;8.0;;0.065
20929;Dessert au soja, rayon frais (aliment moyen);produits laitiers;67.2;3.71;8.19;1.8;;0.082
39248;Mousse au chocolat végétale, rayon frais;produits laitiers;262.0;6.69;24.3;14.0;;0.36
12775;Mélange de fromages râpés (ex : spécial gratins, spécial pâtes, spécial pizzas…);produits laitiers;386.0;31.4;0.15;28.9;;1.48
12999;Fromage (aliment moyen);produits laitiers;324.0;20.6;0.71;26.3;;1.44
12001;Camembert, sans précision sur le type de lait (pasteurisé ou cru);produits laitiers;280.0;19.1;;22.5;;1.45
12003;Fromage à pâte molle et croûte fleurie, non allégé en matière grasse (type camembert);produits laitiers;271.0;19.3;;21.5;;1.58
12004;Fromage à pâte molle et croûte fleurie, allégé en matière grasse (type camembert);produits laitiers;178.0;22.2;1.07;9.3;;1.44
12006;Camembert au lait cru ou thermisé;produits laitiers;267.0;20.3;;20.3;;1.45
12007;Camembert au lait pasteurisé;produits laitiers;275.0;18.8;1.29;21.5;;1.43
12008;Fromage à pâte molle et croûte fleurie, double crème environ 30% MG;produits laitiers;346.0;16.3;0.64;30.9;;1.37
12010;Coulommiers;produits laitiers;280.0;18.4;;23.0;;1.45
12015;Fromage à pâte molle type carré ou brique, à croûte fleurie, non allégé en matière grasse;produits laitiers;330.0;17.4;;28.8;;1.31
12020;Brie, sans précision;produits laitiers;345.0;17.3;0.68;30.4;;1.43
12021;Brie de Meaux;produits laitiers;276.0;21.0;1.17;20.7;;2.02
12022;Brie de Melun;produits laitiers;288.0;21.6;;22.2;;1.89
12025;Carré de l'Est;produits laitiers;318.0;18.0;0.83;27.0;;1.6
12028;Chaource;produits laitiers;278.0;17.0;0.58;22.9;;1.9
12029;Maroilles, laitier;produits laitiers;338.0;21.8;;27.8;;1.87
12030;Maroilles, fermier;produits laitiers;349.0;20.8;0.0;29.5;;2.07
12031;Neufchâtel;produits laitiers;300.0;17.8;;25.5;;1.71
12033;Fromage à pâte molle, triple crème, environ 38% MG;produits laitiers;380.0;10.3;1.05;37.2;;1.04
12034;Fromage à pâte molle et croûte lavée (aliment moyen);produits laitiers;313.0;19.6;0.42;25.9;;1.77
12035;Fromage à pâte molle et croûte lavée, allégé en matière grasse;produits laitiers;200.0;21.2;1.0;12.4;;1.63
12036;Maroilles, sans précision;produits laitiers;325.0;21.5;;26.4;;2.09
12037;Livarot;produits laitiers;301.0;24.1;;22.6;;1.5
12038;Époisses;produits laitiers;286.0;17.3;;24.0;;1.77
12039;Munster;produits laitiers;324.0;20.0;0.7;26.8;;2.0
12040;Langres;produits laitiers;286.0;16.4;1.13;23.8;;0.99
12041;Fromage à pâte molle et croûte lavée, non allégé en matière grasse;produits laitiers;311.0;19.9;;25.7;;1.57
12042;Pont l'Évêque;produits laitiers;326.0;22.2;;26.2;;1.3
12045;Reblochon;produits laitiers;322.0;19.9;;26.9;;1.38
12049;Saint-Marcellin;produits laitiers;280.0;14.8;;24.3;;1.08
12050;Fromage à pâte molle et croûte mixte (lavée et fleurie) colorée;produits laitiers;336.0;17.8;1.0;29.0;;
12051;Mont d'or ou vacherin du Haut-Doubs (produit en France) ou vacherin-Mont d'Or (produit en Suisse);produits laitiers;293.0;17.5;0.54;24.6;;1.43
12052;Saint-Félicien;produits laitiers;281.0;13.1;;25.2;;1.28
12053;Fromage pour tartiflette (pâte molle et croûte mixte);produits laitiers;320.0;19.8;0.72;26.4;;1.48
12064;Boulette d'Avesne;produits laitiers;355.0;20.5;;30.0;;1.99
12762;Fromage de brebis corse à pâte molle;produits laitiers;426.0;20.0;0.0;38.4;;1.9
12803;Fromage de chèvre lactique affiné, type palet, crottin ou bûchette;produits laitiers;308.0;20.3;1.24;24.7;;1.52
12807;Sainte-Maure de Touraine (fromage de chèvre);produits laitiers;286.0;18.1;1.12;23.3;;1.32
12810;Fromage de chèvre demi-sec;produits laitiers;353.0;21.1;;29.8;;1.81
12812;Fromage de chèvre bûche;produits laitiers;285.0;18.4;;23.3;;1.58
12813;Fromage de chèvre bûche, allégé en matière grasse;produits laitiers;183.0;22.1;1.0;10.0;;1.24
12814;Fromage de chèvre à pâte molle non pressée non cuite et croûte naturelle;produits laitiers;286.0;19.1;0.72;23.0;;1.56
12815;Fromage de chèvre sec;produits laitiers;440.0;29.9;;35.6;;1.06
12820;Fromage de chèvre à pâte molle et croûte fleurie (type camembert, cabécou);produits laitiers;288.0;18.6;;23.8;;0.84
12824;Fromage de brebis à pâte molle et croûte fleurie;produits laitiers;297.0;17.6;;25.2;;1.41
12830;Chabichou (fromage de chèvre);produits laitiers;305.0;19.0;1.5;24.8;;1.45
12831;Pélardon (fromage de chèvre);produits laitiers;343.0;23.3;0.0;27.8;;1.43
12832;Crottin de chèvre, au lait cru;produits laitiers;384.0;22.7;;32.6;;1.01
12833;Crottin de chèvre, sans précision sur le type de lait - pasteurisé ou cru -;produits laitiers;344.0;21.9;1.0;28.0;;1.17
12834;Crottin de Chavignol (fromage de chèvre);produits laitiers;318.0;20.3;1.28;25.8;;1.58
12836;Picodon (fromage de chèvre);produits laitiers;313.0;19.5;1.0;25.6;;1.27
12839;Pouligny Saint-Pierre (fromage de chèvre);produits laitiers;286.0;17.3;1.38;23.5;;1.43
12842;Sainte-Maure (fromage de chèvre);produits laitiers;298.0;19.6;0.91;24.0;;1.56
12845;Selles-sur-Cher (fromage de chèvre);produits laitiers;289.0;18.4;1.17;23.5;;1.47
12846;Chevrot (fromage de chèvre);produits laitiers;263.0;16.9;1.42;21.1;;1.02
12847;Rocamadour (fromage de chèvre);produits laitiers;274.0;17.7;0.93;22.2;;1.14
12848;Valençay (fromage de chèvre);produits laitiers;295.0;18.5;0.64;24.3;;1.42
12500;Roquefort (fromage de brebis);produits laitiers;384.0;19.1;;33.9;;3.22
12519;Fourme de Montbrison;produits laitiers;365.0;22.1;0.0;30.8;;1.63
12520;Fromage bleu au lait de vache, non allégé en matière grasse;produits laitiers;361.0;16.5;0.68;32.5;;1.87
12521;Fromage bleu d'Auvergne;produits laitiers;342.0;20.2;;29.0;;2.68
12522;Fourme d'Ambert;produits laitiers;339.0;20.2;;28.4;;2.2
12523;Fromage bleu des Causses;produits laitiers;350.0;20.0;;30.0;;3.4
12524;Gorgonzola;produits laitiers;318.0;19.1;;26.9;;1.89
12526;Bleu de Gex ou fromage bleu du Haut-Jura ou bleu de Septmoncel;produits laitiers;364.0;22.1;;30.7;;1.44
12528;Fromage bleu au lait de vache, allegé en matière grasse;produits laitiers;223.0;21.0;1.0;15.0;;1.7
12099;Emmental de Savoie ou emmenthal de Savoie;produits laitiers;396.0;29.1;;30.8;;0.26
12100;Fromage à pâte pressée cuite (aliment moyen);produits laitiers;396.0;27.3;0.28;31.6;;0.91
12105;Beaufort;produits laitiers;404.0;26.1;0.72;33.0;;1.06
12109;Cantal jeune;produits laitiers;363.0;24.2;;29.1;;1.81
12110;Comté;produits laitiers;413.0;27.2;;33.8;;0.84
12112;Abondance;produits laitiers;393.0;26.6;;31.6;;1.73
12113;Gruyère IGP France;produits laitiers;415.0;27.6;0.7;33.2;;1.11
12114;Gruyère, sans précision (origine France ou Suisse);produits laitiers;408.0;25.8;0.78;33.5;;1.3
12115;Emmental ou emmenthal;produits laitiers;373.0;27.3;;28.8;;0.61
12116;Fromage à pâte pressée cuite type emmental ou emmenthal, allégé en matière grasse;produits laitiers;258.0;28.6;1.18;15.2;;1.4
12118;Emmental ou emmenthal, râpé;produits laitiers;368.0;27.1;0.58;28.2;;0.68
12119;Ossau-Iraty (fromage de brebis);produits laitiers;423.0;23.7;1.0;36.0;;1.76
12120;Parmesan;produits laitiers;411.0;30.5;1.14;31.0;;1.57
12121;Fontina;produits laitiers;384.0;25.1;0.8;31.1;;2.0
12122;Pecorino (fromage de brebis);produits laitiers;383.0;25.0;1.0;31.0;;5.3
12123;Grana Padano;produits laitiers;399.0;33.2;1.17;28.5;;1.35
12705;Fromage à pâte pressée non cuite type maasdam, allégé en matière grasse;produits laitiers;238.0;27.7;0.8;13.8;;2.06
12716;Provolone;produits laitiers;340.0;25.1;0.0;26.6;;2.19
12720;Fromage à pâte pressée non cuite, enrobé de cire, non allégé en matière grasse;produits laitiers;303.0;21.1;;23.8;;1.78
12721;Fromage à pâte pressée non cuite, enrobé de cire, allégé en matière grasse;produits laitiers;208.0;25.0;;12.0;;1.8
12722;Cantal entre-deux;produits laitiers;383.0;26.1;;30.5;;1.85
12724;Cantal;produits laitiers;378.0;24.8;;31.0;;2.15
12725;Salers;produits laitiers;388.0;25.4;0.0;31.4;;2.19
12726;Cheddar;produits laitiers;399.0;24.2;1.2;32.6;;1.77
12729;Edam;produits laitiers;320.0;25.2;;24.4;;2.22
12735;Mimolette jeune (moins de 6 mois d'affinage);produits laitiers;331.0;28.3;;24.2;;2.44
12736;Gouda;produits laitiers;369.0;24.2;;30.2;;1.95
12737;Mimolette demi-vieille (6 mois d'affinage minimum);produits laitiers;371.0;30.0;0.75;27.5;;3.0
12738;Mimolette vieille (12 mois d'affinage minimum);produits laitiers;397.0;33.3;;28.8;;3.68
12740;Mimolette, sans précision;produits laitiers;319.0;25.3;;24.2;;2.17
12741;Fromage à pâte pressée non cuite type maasdam, non allégé en matière grasse;produits laitiers;359.0;25.0;;28.4;;1.29
12742;Mimolette extra-vieille (18 mois d'affinage minimum);produits laitiers;402.0;33.0;1.0;29.5;;3.33
12743;Morbier;produits laitiers;355.0;22.4;;29.2;;1.41
12747;Fromage de brebis à pâte pressée non cuite des Pyrénées, type tomme ou tome;produits laitiers;393.0;21.8;0.72;33.6;;1.61
12748;Saint-Nectaire, laitier;produits laitiers;333.0;21.3;0.9;27.2;;1.55
12749;Raclette (fromage);produits laitiers;342.0;22.9;;27.5;;1.69
12751;Saint-Nectaire, fermier;produits laitiers;360.0;21.8;1.2;29.8;;1.0
12752;Saint-Nectaire, sans précision;produits laitiers;342.0;23.0;0.5;27.5;;1.8
12755;Saint-Paulin (fromage à pâte pressée non cuite demi-ferme);produits laitiers;327.0;21.8;;26.4;;1.61
12758;Tomme ou tome de vache;produits laitiers;364.0;21.1;3.37;29.4;;1.28
12760;Tomme ou tome, allégée en matière grasse;produits laitiers;240.0;30.4;;13.2;;1.84
12761;Asiago;produits laitiers;356.0;31.4;0.0;25.6;;1.9
12763;Tome des Bauges;produits laitiers;381.0;26.1;0.0;30.8;;1.15
12764;Tête de moine;produits laitiers;415.0;25.5;0.5;34.5;;2.0
12765;Raclette (fromage) fumée;produits laitiers;345.0;23.6;0.5;27.7;;1.65
12766;Raclette (fromage), au poivre;produits laitiers;350.0;24.0;0.5;28.0;;1.66
12767;Gouda au cumin;produits laitiers;378.0;23.6;0.6;31.0;;1.96
12771;Tomme ou tome de Savoie;produits laitiers;361.0;23.0;0.97;29.2;;1.31
12773;Tomme ou tome des Pyrénées;produits laitiers;340.0;21.7;0.7;27.9;;1.79
12776;Raclette de Savoie (fromage);produits laitiers;357.0;23.6;;29.1;;1.52
12816;Fromage à pâte pressée demi-cuite;produits laitiers;359.0;25.1;;28.8;;1.58
12850;Fromage de chèvre à pâte pressée non cuite, type tomme ou tome ou gouda de chèvre;produits laitiers;344.0;21.7;0.9;28.2;;1.71
12300;Fromage fondu en tranchettes;produits laitiers;246.0;13.8;5.34;18.5;;2.46
12302;Spécialité fromagère fondue aromatisée en cubes pour l’apéritif (cubes de fromage fondu au lait de vache);produits laitiers;251.0;12.2;5.57;19.9;;2.18
12303;Fromage fondu en portion (triangle), non enrichi;produits laitiers;238.0;11.0;8.52;17.6;;1.84
12304;Fromage fondu en portion (triangle), enrichi en vitamines;produits laitiers;259.0;7.84;8.49;21.4;;1.65
12305;Fromage fondu, allégé en matière grasse;produits laitiers;134.0;11.3;4.6;7.36;;0.74
12306;Fromage blanc fondu en portion (carré), non enrichi en vitamines;produits laitiers;305.0;8.59;2.98;28.6;;1.34
12307;Fromage blanc fondu en portion (carré ou bâtonnet), enrichi en vitamines;produits laitiers;305.0;8.21;3.39;28.7;;1.27
12325;Cancoillotte (spécialité fromagère fondue);produits laitiers;151.0;13.6;0.48;10.5;;1.73
12355;Spécialité fromagère fondante au fromage blanc et aux noix;produits laitiers;311.0;11.0;2.5;28.5;;1.7
12356;Snack pour enfants à base de fromage fondu et de gressins;produits laitiers;298.0;9.63;24.0;17.9;;1.63
12054;Spécialité fromagère non affinée en coque, enrichie en vitamines;produits laitiers;242.0;5.4;3.5;22.9;;1.1
12060;Fromage type feta, au lait de vache 100%;produits laitiers;273.0;15.1;1.22;22.6;;2.51
12063;Fromage type feta, au lait de vache 100%, à l'huile et aux aromates;produits laitiers;283.0;17.3;0.16;23.4;;2.52
12065;Bouchée apéritive de fromage au lait de vache non affiné, fourrée ou enrobée;produits laitiers;274.0;11.1;2.92;24.0;;1.63
12066;Feta, au lait de brebis 70% minimum et lait de chèvre 30% maximum;produits laitiers;284.0;14.8;0.45;24.3;;2.27
12068;Fromage frais ou spécialité fromagère non affinée, nature, à tartiner, en barquette, non allégée en matière grasse;produits laitiers;225.0;6.13;3.31;20.7;;0.9
12069;Fromage frais ou spécialité fromagère non affinée, nature, à tartiner, en barquette, allégée en matière grasse;produits laitiers;133.0;10.6;5.12;7.48;;0.92
12070;Fromage frais ou spécialité fromagère non affinée, ail et fines herbes, à tartiner, non allégée en matière grasse;produits laitiers;320.0;7.87;2.7;30.8;;1.24
12071;Brousse (fromage de brebis frais au lactosérum);produits laitiers;142.0;9.19;4.81;9.36;;0.76
12072;Burrata;produits laitiers;259.0;10.6;0.93;23.4;;0.53
12111;Fromage à effilocher ou à dérouler;produits laitiers;307.0;23.3;2.68;22.4;;1.66
12805;Fromage de chèvre frais, type palet, crottin ou bûchette;produits laitiers;194.0;11.7;2.5;15.2;;1.15
12819;Fromage de chèvre à tartiner, nature;produits laitiers;161.0;10.6;2.41;12.2;;0.92
12828;Fromage de lactosérum de brebis;produits laitiers;190.0;9.91;4.3;14.8;;0.63
19584;Mascarpone;produits laitiers;369.0;5.88;3.1;37.0;;0.13
19590;Mozzarella au lait de vache;produits laitiers;227.0;16.1;0.7;17.7;;0.6
19591;"Mozzarella au lait de bufflonne ou buflesse (""di bufala"")";produits laitiers;260.0;14.3;0.18;22.3;;0.49
1027;Spécialité végétale type fromage à tartiner, au soja, préemballée;produits laitiers;174.0;12.8;1.05;13.1;;1.15
1028;Spécialité végétale type fromage, à la noix de cajou, préemballée;produits laitiers;441.0;14.5;15.2;35.3;;0.88
1029;Spécialité végétale type fromage en tranche ou râpé, sans soja, préemballée;produits laitiers;271.0;0.25;21.2;20.1;;1.88
19402;Crème ou spécialité à base de crème légère, sans précision sur la teneur en matière grasse (aliment moyen);produits laitiers;248.0;2.4;2.86;25.0;;0.077
19403;Crème ou spécialité à base de crème légère, sans précision sur la teneur en matière grasse, fluide (aliment moyen);produits laitiers;244.0;2.44;3.97;24.2;;0.094
19404;Crème ou spécialité à base de crème légère, sans précision sur la teneur en matière grasse, épaisse ou semi-épaisse (aliment moyen);produits laitiers;165.0;2.61;4.53;14.7;;0.078
19410;Crème 30% MG, épaisse, rayon frais;produits laitiers;285.0;2.28;1.38;29.9;;0.065
19411;Crème d'Isigny, >= 35% MG;produits laitiers;382.0;2.5;3.0;40.0;;0.076
19415;Crème 30% MG, semi-épaisse, UHT;produits laitiers;294.0;2.44;1.94;30.7;;0.073
19417;Crème 30% MG, fluide, UHT;produits laitiers;293.0;2.16;3.69;30.0;;0.068
19420;Crème chantilly, sous pression, UHT;produits laitiers;305.0;2.06;10.6;28.2;;0.065
19430;Crème 12 à 25% MG, légère, semi-épaisse, UHT;produits laitiers;189.0;2.72;4.34;17.6;;0.088
19431;Crème 12 à 25% MG, légère, épaisse, rayon frais;produits laitiers;162.0;2.6;4.55;14.4;;0.078
19432;Spécialité à base de crème légère 4-5% MG, fluide ou épaisse;produits laitiers;75.0;3.0;4.5;5.0;;0.1
19433;Spécialité à base de crème légère 4% MG environ, fluide ou épaisse;produits laitiers;73.2;3.19;5.28;4.3;;0.11
19434;Spécialité culinaire à base de crème et d'aromates 19% MG, à cuisiner;produits laitiers;195.0;3.0;3.0;19.0;;1.28
19435;Spécialité culinaire à base de crème légère et d'aromates 12% MG, à cuisiner;produits laitiers;128.0;3.0;2.0;12.0;;1.28
19436;Crème 12 à 20% MG, légère, fluide, rayon frais;produits laitiers;173.0;2.9;4.3;16.0;;0.15
18009;Eau minérale, embouteillée, faiblement minéralisée (aliment moyen);eaux et autres boissons;0.004;0.0;0.001;0.0;;0.002
18044;Eau minérale (aliment moyen);eaux et autres boissons;0.024;0.0;0.006;0.0;;0.004
18045;Eau minérale, embouteilée, plate (aliment moyen);eaux et autres boissons;0.025;0.0;0.006;0.0;;0.002
18046;Eau minérale, embouteilée, gazeuse (aliment moyen);eaux et autres boissons;0.018;0.0;0.005;0.0;;0.01
18066;Eau du robinet;eaux et autres boissons;0.0;0.0;0.0;0.0;0.0;0.008
18430;Eau de source gazeuse ou plate;eaux et autres boissons;0.0;0.0;0.0;0.0;0.0;
76000;Eau minérale Abatilles, embouteillée, plate, faiblement minéralisée (Arcachon, 33);eaux et autres boissons;0.0;0.0;0.0;0.0;0.0;0.023
76001;Eau minérale Aix-les-Bains, embouteillée, plate, faiblement minéralisée (Aix-les-Bains, 73);eaux et autres boissons;0.0;0.0;0.0;0.0;0.0;0.0
76002;Eau minérale Aizac, embouteillée, gazeuse, faiblement minéralisée (Aizac, 07);eaux et autres boissons;0.0;0.0;0.0;0.0;0.0;0.0
76004;Eau minérale Amanda, embouteillée, plate, riche en sels minéraux (St-Amand, 59);eaux et autres boissons;0.0;0.0;0.0;0.0;0.0;0.01
76006;Eau minérale Arcens, embouteillée, gazeuse, moyennement minéralisée (Arcens, 07);eaux et autres boissons;0.0;0.0;0.0;0.0;0.0;0.004
76007;Eau minérale Ardesy, embouteillée, gazeuse, riche en sels minéraux (Ardes, 63);eaux et autres boissons;0.0;0.0;0.0;0.0;0.0;0.064
76010;Eau minérale Celtic, embouteillée, gazeuse ou plate, très faiblement minéralisée (Niederbronn, 67);eaux et autres boissons;0.004;0.0;0.001;0.0;;0.0
76011;Eau minérale Chambon, embouteillée, plate, faiblement minéralisée (Chambon, 45);eaux et autres boissons;0.012;0.0;0.003;0.0;;0.003
76012;Eau minérale Chantemerle, embouteillée, plate, faiblement minéralisée (Le Pestrin, 07);eaux et autres boissons;0.0;0.0;0.0;0.0;0.0;0.0
76013;Eau minérale Chateauneuf, embouteillée, gazeuse, riche en sels minéraux (Chateauneuf, 63);eaux et autres boissons;0.0;0.0;0.0;0.0;0.0;0.038
76014;Eau minérale Chateldon, embouteillée, gazeuse, riche en sels minéraux (Chateldon, 63);eaux et autres boissons;0.0;0.0;0.0;0.0;0.0;0.001
76015;Eau minérale Clos de l'Abbaye, embouteillée, plate, moyennement minéralisée (St-Amand, 59);eaux et autres boissons;0.064;0.0;0.016;0.0;;0.006
76016;Eau minérale Contrex, embouteillée, plate, riche en sels minéraux (Contrexéville, 88);eaux et autres boissons;0.031;0.0;0.008;0.0;;0.001
76017;Eau minérale Dax, embouteillée, plate, moyennement minéralisée (Dax, 40);eaux et autres boissons;0.28;0.0;0.069;0.0;;0.031
76018;Eau minérale Didier, embouteillée, gazeuse, riche en sels minéraux (Martinique);eaux et autres boissons;0.0;0.0;0.0;0.0;0.0;0.032
76019;Eau minérale Didier, embouteillée, plate, riche en sels minéraux (Martinique);eaux et autres boissons;0.0;0.0;0.0;0.0;0.0;0.004
76020;Eau minérale Evian, embouteillée, plate, faiblement minéralisée (Evian, 74);eaux et autres boissons;0.0;0.0;0.0;0.0;0.0;0.001
76022;Eau minérale Hépar, embouteillée, plate, riche en sels minéraux (Vittel, 88);eaux et autres boissons;0.0;0.0;0.0;0.0;0.0;0.003
76023;Eau minérale Hydroxydase, embouteillée, gazeuse, riche en sels minéraux (Le Breuil sur Couze, 63);eaux et autres boissons;1.04;0.0;0.0;0.0;;0.058
76024;Eau minérale Vernière, embouteillée, gazeuse, moyennement minéralisée (Les Aires, 34);eaux et autres boissons;0.0;0.0;0.0;0.0;0.0;0.002
76025;Eau minérale Luchon, embouteillée, plate, faiblement minéralisée (Luchon, 31);eaux et autres boissons;0.0;0.0;0.0;0.0;0.0;0.0
76027;Eau minérale Mont-Roucous, embouteillée, plate, très faiblement minéralisée (Lacaune, 81);eaux et autres boissons;0.0;0.0;0.0;0.0;0.0;0.001
76029;Eau minérale Orée du bois, embouteillée, plate, moyennement minéralisée (St-Amand, 59);eaux et autres boissons;0.0;0.0;0.0;0.0;0.0;0.01
76030;Eau minérale Orezza, embouteillée, gazeuse, moyennement minéralisée (Rapaggio, 20B);eaux et autres boissons;0.0;0.0;0.0;0.0;0.0;0.002
76031;Eau minérale Parot, embouteillée, gazeuse, moyennement minéralisée (St-Romain-le-Puy, 42);eaux et autres boissons;0.0;0.0;0.0;0.0;0.0;0.016
76032;Eau minérale Plancoet, embouteillée, gazeuse ou plate, faiblement minéralisée (Plancoet, 22);eaux et autres boissons;0.0;0.0;0.0;0.0;0.0;0.006
76033;Eau minérale Propiac, embouteillée, plate, riche en sels minéraux (Propiac, 26);eaux et autres boissons;0.92;0.0;0.0;0.0;;0.17
76034;Eau minérale Puits St-Georges, embouteillée, gazeuse, moyennement minéralisée (St-Romain-le-Puy, 42);eaux et autres boissons;0.0;0.0;0.0;0.0;0.0;0.006
76035;Eau minérale Quézac, embouteillée, gazeuse, moyennement minéralisée (Quézac, 48);eaux et autres boissons;0.0;0.0;0.0;0.0;0.0;0.003
76036;Eau minérale Reine des basaltes, embouteillée, gazeuse, moyennement minéralisée (Asperjoc, 07);eaux et autres boissons;0.0;0.0;0.0;0.0;0.0;0.002
76037;Eau minérale Rozana, embouteillée, gazeuse, riche en sels minéraux (Beauregard, 63);eaux et autres boissons;0.0;0.0;0.0;0.0;0.0;0.11
76038;Eau minérale Sail-les-Bains, embouteillée, plate, faiblement minéralisée (Sail-les-Bains, 42);eaux et autres boissons;0.0;0.0;0.0;0.0;0.0;0.006
76039;Eau minérale Salvetat, embouteillée, gazeuse, moyennement minéralisée (La Salvetat, 34);eaux et autres boissons;0.12;0.0;0.03;0.0;;0.001
76043;Eau minérale St-Amand, embouteillée, gazeuse ou plate, moyennement minéralisée (St-Amand, 59);eaux et autres boissons;0.0;0.0;0.0;0.0;0.0;0.006
76044;Eau minérale St-Antonin, embouteillée, plate, riche en sels minéraux (St-Antonin-Noble-Val, 82);eaux et autres boissons;0.088;0.0;0.022;0.0;;0.002
76046;Eau minérale St-Diéry, embouteillée, gazeuse, riche en sels minéraux (St-Diéry, 63);eaux et autres boissons;0.02;0.0;0.005;0.0;;0.019
76047;Eau minérale Ste-Marguerite, embouteillée, gazeuse, moyennement minéralisée (St-Maurice, 63);eaux et autres boissons;0.0;0.0;0.0;0.0;0.0;0.038
76049;Eau minérale St-Yorre, embouteillée, gazeuse, riche en sels minéraux (Saint-Yorre, 03);eaux et autres boissons;0.038;0.0;0.009;0.0;;0.053
76050;Eau minérale Thonon, embouteillée, plate, faiblement minéralisée (Thonon, 74);eaux et autres boissons;0.029;0.0;0.007;0.0;;0.001
76052;Eau minérale Vals-Vivaraise, embouteillée, gazeuse, moyennement minéralisée (Vals, 07);eaux et autres boissons;0.0;0.0;0.0;0.0;0.0;
76053;Eau minérale Ventadour, embouteillée, gazeuse, faiblement minéralisée (Le Pestrin, 07);eaux et autres boissons;0.12;0.0;0.03;0.0;;0.0
76054;Eau minérale Vernet, embouteillée, gazeuse, faiblement minéralisée (Prades, 07);eaux et autres boissons;0.0;0.0;0.0;0.0;0.0;0.001
76055;Eau minérale Vichy Célestins, embouteillée, gazeuse, riche en sels minéraux (Saint-Yorre, 03);eaux et autres boissons;0.05;0.0;0.013;0.0;;0.039
76056;Eau minérale Vittel, embouteillée, plate, moyennement minéralisée (Vittel, 88);eaux et autres boissons;0.082;0.0;0.02;0.0;;0.001
76057;Eau minérale Volvic, embouteillée, plate, faiblement minéralisée (Volvic, 63);eaux et autres boissons;0.009;0.0;0.002;0.0;;0.003
76058;Eau minérale Volvic active, embouteillée, gazeuse, faiblement minéralisée (Volvic, 63);eaux et autres boissons;0.0;0.0;0.0;0.0;0.0;0.002
76059;Eau minérale Wattwiller, embouteillée, gazeuse ou plate, faiblement minéraliséee (Wattwiller, 68);eaux et autres boissons;0.0;0.0;0.0;0.0;0.0;0.001
76061;Eau minérale Badoit, embouteillée, gazeuse, moyennement minéralisée (St-Galmier, 42);eaux et autres boissons;0.0;0.0;0.0;0.0;0.0;0.009
76062;Eau minérale Avra, embouteillée, plate, faiblement minéralisée (Grèce);eaux et autres boissons;0.0;0.0;0.0;0.0;0.0;0.001
76063;Eau minérale Beckerich, embouteillée, plate, faiblement minéralisée (Luxembourg);eaux et autres boissons;0.0;0.0;0.0;0.0;0.0;0.001
76065;Eau minérale Chaudfontaine, embouteillée, plate, faiblement minéralisée (Belgique);eaux et autres boissons;0.0;0.0;0.0;0.0;0.0;0.006
76066;Eau minérale Christinen Brunnen, embouteillée, plate, moyennement minéralisée (Allemagne);eaux et autres boissons;0.0;0.0;0.0;0.0;0.0;0.047
76067;Eau minérale Courmayeur, embouteillée, plate, riche en sels minéraux (Italie);eaux et autres boissons;0.0;0.0;0.0;0.0;0.0;0.0
76069;Eau minérale Levissima, embouteillée, plate, faiblement minéralisée (Italie);eaux et autres boissons;0.0;0.0;0.0;0.0;0.0;0.0
76070;Eau minérale Luso, embouteillée, plate, très faiblement minéralisée (Portugal);eaux et autres boissons;0.0;0.0;0.0;0.0;0.0;0.002
76071;Eau minérale Néro, embouteillée, plate, faiblement minéralisée (Grèce);eaux et autres boissons;0.0;0.0;0.0;0.0;0.0;0.01
76072;Eau minérale Penacova, embouteillée, plate, très faiblement minéralisée (Portugal);eaux et autres boissons;0.0;0.0;0.0;0.0;0.0;0.002
76074;Eau minérale San Bernardo, embouteillée, gazeuse ou plate, très faiblement minéralisée (Italie);eaux et autres boissons;0.0;0.0;0.0;0.0;0.0;0.0
76075;Eau minérale San Pellegrino, embouteillée, gazeuse, moyennement minéralisée (Italie);eaux et autres boissons;0.0;0.0;0.0;0.0;0.0;0.011
76076;Eau minérale Spa-Reine, embouteillée, gazeuse ou plate, moyennement minéralisée (Belgique);eaux et autres boissons;0.0;0.0;0.0;0.0;0.0;0.001
76078;Eau minérale Valvert, embouteillée, plate, faiblement minéralisée (Belgique);eaux et autres boissons;0.0;0.0;0.0;0.0;0.0;0.0
76081;Eau minérale Biovive, embouteillée, plate, faiblement minéralisée (Dax, 40);eaux et autres boissons;0.044;0.0;0.011;0.0;;0.003
76082;Eau minérale La Cairolle, embouteillée, plate, riche en sels minéraux (Les Aires, 34);eaux et autres boissons;0.43;0.0;0.11;0.0;;0.002
76083;Eau minérale Cilaos, embouteillée, gazeuse, riche en sels minéraux (Cilaos, 974);eaux et autres boissons;0.0;0.0;0.0;0.0;0.0;0.001
76085;Eau minérale La Française, embouteillée, plate, riche en sels minéraux (Propiac, 26);eaux et autres boissons;0.49;0.0;0.0;0.0;;0.16
76086;Eau minérale Montcalm, embouteillée, plate, très faiblement minéralisée (Auzat, 09);eaux et autres boissons;0.01;0.0;0.003;0.0;;0.0
76087;Eau minérale Montclar, embouteillée, plate, faiblement minéralisée (Montclar, 04);eaux et autres boissons;0.036;0.0;0.009;0.0;;0.001
76088;Eau minérale Nessel, embouteillée, gazeuse, moyennement minéralisée (Soultzmatt, 68);eaux et autres boissons;0.33;0.0;0.082;0.0;;0.007
76089;Eau minérale Ogeu, embouteillée, gazeuse, faiblement minéralisée (Ogeu-les-Bains, 64);eaux et autres boissons;0.05;0.0;0.012;0.0;;0.008
76090;Eau minérale Ogeu, embouteillée, plate, faiblement minéralisée (Ogeu-les-Bains, 64);eaux et autres boissons;0.073;0.0;0.018;0.0;;0.004
76091;Eau minérale Prince Noir, embouteillée, plate, riche en sels minéraux (St-Antonin-Noble-Val, 82);eaux et autres boissons;0.0;0.0;0.0;0.0;0.0;0.002
76092;Eau minérale St-Alban, embouteillée, gazeuse, moyennement minéralisée (St-Alban, 42);eaux et autres boissons;0.0;0.0;0.0;0.0;0.0;0.003
76093;Eau minérale St-Géron, embouteillée, gazeuse, moyennement minéralisée (St-Géron, 43);eaux et autres boissons;0.28;0.0;0.071;0.0;;0.007
76094;Eau minérale St-Michel-de-Mourcairol, embouteillée, gazeuse, moyennement minéralisée (Les Aires, 34);eaux et autres boissons;0.33;0.0;0.082;0.0;;0.004
76095;Eau minérale Treignac, embouteillée, plate, très faiblement minéralisée (Treignac, 19);eaux et autres boissons;0.005;0.0;0.001;0.0;;0.001
76096;Eau minérale Vals, embouteillée, gazeuse, moyennement minéralisée (Vals-les-Bains, 07);eaux et autres boissons;0.08;0.0;0.02;0.0;;0.004
76097;Eau minérale Vauban, embouteillée, plate, moyennement minéralisée (St-Amand-les-Eaux, 59);eaux et autres boissons;0.35;0.0;0.088;0.0;;0.01
76101;Eau minérale Mont-Blanc, embouteillée, plate, faiblement minéralisée (Italie);eaux et autres boissons;0.0;0.0;0.0;0.0;0.0;
76102;Eau minérale Eden (La Goa), embouteillée, plate, faiblement minéralisée (Suisse);eaux et autres boissons;0.0;0.0;0.0;0.0;0.0;
76103;Eau minérale Velleminfroy, embouteillée, gazeuse ou plate, riche en sels minéraux (Chatenois, 70);eaux et autres boissons;0.0;0.0;0.0;0.0;0.0;
2000;Jus d'ananas, à base de concentré;eaux et autres boissons;52.3;0.41;11.9;0.096;;0.011
2002;Jus multifruit, pur jus, multivitaminé;eaux et autres boissons;48.4;0.48;11.3;0.1;;0.004
2004;Jus de fruits (aliment moyen);eaux et autres boissons;46.8;0.53;10.2;0.13;;0.012
2006;Jus de carotte, pur jus;eaux et autres boissons;29.4;0.4;6.55;0.1;;0.1
2007;Jus de citron, fait maison;eaux et autres boissons;28.6;0.35;2.52;0.24;;0.006
2011;Jus multifruit, base orange, multivitaminé;eaux et autres boissons;45.5;0.25;11.3;0.8;;0.008
2012;Jus d'orange, à base de concentré;eaux et autres boissons;45.6;0.63;9.59;0.13;;0.008
2013;Jus d'orange, frais;eaux et autres boissons;44.8;0.7;9.19;0.2;;0.003
2014;Jus de pomme, à base de concentré;eaux et autres boissons;48.5;0.24;11.3;0.098;;0.014
2015;Jus de pamplemousse (pomélo), à base de concentré;eaux et autres boissons;40.9;0.52;8.41;0.1;;0.01
2016;Jus de raisin, pur jus;eaux et autres boissons;69.2;0.25;16.3;0.057;;0.009
2017;Jus de grenade, pur jus;eaux et autres boissons;54.0;0.15;12.7;0.29;;0.023
2018;Jus de pruneau;eaux et autres boissons;77.4;0.37;18.7;0.039;;0.025
2019;Jus de raisin, à base de concentré;eaux et autres boissons;67.1;0.31;16.0;0.11;;0.007
2023;Jus de mangue, frais;eaux et autres boissons;38.8;0.19;9.5;0.0;;0.028
2024;Jus de fruit de la passion ou maracudja, frais;eaux et autres boissons;61.7;0.67;14.3;0.18;;0.015
2025;Jus de pamplemousse (pomélo), frais;eaux et autres boissons;43.7;0.5;9.1;0.1;;0.003
2026;Jus de tomate, pur jus, salé à 3 g/L;eaux et autres boissons;23.2;0.88;4.13;0.17;;0.3
2027;Jus de pamplemousse (pomelo), pur jus;eaux et autres boissons;42.5;0.49;8.89;0.083;;0.008
2028;Jus de citron, pur jus;eaux et autres boissons;29.4;0.4;6.1;0.29;;0.053
2030;Jus de citron vert, frais;eaux et autres boissons;9.87;0.42;1.69;0.07;;0.005
2031;Jus de citron vert, pur jus;eaux et autres boissons;25.7;0.25;1.69;0.23;;0.026
2032;Jus de tomate, pur jus, salé à 6 g/L;eaux et autres boissons;20.1;0.88;3.32;0.11;;0.6
2033;Jus multifruit, à base de jus et purée de fruits;eaux et autres boissons;49.1;0.46;11.5;0.11;;0.01
2034;Jus de clémentine ou mandarine, pur jus;eaux et autres boissons;46.7;0.66;10.4;0.14;;0.009
2035;Jus multifruit, pur jus, standard;eaux et autres boissons;46.5;0.25;11.2;0.3;;0.002
2036;Jus multifruit, base raisin, standard;eaux et autres boissons;54.6;0.5;13.0;0.0;;0.003
2038;Jus multifruit, base orange, standard;eaux et autres boissons;46.8;0.7;10.4;0.16;;0.069
2039;Jus de grenade, frais;eaux et autres boissons;47.2;0.2;11.6;0.0;;0.003
2040;Jus de cerise des Antilles ou d'acérola, frais;eaux et autres boissons;22.9;0.4;4.5;0.3;;0.007
2048;Jus multifruit, base pomme, standard;eaux et autres boissons;49.9;0.33;12.2;0.1;;0.0
2050;Jus multifruit, base pomme, multivitaminé;eaux et autres boissons;41.9;0.33;10.1;0.1;;
2052;Jus de fruit(s) et de légume(s), pur jus;eaux et autres boissons;42.8;0.85;9.5;;;
2053;Jus de tomate, pur jus (aliment moyen);eaux et autres boissons;21.7;0.88;3.73;0.14;;0.45
2069;Jus multifruit, à base de concentré, standard;eaux et autres boissons;49.6;0.52;11.2;0.15;;0.02
2070;Jus d'orange, pur jus;eaux et autres boissons;45.4;0.61;9.61;0.11;;0.012
2071;Jus multifruit, à base de concentré, multivitaminé;eaux et autres boissons;45.5;0.29;10.8;0.091;;0.019
2072;Jus de fruits, pur jus (aliment moyen);eaux et autres boissons;46.6;0.51;10.2;0.11;;0.013
2073;Jus d'ananas, pur jus;eaux et autres boissons;52.9;0.41;12.1;0.074;;0.013
2074;Jus de pomme, pur jus;eaux et autres boissons;48.9;0.17;11.4;0.14;;0.022
2075;Jus de légumes, pur jus (aliment moyen);eaux et autres boissons;24.3;0.72;4.69;0.13;;0.33
2077;Jus de fruits, à base de concentré (aliment moyen);eaux et autres boissons;47.6;0.55;10.4;0.13;;0.012
2377;Jus d'orange sanguine, pur jus;eaux et autres boissons;45.6;0.63;10.2;0.1;;0.01
2381;Jus de canneberge ou cranberry;eaux et autres boissons;49.8;;12.1;0.13;;0.005
2500;Smoothie, sans précision sur la teneur en fruits et les ingrédients autres que fruits;eaux et autres boissons;60.2;0.62;12.9;0.26;;0.01
2009;Nectar multifruit, base pomme, standard;eaux et autres boissons;41.1;0.28;10.0;0.1;;
2010;Nectar multifruit, base pomme, multivitaminé;eaux et autres boissons;36.4;0.05;9.1;0.1;;
2022;Nectar de fraise;eaux et autres boissons;47.5;0.3;11.3;0.1;;0.005
2043;Nectar d'abricot;eaux et autres boissons;58.6;0.21;13.7;0.03;;0.004
2045;Nectar de papaye;eaux et autres boissons;58.9;0.17;13.9;0.15;;0.013
2054;Nectar de poire;eaux et autres boissons;62.5;0.19;14.8;0.043;;0.003
2060;Nectar multifruit, multivitaminé;eaux et autres boissons;47.2;0.24;11.3;0.1;;0.016
2061;Nectar multifruit, standard;eaux et autres boissons;49.7;0.3;11.5;0.089;;0.009
2062;Nectar multifruit, base orange, multivitaminé;eaux et autres boissons;42.6;0.4;10.3;0.1;;
2063;Nectar multifruit, base orange, standard;eaux et autres boissons;50.2;0.25;11.9;0.1;;0.019
2064;Nectar, avec édulcorants, allégé en sucres;eaux et autres boissons;23.2;0.17;5.49;0.037;;0.01
2076;Nectar de pomme;eaux et autres boissons;44.9;0.14;10.9;0.075;;0.01
2365;Nectar de fruit de la passion ou maracuja;eaux et autres boissons;68.0;0.3;15.2;0.1;;0.025
2366;Nectar de banane;eaux et autres boissons;53.8;0.23;12.8;0.048;;0.005
2367;Nectar de goyave;eaux et autres boissons;48.0;0.14;10.9;0.23;;0.003
2370;Nectar de mangue;eaux et autres boissons;52.1;0.21;11.3;0.08;;0.005
2371;Nectar de pêche;eaux et autres boissons;50.3;0.22;12.1;0.05;;0.011
2374;Nectar d'ananas;eaux et autres boissons;52.4;0.1;13.0;0.0;;0.0
2375;Nectar d'orange;eaux et autres boissons;41.6;0.32;9.19;0.086;;0.018
18001;Boisson gazeuse aromatisée, sans fruit, sans sucres ajoutés, avec édulcorants;eaux et autres boissons;0.23;0.0;0.063;0.0;;0.013
18007;Cocktail ou boisson apéritive sans alcool à base de jus de fruits sans sirop;eaux et autres boissons;42.8;0.033;10.7;0.035;;0.016
18010;Limonade, sucrée;eaux et autres boissons;33.0;0.0;8.24;0.0;;0.005
18012;Boisson à l'eau minérale ou de source, aromatisée, sucrée;eaux et autres boissons;16.2;0.0;4.05;;;0.004
18013;Tonic ou bitter, sans sucres ajoutés, avec édulcorants;eaux et autres boissons;0.2;0.0;0.058;0.0;;0.003
18014;Tonic ou bitter, sucré, avec édulcorants;eaux et autres boissons;22.2;0.0;5.54;0.0;;0.0
18015;Boisson au thé, aromatisée, sucrée, avec édulcorants;eaux et autres boissons;17.1;0.027;4.25;0.022;;0.025
18016;Limonade, sucrée, avec édulcorants;eaux et autres boissons;8.0;0.0;2.0;0.0;;0.01
18018;Cola, sucré;eaux et autres boissons;40.1;0.0;10.0;0.0;;0.007
18019;Boisson gazeuse aux fruits (teneur en fruits >= 10% et < 50%), sucrée;eaux et autres boissons;46.4;0.028;11.3;0.01;;0.008
18021;Boisson plate aux fruits (teneur en fruits < 10%), sans sucres ajoutés, avec édulcorants;eaux et autres boissons;4.07;0.06;0.96;0.0;;0.05
18023;Boisson plate aux fruits (teneur en fruits < 10%), sucrée;eaux et autres boissons;25.6;0.13;6.39;0.11;;0.012
18024;Boisson plate aux fruits (teneur en fruits >= 10% et < 50%), sucrée, avec édulcorants;eaux et autres boissons;23.3;0.06;5.83;0.06;;0.009
18025;Kombucha, préemballé;eaux et autres boissons;6.61;0.25;1.45;0.3;;0.005
18026;Boisson gazeuse aromatisée, sans fruit, sucrée;eaux et autres boissons;34.5;0.002;8.28;0.043;;0.007
18028;Boisson à l'eau minérale ou de source, aromatisée, sans sucres ajoutés, sans édulcorants;eaux et autres boissons;0.096;0.0;0.026;0.0;;0.024
18029;Boisson rafraîchissante sans alcool (aliment moyen);eaux et autres boissons;27.9;0.059;6.86;0.023;;0.013
18030;Boisson à l'eau minérale ou de source, aromatisée, sans sucres ajoutés, avec édulcorants;eaux et autres boissons;0.002;0.0;0.0;0.0;;0.0
18033;Boisson gazeuse aux fruits (teneur en fruits < 10%), sucrée, avec édulcorants;eaux et autres boissons;27.2;0.002;6.79;0.0;;0.01
18034;Boisson gazeuse aux fruits (teneur en fruits >= 10% et < 50%), sucrée, avec édulcorants;eaux et autres boissons;28.1;0.022;6.92;0.0;;0.007
18035;Limonade, sans sucres ajoutés, avec édulcorants;eaux et autres boissons;0.48;0.0;0.12;0.0;;0.006
18037;Cola, sucré, avec édulcorants;eaux et autres boissons;24.3;0.0;6.07;0.0;;0.01
18039;Diabolo (limonade et sirop), sucré;eaux et autres boissons;33.9;0.06;8.43;0.0;;0.014
18048;Boisson gazeuse aux fruits (teneur en jus non spécifiée), sucrée (aliment moyen);eaux et autres boissons;44.6;0.025;10.9;0.01;;0.008
18049;Boisson gazeuse aux fruits (teneur en fruits < 10%), sucrée;eaux et autres boissons;33.6;0.011;8.36;0.015;;0.008
18050;Boisson gazeuse aux fruits (teneur en fruits < 10%), à teneur réduite en sucres;eaux et autres boissons;28.7;0.007;7.15;0.1;;0.009
18051;Boisson gazeuse aux fruits (teneur en fruits >= 10% et < 50%), sans sucres ajoutés, avec édulcorants;eaux et autres boissons;3.69;0.027;0.91;0.02;;0.006
18057;"Boisson préparée à partir de boisson concentrée à diluer type menthe, fraise, etc, sans sucres ajoutés, avec édulcorants, type ""sirop 0%"", diluée dans l'eau";eaux et autres boissons;6.0;0.25;1.5;0.0;;0.025
18058;Boisson préparée à partir de sirop à diluer type menthe, fraise, etc, sucré, dilué dans l'eau;eaux et autres boissons;31.2;0.055;7.7;0.0;;0.012
18060;Cola, sans sucres ajoutés, avec édulcorants;eaux et autres boissons;1.04;0.0;0.25;0.0;;0.013
18062;Boisson au thé, aromatisée, sans précision sur la teneur en sucres et édulcorants (aliment moyen);eaux et autres boissons;21.1;0.017;5.26;0.002;;0.023
18063;Cola, sans précision sur la teneur en sucres et édulcorants (aliment moyen);eaux et autres boissons;27.5;0.006;6.88;0.006;;0.009
18064;Boisson au thé, aromatisée, à teneur réduite en sucres;eaux et autres boissons;14.9;0.0;3.75;0.0;;0.011
18065;Boisson au thé, aromatisée, sans sucres ajoutés, avec édulcorants;eaux et autres boissons;0.53;0.0;0.22;0.0;;0.034
18067;Cola, sucré, sans caféine;eaux et autres boissons;40.9;0.05;10.2;0.05;;0.001
18068;Cola, sans sucres ajoutés, avec édulcorants, sans caféine;eaux et autres boissons;0.058;0.083;0.13;0.083;;0.011
18075;Boisson au thé, aromatisée, sucrée;eaux et autres boissons;23.2;0.02;5.78;0.003;;0.024
18078;Boisson gazeuse aromatisée, sans fruit, sucrée, avec édulcorants;eaux et autres boissons;22.4;0.007;5.58;0.0;;0.015
18294;Boisson plate aux fruits  (teneur en fruits < 10%), sucrée, rayon frais, enrichie en vitamine(s);eaux et autres boissons;33.7;0.0;8.42;0.0;;0.006
18295;Boisson plate aux fruits  (teneur en fruits >= 10% et < 50%), sucrée, enrichie en vitamine(s);eaux et autres boissons;38.0;0.0;9.49;0.0;;0.006
18296;Boisson aux fruits avec de la purée de fruits type smoothie (teneur en fruits >=50%), enrichie en vitamine(s);eaux et autres boissons;51.3;0.52;11.5;0.45;;0.007
18297;Boisson plate aux fruits (teneur en fruits >= 50%), rayon ambiant, enrichie en vitamine(s);eaux et autres boissons;45.1;0.22;10.9;0.0;;0.008
18298;Boisson plate aux fruits (teneur en fruits >= 50%), rayon ambiant;eaux et autres boissons;41.7;0.19;10.0;0.11;;0.013
18299;Citronnade, boisson plate au citron (teneur en fruits >= 10% et < 50%), sucrée;eaux et autres boissons;23.2;0.0;5.77;0.005;;0.008
18300;Boisson aux fruits avec de la purée de fruits type smoothie (teneur en fruits >= 50%), sans sucres ajoutés, rayon frais;eaux et autres boissons;67.5;0.8;12.1;1.45;;0.003
18304;Boisson plate aux fruits (teneur en fruits >= 10% et < 50%), à teneur réduite en sucres;eaux et autres boissons;18.8;0.22;4.71;0.22;;0.008
18305;Boisson plate aux fruits (teneur en fruits >= 10% et < 50%), sans sucres ajoutés;eaux et autres boissons;13.0;0.052;3.18;0.007;;0.015
18306;Boisson à l'aloe vera, sucrée;eaux et autres boissons;32.9;0.094;8.11;0.0;;0.02
18309;Boisson plate aux fruits (teneur en fruits non spécifiée), sucrée;eaux et autres boissons;45.8;0.1;11.2;0.07;;0.002
18315;Boisson plate au(x) fruits et au(x) légume(s);eaux et autres boissons;42.9;0.31;10.0;0.12;;0.053
18316;Kéfir d'eau et de fruits, préemballé;eaux et autres boissons;3.6;0.1;0.9;0.5;;0.1
18324;Boisson énergisante, sans précision sur la teneur en sucres et édulcorants (aliment moyen);eaux et autres boissons;35.2;0.097;8.77;0.002;;0.093
18325;Boisson plate aux fruits (teneur en fruits non spécifiée), sans précision sur la teneur en sucres et édulcorants ni sur l'enrichissement (aliment moyen);eaux et autres boissons;39.3;0.18;9.38;0.13;;0.012
18326;Boisson à l'eau minérale ou de source, aromatisée, sans précision sur la teneur en sucres et édulcorants (aliment moyen);eaux et autres boissons;1.88;0.0;0.47;0.0;;0.014
18327;Limonade, sans précision sur la teneur en sucres et édulcorants (aliment moyen);eaux et autres boissons;28.4;0.0;7.09;0.0;;0.005
18328;Boisson préparée à partir de sirop ou de boisson concentrée à diluer type menthe, fraise, etc, diluée dans l'eau, sans précision sur la teneur en sucres et édulcorants (aliment moyen);eaux et autres boissons;29.2;0.071;7.21;0.0;;0.013
18329;Boisson gazeuse aromatisée, sans fruit, sans précision sur la teneur en sucres et édulcorants (aliment moyen);eaux et autres boissons;27.6;0.007;6.87;0.007;;0.009
18339;Boisson plate aux fruits (teneur en fruits >= 10% et < 50%), sucrée;eaux et autres boissons;41.1;0.13;9.92;0.14;;0.012
18340;Boisson gazeuse aux fruits (teneur en fruits < 10%), sans sucres ajoutés, avec édulcorants;eaux et autres boissons;2.06;0.063;0.45;;;0.022
18341;Boisson gazeuse à la pomme (teneur en fruits >= 50%), sans sucres ajoutés;eaux et autres boissons;30.0;0.0;7.5;0.0;;0.01
18344;Tonic ou bitter, sucré;eaux et autres boissons;33.1;;8.27;;;0.005
18345;Boisson gazeuse aux fruits (teneur en fruits < 10%), sans sucres ajoutés, sans édulcorants;eaux et autres boissons;16.7;0.0;4.17;0.0;;0.002
18347;Boisson à la sève de bouleau;eaux et autres boissons;2.8;0.063;0.7;0.063;;0.01
18348;Boisson pour le sport, sucrée;eaux et autres boissons;21.7;0.0;5.41;0.0;;0.076
18349;Boisson pour le sport, sucrée, avec édulcorants;eaux et autres boissons;19.3;0.0;4.82;0.0;;0.1
18352;Boisson énergisante, sucrée;eaux et autres boissons;40.9;0.095;10.2;;;0.095
18353;Boisson énergisante, sans sucres ajoutés, avec édulcorants, enrichie en vitamines;eaux et autres boissons;8.57;0.11;2.06;0.009;;0.08
18354;Boisson énergisante, sucrée, avec édulcorants;eaux et autres boissons;27.6;0.042;6.86;0.0;;0.1
18356;Tonic ou bitter, sans précision sur la teneur en sucres et édulcorants (aliment moyen);eaux et autres boissons;28.8;0.0;7.21;0.0;;0.004
18343;Boisson au(x) fruit(s) et au lait;eaux et autres boissons;47.7;0.68;10.7;0.041;;0.002
19114;Boisson lactée aromatisée à la vanille, sucrée, au lait partiellement écrémé, enrichie en vitamine D;eaux et autres boissons;57.4;2.0;11.0;0.6;;0.1
19116;Boisson lactée aromatisée au café, sucrée, au lait partiellement écrémé, enrichie en vitamine(s) et/ou minéraux;eaux et autres boissons;50.6;2.9;8.9;0.38;;0.19
19117;Boisson lactée aromatisée au café, sucrée, au lait partiellement écrémé, non enrichie;eaux et autres boissons;70.3;3.05;8.84;2.33;;0.13
19118;Boisson lactée aromatisée au chocolat, sucrée, au lait partiellement écrémé, non enrichie;eaux et autres boissons;72.8;3.42;11.0;1.58;;0.12
19119;Boisson lactée aromatisée au chocolat, sucrée, au lait partiellement écrémé, enrichie en vitamine(s) et/ou minéraux;eaux et autres boissons;66.5;2.96;10.8;1.15;;0.12
19120;Boisson lactée aromatisée (sans précision sur l'arôme), sucrée, au lait partiellement écrémé, enrichie et/ou restaurée en vitamine(s) et/ou minéraux (aliment moyen);eaux et autres boissons;61.0;2.59;10.7;0.84;;0.11
19127;Boisson lactée aromatisée à la fraise, sucrée, au lait partiellement écrémé, enrichie en vitamine D;eaux et autres boissons;58.8;2.48;10.7;0.72;;0.1
18011;Eau de coco;eaux et autres boissons;11.8;0.25;3.33;0.3;;0.051
18107;Boisson à l'amande, nature, sans sucres ajoutés, non enrichie, préemballée;eaux et autres boissons;35.8;1.06;0.68;3.2;;0.051
18110;Boisson à l'amande, sucrée, enrichie en calcium, préemballée;eaux et autres boissons;43.9;0.69;3.96;2.8;;0.095
18111;Boisson à l'amande, préemballée (aliment moyen);eaux et autres boissons;35.8;1.06;0.68;3.2;;0.051
18112;Boisson végétale, préemballée (aliment moyen);eaux et autres boissons;43.6;2.91;2.38;2.33;;0.064
18113;Boisson au soja, préemballée (aliment moyen);eaux et autres boissons;46.1;3.52;2.93;2.04;;0.069
18899;Boisson à l'avoine, nature, sans sucres ajoutés, non enrichie, préemballée;eaux et autres boissons;41.0;0.25;7.78;1.1;;0.066
18900;Boisson au soja, nature, non enrichie, préemballée;eaux et autres boissons;42.4;3.5;1.87;2.1;;0.053
18901;Boisson au soja, nature, enrichie en calcium, préemballée;eaux et autres boissons;44.2;3.75;2.18;2.05;;0.097
18902;Boisson au soja, aromatisée, sucrée, non enrichie, préemballée;eaux et autres boissons;61.9;3.38;7.54;1.8;;0.11
18903;Boisson au soja, aromatisée, sucrée, enrichie en calcium, préemballée;eaux et autres boissons;43.2;3.3;2.89;1.8;;0.12
18904;Boisson au riz, nature, préemballée;eaux et autres boissons;52.2;0.25;10.8;1.0;;0.074
18906;Boisson à la châtaigne, nature, préemballée;eaux et autres boissons;67.9;0.25;13.5;1.4;;0.077
18907;Boisson à la noix de coco, nature, préemballée;eaux et autres boissons;29.9;0.25;2.75;2.1;;0.089
29209;Boisson au soja et jus de fruits concentrés, préemballée;eaux et autres boissons;56.2;2.3;9.5;1.0;;0.22
18004;Café, non instantané, sans sucres ajoutés, prêt à boire;eaux et autres boissons;5.78;0.25;1.35;0.018;;0.007
18020;Thé infusé, sans sucres ajoutés;eaux et autres boissons;0.4;0.1;0.0;0.0;;0.004
18022;Tisane infusée ou infusion, sans sucres ajoutés;eaux et autres boissons;0.8;0.0;0.2;0.0;;0.003
18070;Café décaféiné, non instantané, sans sucres ajoutés, prêt à boire;eaux et autres boissons;4.42;0.1;0.6;0.18;;0.02
18071;Café expresso, non instantané, sans sucres ajoutés, prêt à boire;eaux et autres boissons;6.54;0.25;1.16;0.2;;0.007
18072;Café décaféiné, instantané, sans sucres ajoutés, prêt à boire;eaux et autres boissons;2.1;0.12;0.4;0.002;;0.01
18073;Café, instantané, sans sucres ajoutés, prêt à boire;eaux et autres boissons;1.64;0.1;0.3;0.004;;0.01
18104;Chocolat chaud, boisson instantanée, sucrée, prête à boire (reconstituée avec du lait demi-écrémé);eaux et autres boissons;65.9;3.78;9.5;1.42;;0.12
18106;Chocolat chaud, boisson instantanée, sucrée, enrichie en vitamines, prête à boire (reconstituée avec du lait demi-écrémé);eaux et autres boissons;71.4;4.08;9.91;1.71;;
18151;Café au lait, café crème ou cappuccino, instantané ou non, sans sucres ajoutés, prêt à boire;eaux et autres boissons;21.5;1.36;2.31;0.76;;0.059
18153;Chicorée et café, instantané, sans sucres ajoutés, prête à boire (reconstituée avec du lait demi-écrémé);eaux et autres boissons;53.7;3.66;5.9;1.62;;0.13
18154;Thé noir, infusé, sans sucres ajoutés;eaux et autres boissons;1.26;0.0;0.3;0.007;;0.007
18155;Thé vert, infusé, sans sucres ajoutés;eaux et autres boissons;5.1;0.0;1.09;0.0;;0.011
18161;Chicorée, instantanée, sans sucres ajoutés, prête à boire (reconstituée avec du lait demi-écrémé);eaux et autres boissons;93.5;;7.1;7.1;;0.13
18162;Chicorée et café, instantané, sans sucres ajoutés, prête à boire (reconstituée avec de l'eau);eaux et autres boissons;27.8;0.56;6.06;0.3;;0.022
18003;Café, moulu;eaux et autres boissons;341.0;13.9;20.3;13.9;;0.097
18005;Café, poudre soluble;eaux et autres boissons;291.0;18.5;41.9;1.1;;0.2
18017;Sirop à diluer, sucré;eaux et autres boissons;252.0;0.25;62.5;0.5;;0.017
18059;"Boisson concentrée à diluer, sans sucres ajoutés, avec édulcorants, type ""sirop 0%""";eaux et autres boissons;19.5;0.25;3.79;0.5;;0.028
18069;Café, décaféiné, poudre soluble;eaux et autres boissons;352.0;11.6;76.0;0.2;;0.058
18076;Thé, feuille;eaux et autres boissons;232.0;19.4;6.3;2.0;;0.11
18100;Cacao, sans sucres ajoutés, poudre soluble;eaux et autres boissons;387.0;22.4;11.6;20.6;;0.11
18101;Poudre cacaotée ou au chocolat pour boisson, sucrée;eaux et autres boissons;379.0;6.65;75.6;3.29;;0.21
18150;Chicorée et café, poudre soluble;eaux et autres boissons;332.0;9.3;66.9;0.35;;0.72
18152;Chicorée, poudre soluble;eaux et autres boissons;323.0;3.3;57.2;2.5;;0.39
18160;Café au lait ou cappuccino, poudre soluble;eaux et autres boissons;416.0;11.9;70.1;8.8;;0.79
18163;Café au lait ou cappuccino au chocolat, poudre soluble;eaux et autres boissons;384.0;11.0;63.0;9.0;;1.25
18167;Poudre cacaotée ou au chocolat pour boisson, sucrée, enrichie en vitamines et minéraux;eaux et autres boissons;376.0;4.68;79.3;3.04;;0.43
18168;Poudre cacaotée ou au chocolat pour boisson, sucrée, enrichie en vitamines;eaux et autres boissons;386.0;4.29;85.0;2.04;;0.31
18220;Spécialité à diluer au citron pour boissons ou usages culinaires, sans sucres ajoutés;eaux et autres boissons;18.4;0.25;1.01;0.0;;0.004
1006;Vin doux;eaux et autres boissons;148.0;0.2;9.96;0.0;;0.023
5100;Pétillant de fruits;eaux et autres boissons;65.7;0.0;6.95;0.0;;0.007
5201;Vin blanc mousseux;eaux et autres boissons;72.3;0.1;1.78;0.0;;0.004
5207;Champagne;eaux et autres boissons;76.1;0.3;1.4;0.0;;0.005
5209;Vin blanc mousseux aromatisé;eaux et autres boissons;83.5;0.2;5.1;0.0;;0.033
5210;Vin (aliment moyen);eaux et autres boissons;76.7;0.16;0.96;0.3;;0.61
5214;Vin rouge;eaux et autres boissons;75.7;0.16;0.0;0.5;;2.0
5215;Vin blanc sec;eaux et autres boissons;55.3;0.25;0.17;0.0;;0.006
5216;Vin rosé;eaux et autres boissons;69.2;0.15;1.4;0.0;;0.01
5000;Bière brune;eaux et autres boissons;40.5;0.43;4.1;;;0.029
5001;"Bière ""coeur de marché"" (4-5° alcool)";eaux et autres boissons;39.0;0.39;3.12;0.0;;0.005
5002;Bière forte (>8° alcool);eaux et autres boissons;62.5;0.51;4.6;0.0;;0.017
5003;Cidre (aliment moyen);eaux et autres boissons;36.5;0.075;3.67;0.18;;0.01
5006;Cidre brut;eaux et autres boissons;35.9;0.0;2.62;0.0;;0.01
5007;Cidre doux;eaux et autres boissons;38.9;0.25;6.4;0.6;;0.01
5008;Bière faiblement alcoolisée (3° alcool);eaux et autres boissons;35.3;0.31;4.62;0.05;;0.005
5009;Bière blanche;eaux et autres boissons;60.9;0.5;7.55;0.5;;0.007
5010;"Bière ""spéciale"" (5-6° alcool)";eaux et autres boissons;56.0;0.48;4.55;0.05;;0.005
5011;"Bière ""de spécialités"" ou d'abbaye, régionales ou d'une brasserie (degré d'alcool variable)";eaux et autres boissons;47.1;0.51;3.2;0.0;;0.009
5020;Cidre traditionnel;eaux et autres boissons;32.5;0.0;1.87;0.0;;0.013
5021;Cidre bouché demi-sec;eaux et autres boissons;44.3;0.25;4.4;0.6;;0.007
5022;Cidre aromatisé aux fruits;eaux et autres boissons;38.4;0.25;7.07;0.6;;0.008
5029;Bière sans alcool, sucrée, aromatisée ou au jus de fruits;eaux et autres boissons;30.6;0.2;7.36;0.041;;0.005
5030;Bière sans alcool (<1,2° alcool) et sans sucres ajoutés, aromatisée ou non;eaux et autres boissons;29.4;0.2;6.08;0.053;;0.005
1000;Pastis;eaux et autres boissons;274.0;0.0;2.86;0.0;;0.0
1001;Eau de vie de fruits;eaux et autres boissons;233.0;0.0;0.63;0.0;;0.004
1002;Gin;eaux et autres boissons;265.0;0.0;0.0;0.0;;0.005
1003;Liqueur;eaux et autres boissons;225.0;0.1;25.4;0.23;;0.02
1004;Rhum;eaux et autres boissons;234.0;0.0;0.0;0.0;;0.003
1005;Whisky;eaux et autres boissons;252.0;0.0;0.096;0.0;;0.0
1007;Apéritif à base de vin ou vermouth;eaux et autres boissons;137.0;0.054;11.3;0.0;;0.038
1008;Vodka;eaux et autres boissons;250.0;0.0;0.0;0.0;;0.003
1011;Apéritif anisé sans alcool, à diluer;eaux et autres boissons;6.0;0.0;1.0;0.0;;0.038
1014;Alcool pur;eaux et autres boissons;660.0;0.0;0.0;0.0;;0.0
1015;Marsala;eaux et autres boissons;211.0;0.1;27.9;0.0;;0.01
1016;Marsala aux oeufs;eaux et autres boissons;153.0;0.0;12.4;0.0;;0.0
1021;Crème de cassis;eaux et autres boissons;245.0;0.0;41.0;0.0;;0.0
1023;Eau de vie de vin type armagnac ou cognac;eaux et autres boissons;222.0;0.0;0.76;0.0;;0.002
1026;Saké ou alcool de riz;eaux et autres boissons;113.0;0.0;0.0;0.0;;0.005
1012;Cocktail à base de rhum;eaux et autres boissons;121.0;0.0;7.74;2.19;;0.015
1013;Cocktail à base de whisky;eaux et autres boissons;166.0;;15.8;0.02;;0.12
1017;Sangria, faite maison;eaux et autres boissons;88.7;0.0;11.0;0.05;;0.007
1018;Kir (vin blanc, crème de cassis);eaux et autres boissons;74.7;0.18;3.3;0.0;;0.004
1019;Kir royal (champagne, crème de cassis);eaux et autres boissons;87.3;0.25;5.66;0.0;;0.004
1022;Cocktail type punch, 16% alcool, préemballé;eaux et autres boissons;159.0;0.6;17.8;0.6;;0.042
2008;Cocktail ou boisson apéritive sans alcool à base de jus de fruits et de sirop;eaux et autres boissons;46.0;0.42;10.9;0.0;;0.006
5004;Panaché (limonade et bière);eaux et autres boissons;39.0;0.0;6.33;0.0;;0.005
5005;Panaché préemballé (<1° alc.), aromatisé ou non;eaux et autres boissons;32.0;0.005;7.11;0.021;;0.005
11506;Édulcorant à l'aspartame, en pastilles;produits sucrés;44.0;11.0;;0.0;;1.5
11509;Édulcorant à l'aspartame, en poudre;produits sucrés;18.6;1.0;3.7;0.0;;0.05
11510;Vermicelles multicolores;produits sucrés;389.0;1.16;95.6;0.15;;0.025
31008;Miel;produits sucrés;331.0;0.65;82.1;0.0;;0.01
31016;Sucre blanc;produits sucrés;399.0;0.0;99.7;0.0;;0.005
31017;Sucre roux;produits sucrés;393.0;0.12;98.1;0.0;;0.07
31034;Sirop d'érable;produits sucrés;269.0;0.04;67.2;0.06;;0.026
31044;Sucre vanillé;produits sucrés;397.0;0.1;98.6;0.33;;0.007
31046;Caramel liquide ou nappage caramel;produits sucrés;324.0;0.0;81.0;0.0;;0.013
31064;Édulcorant à la saccharine;produits sucrés;5.0;1.25;0.0;0.0;;1.07
31067;Mélasse de canne;produits sucrés;300.0;0.0;74.7;0.1;;0.093
31076;Edulcorant à base de sucre et aspartame (petits morceaux);produits sucrés;398.0;0.81;98.7;0.0;;0.004
31077;Fructose;produits sucrés;399.0;0.0;99.8;0.0;;0.0
31087;Édulcorant à base d'extrait de stévia;produits sucrés;1.2;0.16;0.3;0.5;;4.0
31000;Barre chocolatée biscuitée;produits sucrés;492.0;5.56;61.4;24.1;;0.33
31001;Barre chocolatée non biscuitée enrobée;produits sucrés;496.0;3.7;66.4;24.1;;0.5
31002;Barre à la noix de coco, enrobée de chocolat;produits sucrés;475.0;3.88;60.2;23.8;;0.5
31004;Chocolat au lait, tablette;produits sucrés;550.0;7.5;58.9;30.8;;0.2
31005;Chocolat noir 50 % de cacao environ, tablette;produits sucrés;521.0;5.98;53.0;29.6;;0.035
31009;Chocolat au lait aux céréales croustillantes, tablette;produits sucrés;515.0;7.15;60.6;26.6;;0.52
31010;Chocolat blanc, tablette;produits sucrés;563.0;6.16;57.1;34.2;;0.22
31012;Barre ou confiserie chocolatée au lait;produits sucrés;551.0;8.75;50.9;34.2;;0.23
31018;Chocolat au lait aux fruits secs (noisettes, amandes, raisins, praline), tablette;produits sucrés;559.0;8.43;48.7;35.9;;0.25
31020;Chocolat au lait sans sucres ajoutés, avec édulcorants, tablette;produits sucrés;487.0;5.75;54.2;34.6;;0.34
31026;Chocolat blanc aux fruits secs (noisettes, amandes, raisins, praliné) , tablette;produits sucrés;579.0;7.64;48.0;39.1;;0.29
31030;Chocolat noir sans sucres ajoutés, avec édulcorants, en tablette;produits sucrés;525.0;8.48;34.1;42.3;;0.006
31032;Pâte à tartiner chocolat et noisette;produits sucrés;549.0;5.02;57.9;32.4;;0.12
31041;Confiserie au chocolat dragéifiée;produits sucrés;505.0;5.49;64.9;24.3;;0.28
31042;Cacahuète enrobée de chocolat dragéifiée;produits sucrés;499.0;9.5;55.9;25.0;;0.12
31063;Bouchée chocolat fourrage fruits à coques et/ou praliné;produits sucrés;558.0;9.1;51.5;34.7;;0.34
31066;Rocher chocolat fourré praliné;produits sucrés;558.0;6.53;51.4;35.3;;0.14
31069;Chocolat noir aux fruits (orange, framboise, poire), tablette;produits sucrés;539.0;6.8;45.3;34.4;;0.078
31070;Chocolat noir aux fruits secs (noisettes, amandes, raisins, praline), tablette;produits sucrés;567.0;8.69;40.7;39.0;;0.03
31071;Barre chocolatée aux fruits secs;produits sucrés;494.0;7.23;57.6;26.0;;0.38
31072;Chocolat noir fourrage confiseur à la menthe;produits sucrés;445.0;2.9;70.2;16.0;;
31073;Gâteau moelleux fourré au chocolat et au lait, enrobé de chocolat, préemballé, rayon frais;produits sucrés;449.0;5.95;42.4;28.0;;0.22
31074;Chocolat noir 70 % de cacao environ, de dégustation, tablette;produits sucrés;591.0;10.4;26.9;46.3;;0.02
31080;Chocolat noir fourré praliné, tablette;produits sucrés;559.0;6.38;52.4;34.8;;0.039
31084;Chocolat au lait fourré au praliné, tablette;produits sucrés;559.0;7.29;52.9;34.9;;0.2
31085;Chocolat noir 40% de cacao et plus, à pâtisser, tablette;produits sucrés;546.0;6.39;51.4;33.1;;0.015
31091;Bouchée/bonbon au chocolat fourrage gaufrettes ou biscuit;produits sucrés;521.0;6.5;55.1;29.4;;0.32
31098;Barre chocolat au lait avec nougat;produits sucrés;532.0;5.8;60.5;29.0;;0.11
31120;Chocolat, tablette (aliment moyen);produits sucrés;552.0;7.57;50.4;34.2;;0.13
15058;Cacahuète caramélisée ou chouchou;produits sucrés;544.0;14.8;51.4;29.7;;0.013
15201;Pâte d'amande, préemballée;produits sucrés;432.0;7.0;70.3;13.5;;0.018
31007;Chewing-gum, sucré;produits sucrés;360.0;0.25;86.4;0.65;;0.013
31014;Pâte de fruits;produits sucrés;336.0;1.69;76.6;1.8;;0.078
31021;Ecorce d'orange confite;produits sucrés;307.0;0.59;75.6;0.083;;0.1
31023;Marron glacé;produits sucrés;320.0;0.89;77.5;0.54;;0.066
31027;Fruit confit;produits sucrés;297.0;0.25;72.4;0.063;;0.14
31028;Bonbon dragéifié;produits sucrés;378.0;0.53;89.9;1.94;;0.096
31036;Dragée amande;produits sucrés;465.0;5.25;75.7;14.7;;0.025
31050;Guimauve ou marshmallow;produits sucrés;336.0;3.31;80.7;0.081;;0.078
31052;Praline;produits sucrés;483.0;8.7;67.7;19.7;;0.001
31054;Chewing-gum, sans sucres;produits sucrés;206.0;0.22;76.0;0.25;;0.031
31059;Bonbon dur et sucette;produits sucrés;384.0;0.16;95.3;0.18;;0.091
31060;Bonbon gélifié;produits sucrés;339.0;4.88;76.9;0.53;;0.02
31081;Bonbon tendre, au caramel;produits sucrés;415.0;2.23;79.1;9.98;;0.56
31092;Calisson d'Aix en Provence;produits sucrés;440.0;7.97;59.8;18.0;;0.032
31093;Guimauve ou marshmallow, enrobé de chocolat;produits sucrés;383.0;4.4;67.5;10.5;;0.081
31094;Bonbon dur, au caramel;produits sucrés;416.0;1.33;86.6;7.09;;0.87
31097;Bonbon tendre;produits sucrés;392.0;0.94;84.3;5.1;;0.063
31112;Bonbon gélifié à la réglisse, type rouleau ou batonnet;produits sucrés;347.0;3.62;75.6;1.55;;1.05
31121;Chewing-gum, sans précision sur la teneur en sucres (aliment moyen);produits sucrés;263.0;0.23;79.9;0.4;;0.022
31122;Bonbon tendre, au caramel enrobé de chocolat;produits sucrés;446.0;3.29;69.6;16.8;;0.4
31124;Bonbon dur type collier, sifflet, sucette, pastille, au dextrose;produits sucrés;376.0;0.018;91.1;1.35;;0.3
31125;Pastille rafraîchissante, sans sucres;produits sucrés;241.0;0.08;96.3;0.65;;0.033
31126;Pastille rafraîchissante, sucrée;produits sucrés;390.0;0.13;96.7;0.37;;0.036
31127;Nougat tendre;produits sucrés;437.0;6.98;69.3;13.9;;0.045
31128;Bonbon dur et sucette, sans sucres;produits sucrés;235.0;0.081;96.0;0.44;;0.073
11299;Crème de pruneaux, préemballée;produits sucrés;240.0;1.4;55.0;0.45;;0.01
15013;Crème de marron ou confiture de châtaigne, préemballée;produits sucrés;278.0;1.12;65.9;0.66;;0.014
30886;Gelée, autres fruits ou mélange de fruits (extra ou classique);produits sucrés;252.0;0.1;61.9;0.1;;0.007
30887;Confiture, autres fruits ou mélange de fruits, allégée en sucres (extra ou classique);produits sucrés;162.0;0.75;38.0;0.21;;0.023
30990;Confiture de mûre (extra ou classique);produits sucrés;245.0;0.44;58.3;0.63;;0.007
30991;Gelée de mûre (extra ou classique);produits sucrés;245.0;0.53;60.0;0.28;;0.007
30992;Confiture de rhubarbe (extra ou classique);produits sucrés;239.0;0.26;58.6;0.057;;0.01
30993;Confiture de pêche (extra ou classique);produits sucrés;242.0;0.27;59.5;0.075;;0.008
30994;Confiture de figue (extra ou classique);produits sucrés;243.0;0.63;59.1;0.17;;0.012
30995;Confiture de fraise, allégée en sucres;produits sucrés;166.0;0.31;40.3;0.1;;0.024
30996;Confiture d'abricot, allégée en sucres;produits sucrés;167.0;0.41;40.5;0.067;;0.028
30997;Confiture de framboise, allégée en sucres;produits sucrés;167.0;0.68;39.2;0.14;;0.024
30998;Gelée de framboise (extra ou classique);produits sucrés;249.0;0.56;61.0;0.1;;0.006
30999;Confiture ou marmelade, tout type de fruits, sans précision sur la teneur en sucres (aliment moyen);produits sucrés;235.0;0.36;57.1;0.27;;0.015
31006;Confiture ou marmelade ou gelée, tout type de fruits, non allégée en sucres (aliment moyen);produits sucrés;244.0;0.33;59.3;0.28;;0.014
31024;Confiture de fraise (extra ou classique);produits sucrés;248.0;0.25;60.5;0.5;;0.018
31037;Confiture d'abricot (extra ou classique);produits sucrés;246.0;0.25;59.7;0.3;;0.013
31038;Confiture de cerise (extra ou classique);produits sucrés;238.0;0.48;58.1;0.19;;0.013
31039;Marmelade d'orange ou confiture d'orange (extra ou classique);produits sucrés;245.0;0.25;59.3;0.4;;0.015
31040;Confiture de lait;produits sucrés;340.0;6.7;61.7;7.35;;0.32
31053;Confiture de prune, par ex. mirabelle, quetsche, reine-claude (extra ou classique);produits sucrés;240.0;0.28;58.9;0.089;;0.011
31062;Confiture de framboise (extra ou classique);produits sucrés;232.0;0.56;55.2;0.17;;0.013
31068;Confiture de myrtille (extra ou classique);produits sucrés;245.0;0.25;58.9;0.4;;0.013
31082;Préparation de fruits divers (en taux de sucres : confitures allégées en sucres < préparations de fruits < confitures);produits sucrés;195.0;0.48;47.3;0.17;;0.032
31083;Confiture, autres fruits ou mélange de fruits (extra ou classique);produits sucrés;244.0;0.36;59.8;0.15;;0.017
31095;Gelée de groseille (extra ou classique);produits sucrés;244.0;0.25;59.7;0.044;;0.013
31129;Préparation aux fruits divers (35% de fruits min, sucres et autre(s) ingrédient(s));produits sucrés;204.0;0.81;47.4;0.75;;0.028
7225;Pain brioché ou viennois, artisanal;produits sucrés;338.0;9.75;48.6;11.2;;1.14
7600;Viennoiserie (aliment moyen);produits sucrés;385.0;7.88;49.0;17.0;;1.03
7603;Croissant, sans précision (aliment moyen);produits sucrés;417.0;7.19;46.2;22.1;;1.19
7615;Croissant ordinaire, artisanal;produits sucrés;412.0;6.94;47.6;21.1;;1.31
7616;Croissant ordinaire, préemballé;produits sucrés;398.0;7.63;46.7;19.1;;1.16
7619;Croissant pur beurre, sans précision (aliment moyen);produits sucrés;420.0;7.25;45.7;22.6;;1.16
7620;Croissant pur beurre, artisanal;produits sucrés;420.0;7.25;45.7;22.6;;1.16
7621;Croissant pur beurre, préemballé;produits sucrés;388.0;6.88;45.7;18.9;;0.91
7650;Croissant aux amandes, artisanal;produits sucrés;449.0;8.36;36.5;29.1;;0.79
7710;Pain au lait, artisanal;produits sucrés;376.0;9.38;49.0;15.4;;1.1
7711;Pain au lait, préemballé;produits sucrés;357.0;8.69;50.5;12.3;;1.06
7712;Pain au lait aux pépites de chocolat, préemballé;produits sucrés;375.0;8.25;49.6;14.7;;0.9
7719;Panettone (brioche italienne aux raisins secs et écorces d'orange confite), préemballée;produits sucrés;352.0;6.88;50.6;12.7;;0.46
7720;Pain aux raisins (viennoiserie), artisanal;produits sucrés;345.0;6.38;53.4;11.5;;0.81
7730;Pain au chocolat, artisanal;produits sucrés;423.0;8.19;45.4;22.5;;0.98
7733;Pain au chocolat, préemballé;produits sucrés;421.0;6.89;48.6;21.4;;0.98
7735;Brioche (ou briochettes) aux pépites de chocolat ou fourrée au chocolat, préemballée;produits sucrés;352.0;8.17;51.1;12.1;;0.91
7738;Brioche fourrée aux fruits, préemballée;produits sucrés;326.0;5.81;52.4;9.0;;0.99
7739;"Brioche fourrée crème pâtissière (type ""chinois""), préemballée";produits sucrés;267.0;5.81;45.7;6.0;;0.83
7740;Brioche nature, préemballée;produits sucrés;356.0;7.99;52.7;12.1;;0.98
7742;Brioche nature, artisanale;produits sucrés;420.0;11.3;50.7;19.1;;1.47
7744;Couronne des rois (brioche) aux fruits confits, préemballée;produits sucrés;353.0;7.2;52.8;12.3;;0.89
7745;Brioche pur beurre (ex : gâche vendéenne) nature, préemballée;produits sucrés;361.0;8.21;51.1;13.3;;0.99
7746;Brioche, sans précision (aliment moyen);produits sucrés;363.0;8.41;52.1;13.0;;1.04
23467;Chouquette;produits sucrés;408.0;9.13;40.6;22.9;;1.06
23480;Chausson aux pommes;produits sucrés;360.0;4.17;42.2;18.7;;0.87
7355;Galette de riz soufflé, nappée de chocolat;produits sucrés;494.0;7.69;60.7;23.2;;0.048
7356;Galette de maïs soufflé, nappée de chocolat;produits sucrés;481.0;7.67;63.2;20.8;;0.063
7412;Tartine craquante, extrudée et grillée, fourrée au chocolat;produits sucrés;445.0;7.88;65.4;15.6;;0.19
7413;Tartine craquante, extrudée et grillée, fourrée aux fruits;produits sucrés;372.0;4.63;74.9;5.1;;0.23
23027;Macaron sec;produits sucrés;436.0;6.9;77.7;10.2;;0.2
24000;Biscuit sec, sans précision;produits sucrés;433.0;7.83;67.8;13.8;;1.02
24001;Biscuit sec nature;produits sucrés;438.0;7.13;74.9;11.5;;0.74
24002;Biscuit sec à teneur garantie en vitamines;produits sucrés;457.0;9.63;72.3;14.2;;0.16
24003;Biscuit sec à teneur garantie en vitamines et minéraux;produits sucrés;472.0;10.8;61.1;19.8;;0.44
24004;Biscuit sec aux fruits, hyposodé ou à teneur réduite en sel;produits sucrés;448.0;8.88;64.0;16.0;;0.02
24006;Biscuit sec au soja, enrichi en vitamines et minéraux;produits sucrés;444.0;10.9;60.3;16.1;;0.71
24008;Biscuit sec fourré aux fruits, allégé en matière grasse;produits sucrés;391.0;4.69;75.3;7.2;;0.58
24009;Spéculoos;produits sucrés;476.0;5.63;71.2;18.1;;0.92
24010;Biscuit sec, avec matière grasse végétale;produits sucrés;436.0;7.23;74.0;11.7;;0.75
24011;Biscuit sec, assortiment;produits sucrés;515.0;6.44;61.4;26.4;;0.46
24012;Biscuit sec au chocolat, sans sucres ajoutés, avec édulcorants, enrichi en vitamines;produits sucrés;448.0;6.78;64.6;21.8;;0.57
24013;Biscuit sec, sans sucres ajoutés, avec édulcorant;produits sucrés;429.0;6.23;72.1;15.7;;0.79
24014;Biscuit sec avec tablette de chocolat et fourrage au lait;produits sucrés;512.0;6.75;62.3;25.6;;0.45
24015;Biscuit sec petit beurre;produits sucrés;450.0;7.78;73.4;13.3;;1.04
24016;Biscuit sec avec tablette de chocolat;produits sucrés;485.0;5.56;68.8;20.0;;0.35
24017;Biscuit sec petit beurre au chocolat (tablette ou pépites);produits sucrés;496.0;6.88;63.8;22.8;;0.59
24018;Biscuit sec sans gluten, petit beurre;produits sucrés;460.0;3.8;79.3;14.0;;1.1
24019;Biscuit sec sans gluten, au chocolat;produits sucrés;504.0;5.04;64.0;24.7;;0.5
24020;Biscuit sec aux céréales complètes;produits sucrés;462.0;7.75;63.0;18.4;;0.37
24021;Biscuit sec petit beurre au blé complet;produits sucrés;439.0;9.25;66.6;13.4;;0.37
24028;Biscuit sec au sésame, non enrichi;produits sucrés;496.0;9.19;60.0;23.3;;0.55
24029;Biscuit sec au sésame, enrichi en vitamines et minéraux;produits sucrés;485.0;11.5;60.0;21.0;;0.68
24031;Biscuit sec sans chocolat, allégé en matière grasse;produits sucrés;388.0;6.0;71.0;6.0;;0.34
24034;Biscuit sec pour petit déjeuner, sans chocolat, non enrichi;produits sucrés;452.0;7.81;65.8;16.3;;1.19
24035;Biscuit sec pour petit déjeuner, allégé en sucres;produits sucrés;444.0;7.78;66.2;15.0;;0.69
24036;Biscuit sec au chocolat, non enrichi;produits sucrés;507.0;7.75;59.5;25.6;;0.39
24037;Biscuit sec fourré à la pâte ou purée de fruits (ex : figue);produits sucrés;421.0;4.93;71.6;12.3;;0.38
24038;Biscuit sec, sablé, nappé de chocolat;produits sucrés;495.0;6.56;63.5;22.9;;0.74
24040;Biscuit sec pour petit déjeuner, au chocolat, non enrichi;produits sucrés;447.0;8.06;62.9;16.4;;0.86
24041;Biscuit sec pour petit déjeuner, tous parfums, enrichi en vitamines et minéraux;produits sucrés;454.0;7.06;67.3;16.1;;0.53
24042;Biscuit sec au chocolat, enrichi en vitamines et minéraux;produits sucrés;461.0;8.96;61.9;18.3;;0.6
24048;Biscuit sec, sablé, galette ou palet, autre que pur beurre;produits sucrés;495.0;5.71;64.5;23.1;;0.72
24049;Biscuit sec, sablé, galette ou palet, au beurre;produits sucrés;481.0;6.81;66.8;20.0;;0.96
24050;Biscuit sec, sablé, galette ou palet, au beurre, au chocolat;produits sucrés;499.0;6.33;63.5;23.7;;0.5
24051;Biscuit (génoise), nappé de chocolat, type barquette;produits sucrés;489.0;7.38;59.5;23.9;;0.31
24052;Biscuit sec (tartelette), nappé au chocolat, préemballé;produits sucrés;504.0;6.58;59.7;25.6;;0.51
24054;Biscuit sec, sablé, galette ou palet, aux fruits;produits sucrés;482.0;5.8;66.3;21.0;;0.56
24056;Florentin (biscuit sec au chocolat et aux amandes);produits sucrés;514.0;9.31;50.7;28.7;;0.13
24057;Biscuit sec, sablé, fourré aux fruits type lunette de Romans;produits sucrés;449.0;6.06;69.2;16.0;;0.2
24061;Biscuit meringué fourré (chocolat, noisette, noix de coco…), nappé ou sur base de chocolat;produits sucrés;540.0;7.65;54.5;31.5;;0.24
24070;Biscuit sec à la noix de coco;produits sucrés;493.0;6.32;65.4;22.1;;0.71
24071;Sablé pâtissier, artisanal;produits sucrés;484.0;8.38;59.4;22.9;;0.41
24224;"Biscuit au chocolat fourré (""sandwiché"") parfum vanille, rond, noir et blanc";produits sucrés;480.0;5.06;69.2;19.6;;0.65
24225;"Goûter sec fourré (""sandwiché"") parfum lait ou vanille";produits sucrés;478.0;5.0;70.0;19.0;;0.44
24230;"Goûter sec fourré (""sandwiché"") parfum chocolat, au blé complet";produits sucrés;465.0;5.94;69.3;17.2;;0.54
24231;"Goûter sec fourré (""sandwiché"") parfum chocolat";produits sucrés;471.0;6.31;67.5;18.5;;0.46
24240;"Goûter sec fourré (""sandwiché"") parfum fruits";produits sucrés;407.0;5.13;73.6;9.4;;0.52
24300;Gaufrette (éventail, cigarette…), sans fourrage;produits sucrés;437.0;6.51;80.0;9.7;;0.48
24311;Gaufrette fourrée et/ou enrobée de chocolat;produits sucrés;534.0;6.63;56.6;30.5;;0.25
24312;Gaufrette fourrée, aux fruits à coque (noisette, amande, praliné, etc.), avec ou sans chocolat;produits sucrés;562.0;9.0;49.0;36.1;;0.26
24313;Gaufrette, fourrée vanille;produits sucrés;538.0;5.75;60.1;30.1;;0.36
24320;Gaufrette fourrée, aux fruits;produits sucrés;355.0;4.13;81.0;0.8;;0.15
24370;Crêpe dentelle nature;produits sucrés;467.0;6.37;73.1;16.2;;0.65
24371;Crêpe dentelle, nappée de chocolat;produits sucrés;498.0;5.75;67.4;22.1;;0.57
24430;Biscuit sec aux oeufs à la cuillère (cuiller) ou boudoir;produits sucrés;366.0;7.75;74.5;3.4;;0.3
24441;Biscuit sec, type langue de chat ou cigarette russe;produits sucrés;475.0;5.27;72.7;17.8;;0.49
24520;Meringue;produits sucrés;396.0;4.77;93.2;0.52;;0.23
24614;Biscuit sec croquant aux amandes (ex. canistrelli);produits sucrés;454.0;9.04;68.2;15.4;;0.27
24615;Biscuit sec fin ou tuile, aux amandes;produits sucrés;471.0;7.8;68.0;18.1;;0.21
24616;Biscuit sec fin ou tuile, saveur citron ou orange;produits sucrés;419.0;6.37;69.7;9.73;;0.55
24654;Biscuit sec ou galette à l'avoine, nappée de chocolat;produits sucrés;509.0;5.73;61.3;26.0;;0.59
24655;Biscuit sec ou galette à l'avoine;produits sucrés;491.0;5.64;63.9;22.9;;0.74
24656;Cookie aux cranberries et au chocolat blanc, préemballé;produits sucrés;488.0;4.76;65.9;22.4;;1.2
24657;Biscuit sec, type batonnet, stick, vrille ou torsade, nappé de chocolat;produits sucrés;510.0;6.86;63.1;25.1;;0.42
24658;Biscuit sec feuilleté, type palmier ou autres, nappé de chocolat;produits sucrés;532.0;5.93;59.7;29.4;;1.02
24659;Biscuit sec feuilleté, type palmier ou autres, préemballé;produits sucrés;528.0;6.06;56.8;30.0;;1.15
24660;Biscuit sec feuilleté, type palmier ou autres, artisanal;produits sucrés;499.0;5.93;47.8;30.4;;1.16
24676;Cookie au chocolat et aux fruits à coque (noisettes, amandes, noix de pécan…), préemballé;produits sucrés;507.0;6.78;57.0;27.1;;0.77
24678;Biscuit (génoise), nappé aux fruits, type barquette;produits sucrés;341.0;4.44;74.4;2.1;;0.12
24679;Biscuit sec (tartelette), nappé aux fruits, préemballé;produits sucrés;424.0;4.63;71.3;13.0;;0.43
24680;Biscuit moelleux fourré à l'orange et enrobé de sucre glace;produits sucrés;359.0;4.1;80.0;2.1;;0.01
24684;Cookie au chocolat, préemballé;produits sucrés;493.0;6.44;61.0;23.8;;0.86
24685;Cône ou cornet classique, pour glace;produits sucrés;401.0;7.5;80.4;5.0;;0.54
24686;Biscuit (génoise), fourré aux fruits (ex : orange, cerise…), nappé de chocolat;produits sucrés;395.0;3.88;66.6;11.7;;0.31
24687;Cookie aux pépites de chocolat et à la noix de coco, préemballé;produits sucrés;519.0;5.93;54.5;29.8;;0.83
32000;Grains de blé soufflés au miel ou caramel, enrichis en vitamines et minéraux;produits sucrés;390.0;7.31;82.8;2.0;;0.01
32001;Céréales pour petit déjeuner chocolatées, non fourrées, enrichies en vitamines et minéraux;produits sucrés;393.0;8.19;74.7;5.1;;0.3
32003;Céréales pour petit déjeuner (aliment moyen);produits sucrés;402.0;8.02;73.2;7.21;;0.6
32004;Muesli (aliment moyen);produits sucrés;433.0;8.87;63.4;14.3;;0.44
32005;Pétales de maïs nature, enrichis en vitamines et minéraux;produits sucrés;368.0;6.88;80.0;1.0;;1.01
32006;Riz soufflé nature, enrichi en vitamines et minéraux;produits sucrés;388.0;7.0;86.3;1.2;;1.0
32008;Céréales pour petit déjeuner riches en fibres, au chocolat, enrichies en vitamines et minéraux;produits sucrés;389.0;9.9;71.9;4.7;;0.19
32012;Riz soufflé chocolaté, non enrichi en vitamines et minéraux;produits sucrés;387.0;6.26;83.3;2.3;;0.71
32013;Céréales pour petit déjeuner chocolatées, non fourrées, non enrichies en vitamines et minéraux;produits sucrés;387.0;8.63;77.7;3.2;;0.28
32014;Pétales de maïs nature, non enrichis en vitamines et minéraux;produits sucrés;372.0;6.88;82.4;0.7;;1.82
32016;Céréales pour petit déjeuner fourrées au chocolat ou chocolat-noisettes, enrichies en vitamines et minéraux;produits sucrés;440.0;7.06;67.0;15.0;;0.88
32017;Céréales pour petit déjeuner fourrées au chocolat ou chocolat-noisettes, non enrichies en vitamines et minéraux;produits sucrés;457.0;7.0;67.2;17.2;;0.47
32018;Céréales pour petit déjeuner fourrées au lait ou à la vanille, enrichies en vitamines et minéraux;produits sucrés;429.0;10.4;63.9;13.4;;0.56
32022;Pétales de céréales au chocolat, avec ou sans fruits à coque, enrichis en vitamines et minéraux;produits sucrés;399.0;8.0;74.5;6.3;;0.75
32023;Pétales de céréales aux fruits, enrichis en vitamines et minéraux;produits sucrés;377.0;8.1;80.6;1.58;;0.77
32025;Pétales de céréales aux fruits à coque, enrichis en vitamines et minéraux;produits sucrés;392.0;8.97;73.5;5.53;;1.04
32028;Pétales de céréales au chocolat, avec ou sans fruits à coque, non enrichis en vitamines et minéraux;produits sucrés;413.0;7.63;73.6;8.4;;0.56
32029;Pétales de céréales aux fruits, non enrichis en vitamines et minéraux;produits sucrés;378.0;8.36;79.7;1.62;;0.84
32030;Pétales de céréales, nature, sucrées, enrichies en vitamines et minéraux;produits sucrés;372.0;8.5;77.7;1.5;;0.85
32031;Céréales pour petit déjeuner, enrichies en vitamines et minéraux (aliment moyen);produits sucrés;408.0;7.76;72.8;8.2;;0.67
32032;Céréales pour petit déjeuner, non enrichies en vitamines et minéraux (aliment moyen);produits sucrés;386.0;8.45;77.1;3.39;;0.43
32033;Céréales pour petit déjeuner riches en fibres, aux fruits ou fruits à coque, enrichies en vitamines et minéraux;produits sucrés;395.0;8.63;64.5;9.0;;0.72
32034;Céréales pour petit déjeuner riches en fibres, aux fruits ou fruits à coque, non enrichies en vitamines et minéraux;produits sucrés;374.0;8.53;71.1;3.93;;1.51
32035;Céréales pour petit déjeuner riches en fibres, nature, enrichies en vitamines et minéraux;produits sucrés;361.0;11.9;67.7;2.13;;1.06
32036;Céréales pour petit déjeuner riches en fibres, nature, non enrichies en vitamines et minéraux;produits sucrés;368.0;8.48;74.8;1.85;;0.86
32037;Céréales pour petit déjeuner au chocolat et caramel, extrudées, enrichies en vitamines et minéraux;produits sucrés;410.0;8.06;74.7;7.2;;0.47
32038;Céréales pour petit déjeuner au chocolat et caramel, extrudées, non enrichies en vitamines et minéraux;produits sucrés;394.0;9.13;76.2;4.43;;0.62
32039;Céréales pour petit déjeuner fourrées au lait ou à la vanille, non enrichies en vitamines et minéraux;produits sucrés;440.0;7.94;67.5;14.5;;0.53
32040;Grains de blé soufflés au miel ou caramel, non enrichis en vitamines et minéraux;produits sucrés;382.0;8.93;77.6;2.52;;0.02
32041;Mélange de flocons de céréales, nature, non enrichi en vitamines et minéraux;produits sucrés;341.0;10.2;61.7;3.17;;0.01
32042;Pétales de céréales, nature, sucrées, non enrichies en vitamines et minéraux;produits sucrés;377.0;8.0;80.1;1.5;;0.72
32043;Pétales de céréales, nature, sans sucres ajoutés, non enrichies en vitamines et minéraux;produits sucrés;369.0;12.2;70.2;2.78;;1.22
32107;Pétales de maïs glacés au sucre, non enrichis en vitamines et minéraux;produits sucrés;381.0;6.22;85.4;0.96;;1.2
32108;Muesli croustillant aux fruits, avec ou sans fruits à coque et/ou graines, non enrichi en vitamines et minéraux;produits sucrés;442.0;8.69;62.7;15.7;;0.12
32109;Muesli croustillant au chocolat, non enrichi en vitamines et minéraux;produits sucrés;446.0;9.25;64.7;15.1;;0.31
32110;Muesli floconneux aux fruits, fruits à coque et/ou graines, enrichi en vitamines et minéraux;produits sucrés;378.0;9.5;68.9;5.3;;0.32
32111;Muesli croustillant aux fruits, avec ou sans fruits à coque et/ou graines, enrichi en vitamines et minéraux;produits sucrés;464.0;8.38;60.4;19.4;;0.56
32112;Muesli croustillant au chocolat, enrichi en vitamines et minéraux;produits sucrés;469.0;8.0;61.9;19.7;;0.49
32113;Muesli floconneux aux fruits, fruits à coque et/ou graines, sans sucres ajoutés, non enrichi;produits sucrés;374.0;10.3;59.8;8.1;;0.023
32116;Céréales pour petit déjeuner très riches en fibres, nature, enrichies en vitamines et minéraux;produits sucrés;327.0;13.4;43.3;3.8;;0.51
32121;Pétales de maïs glacés au sucre, enrichis en vitamines et minéraux;produits sucrés;381.0;4.25;88.6;0.5;;0.81
32129;Boules de maïs soufflées au miel, non enrichies en vitamines et minéraux;produits sucrés;389.0;5.84;87.3;1.41;;0.65
32130;Blé khorasan complet soufflé;produits sucrés;378.0;7.32;80.5;1.96;;0.027
32131;Riz soufflé chocolaté, enrichi en vitamines et minéraux;produits sucrés;382.0;6.75;81.8;2.0;;0.62
32133;Boules de maïs soufflées au miel, enrichies en vitamines et minéraux;produits sucrés;384.0;5.63;86.6;0.9;;0.89
32138;Muesli floconneux aux fruits, fruits à coque et/ou graines, non enrichi en vitamines et minéraux;produits sucrés;371.0;10.6;60.9;7.0;;0.058
32139;Muesli enrichi en vitamines et minéraux (aliment moyen);produits sucrés;436.0;8.78;63.6;14.6;;0.47
32140;Flocons d'avoine;produits sucrés;369.0;11.4;57.7;7.82;;0.011
32141;Muesli non enrichi en vitamines et minéraux (aliment moyen);produits sucrés;409.0;9.63;61.8;11.6;;0.093
32142;Céréales pour petit déjeuner au miel ou caramel, soufflées ou extrudées, enrichies en vitamines et minéraux;produits sucrés;388.0;7.44;75.4;4.6;;0.91
32143;Céréales pour petit déjeuner au miel ou caramel, soufflées ou extrudées, non enrichies en vitamines et minéraux;produits sucrés;382.0;6.73;80.1;2.78;;0.43
32144;Muesli croustillant aux fruits à coque et/ou graines uniquement, enrichi en vitamines et minéraux;produits sucrés;433.0;9.77;63.3;13.8;;0.56
32145;Muesli croustillant aux fruits à coque et/ou graines uniquement, non enrichi en vitamines et minéraux;produits sucrés;450.0;10.0;61.2;16.5;;0.22
31100;Barre céréalière pour petit déjeuner au lait, au chocolat ou non, enrichie en vitamines et minéraux;produits sucrés;382.0;7.06;79.5;3.2;;0.54
31101;"Barre céréalière ""équilibre"" aux fruits, enrichie en vitamines et minéraux";produits sucrés;382.0;6.13;73.3;6.53;;0.75
31102;"Barre céréalière ""équilibre"" au chocolat, enrichie en vitamines et minéraux";produits sucrés;407.0;5.99;70.3;10.9;;0.7
31104;Barre céréalière diététique hypocalorique;produits sucrés;391.0;5.9;71.0;11.2;;0.75
31106;Barre céréalière au chocolat;produits sucrés;451.0;6.55;73.0;14.9;;0.51
31113;Barre céréalière aux fruits;produits sucrés;379.0;5.49;74.1;7.07;;0.63
31114;Barre céréalière aux amandes ou noisettes;produits sucrés;444.0;8.69;60.6;18.2;;0.45
31115;Barre céréalière au chocolat et aux fruits;produits sucrés;419.0;5.7;70.4;11.8;;0.56
19688;Baba au rhum, rayon frais;produits sucrés;174.0;2.8;28.3;2.35;;0.33
23000;Gâteau (aliment moyen);produits sucrés;410.0;5.49;51.8;19.6;;0.72
23001;Cheesecake, préemballé;produits sucrés;337.0;5.44;34.1;19.7;;0.44
23005;Gâteau Paris-Brest (pâte à choux crème mousseline praliné);produits sucrés;327.0;5.42;29.1;20.5;;0.29
23006;Forêt noire, pâtisserie type génoise au chocolat et crème multi-couches, avec ou sans cerises;produits sucrés;317.0;3.66;39.1;14.8;;0.17
23007;Gâteau mousse de fruits sur génoise, type miroir, bavarois;produits sucrés;265.0;2.79;30.8;14.5;;0.16
23008;Entremets type Opéra;produits sucrés;392.0;5.19;37.6;24.0;;0.11
23009;Fraisier ou framboisier;produits sucrés;221.0;2.6;25.0;12.0;;0.14
23022;Canelé;produits sucrés;298.0;4.9;61.0;3.2;;0.1
23023;Kouign amann, préemballé;produits sucrés;489.0;3.64;53.2;28.8;;0.86
23024;Macaron moelleux fourré à la confiture ou à la crème;produits sucrés;448.0;11.0;56.5;19.0;;0.16
23030;Bûche de Noël pâtissière;produits sucrés;363.0;4.25;39.8;20.4;;0.24
23031;Brownie au chocolat et aux fruits à coques, préemballé;produits sucrés;466.0;6.58;45.9;27.7;;0.47
23032;Brownie au chocolat, préemballé;produits sucrés;458.0;5.94;50.6;25.4;;0.35
23033;Rocher coco ou congolais (petit gâteau à la noix de coco), préemballé;produits sucrés;459.0;3.98;56.1;23.0;;0.15
23050;Biscuit de Savoie;produits sucrés;260.0;6.05;56.3;0.8;;1.87
23080;Quatre-quarts (beurre, oeufs, sucre, farine), artisanal;produits sucrés;440.0;5.94;46.0;25.6;;0.52
23081;Quatre-quarts (beurre, oeufs, sucre, farine), préemballé;produits sucrés;434.0;5.94;48.2;23.9;;1.07
23082;Barre pâtissière, préemballée;produits sucrés;378.0;5.38;54.7;14.9;;1.28
23103;Gâteau moelleux au citron, préemballé;produits sucrés;411.0;6.81;49.6;20.4;;0.43
23120;Gâteau breton fourré à la crème de pruneaux, préemballé;produits sucrés;453.0;5.17;59.3;21.3;;0.63
23121;Far breton aux pruneaux;produits sucrés;229.0;5.13;32.0;8.0;;0.23
23122;Kouign Amann, artisanal;produits sucrés;449.0;5.81;48.7;25.1;;0.85
23200;Pain d'épices, préemballé;produits sucrés;318.0;3.14;71.8;1.15;;0.62
23220;Pain d'épices fourré aux fruits ou nonnette, préemballé;produits sucrés;338.0;3.85;75.0;2.15;;0.47
23300;Baklava ou baklawa (pâtisserie orientale aux amandes et sirop);produits sucrés;459.0;10.4;49.2;24.5;;0.075
23301;Corne de gazelle (pâtisserie orientale aux amandes en forme de croissant recouverte de sucre glace);produits sucrés;474.0;8.55;60.2;22.1;;0.15
23455;Chou à la crème, sans précision (chantilly ou pâtissière);produits sucrés;325.0;4.5;25.1;22.9;;0.28
23456;Chou à la crème chantilly, Saint-honoré;produits sucrés;337.0;4.63;22.9;25.0;;0.37
23457;Chou à la crème pâtissière;produits sucrés;225.0;4.31;34.9;7.3;;0.25
23477;Éclair;produits sucrés;264.0;5.78;31.6;11.8;;0.23
23479;Tarte aux fruits et crème pâtissière;produits sucrés;205.0;2.94;30.0;7.7;;0.26
23481;Tarte normande aux pommes (garniture farine, oeufs, crème, sucre, calvados), artisanale;produits sucrés;313.0;4.44;38.7;15.0;;0.23
23485;Tarte au citron;produits sucrés;319.0;5.56;43.1;13.6;;0.3
23490;Tarte ou tartelette aux pommes;produits sucrés;227.0;2.52;32.7;8.79;;0.31
23491;Tarte aux fraises, artisanale;produits sucrés;318.0;3.19;31.0;19.8;;0.14
23493;Crumble aux pommes, préemballé;produits sucrés;226.0;1.71;35.4;8.17;;0.11
23494;Tarte aux abricots;produits sucrés;285.0;3.18;41.0;10.7;;0.22
23495;Tarte aux fruits rouges;produits sucrés;231.0;3.5;36.5;6.87;;0.21
23496;Tarte tatin aux pommes;produits sucrés;245.0;1.76;38.1;9.25;;0.15
23497;Tarte au chocolat, fabrication artisanale;produits sucrés;469.0;5.94;40.9;30.7;;0.19
23498;Tarte ou tartelette aux fruits (aliment moyen);produits sucrés;245.0;3.18;34.1;9.99;;0.26
23525;Flan pâtissier aux oeufs ou à la parisienne;produits sucrés;211.0;3.89;33.2;6.85;;0.2
23531;Charlotte aux fruits;produits sucrés;200.0;5.16;28.2;6.64;;0.038
23540;Gâteau moka ou gâteau au café;produits sucrés;386.0;4.1;23.0;30.8;;0.19
23585;Gâteau au chocolat, préemballé;produits sucrés;445.0;5.88;51.0;24.0;;0.42
23586;Gâteau au chocolat type fondant ou mi-cuit, préemballé;produits sucrés;467.0;6.0;43.0;29.7;;0.25
23588;Gâteau ou cake au yaourt, préemballé;produits sucrés;409.0;5.88;52.0;19.1;;0.89
23594;Gâteau moelleux nature type génoise, préemballé;produits sucrés;378.0;6.7;57.6;13.2;;0.76
23680;Galette des rois feuilletée, fourrée à la pomme;produits sucrés;289.0;3.4;29.1;17.2;;0.59
23684;Galette des rois feuilletée, fourrée frangipane, et Pithiviers;produits sucrés;438.0;7.6;33.4;30.0;;0.7
23799;Crêpe, nature, préemballée, rayon frais;produits sucrés;257.0;6.31;41.6;6.8;;0.52
23800;Crêpe, nature, préemballée, rayon température ambiante;produits sucrés;389.0;7.65;59.9;12.8;;1.77
23801;Galette de sarrasin, nature, souple (à garnir) préemballée;produits sucrés;161.0;5.83;30.5;1.74;;1.36
23802;Gâteau basque à la crème pâtissière;produits sucrés;340.0;3.75;51.5;13.0;;0.47
23803;Gâteau basque aux cerises;produits sucrés;395.0;4.3;63.3;13.5;;0.43
23804;Crêpe fourrée au chocolat et aux billes de céréales croustillantes, préemballée;produits sucrés;448.0;6.81;58.3;20.3;;0.96
23815;Crêpe fourrée au sucre, préemballée;produits sucrés;406.0;6.62;58.7;15.8;;1.44
23820;Crêpe fourrée à la confiture, faite maison;produits sucrés;296.0;6.51;54.0;5.74;;0.89
23821;Crêpe fourrée au chocolat ou à la pâte à tartiner chocolat et noisettes, faite maison;produits sucrés;388.0;7.76;54.3;15.1;;0.61
23827;Pancake (petite crêpe épaisse), sucrée, préemballée;produits sucrés;358.0;5.5;45.3;16.6;;1.37
23828;Pancake (petite crêpe épaisse), fourrée à la pâte à tartiner chocolat noisette, préemballée;produits sucrés;331.0;6.83;50.1;11.0;;0.56
23829;Crêpe fourrée au chocolat, préemballée;produits sucrés;439.0;6.83;58.6;19.1;;0.95
23830;Crêpe fourrée fraise, préemballée;produits sucrés;351.0;4.96;64.3;7.91;;1.06
23849;Gaufre fine fourrée au miel, au caramel ou à la vergeoise, préemballée;produits sucrés;455.0;4.56;67.0;18.3;;0.77
23850;Gaufre bruxelloise ou liégeoise nature, artisanale;produits sucrés;301.0;8.0;36.1;13.4;;0.99
23851;Gaufre moelleuse (type bruxelloise ou liégeoise), nature ou sucrée, préemballée;produits sucrés;455.0;6.19;52.1;24.1;;0.75
23852;Gaufre moelleuse (type bruxelloise ou liégeoise), au chocolat, préemballée;produits sucrés;460.0;5.59;54.4;23.9;;0.76
23853;Gaufre croustillante (fine ou sèche), nature ou sucrée, préemballée;produits sucrés;477.0;6.22;67.6;19.7;;0.74
23880;Beignet ou donut rond moelleux, sans fourrage, saupoudré de sucre;produits sucrés;404.0;7.25;39.4;23.7;;1.11
23881;Beignet ou donut fourré aux fruits (fourrage type confiture), préemballé;produits sucrés;391.0;5.1;49.5;19.0;;0.9
23885;Beignet ou donut fourré ou nappé goût chocolat ou chocolat noisette, préemballé;produits sucrés;407.0;5.3;48.0;21.0;;0.83
23900;Pâtisserie (aliment moyen);produits sucrés;279.0;4.15;35.5;12.9;;0.27
23909;Cake aux fruits (confits et/ou raisins secs), préemballé;produits sucrés;360.0;4.19;55.2;12.6;;0.59
23925;Gâteau marbré au chocolat, préemballé;produits sucrés;438.0;5.68;50.5;23.2;;0.67
23935;Gâteau moelleux nature, préemballé;produits sucrés;438.0;5.42;53.1;22.4;;0.76
23937;Gâteau moelleux aux fruits, préemballé;produits sucrés;382.0;3.0;69.0;10.0;;0.13
23938;Gâteau moelleux aux fruits à coque, type gâteau creusois, préemballé;produits sucrés;418.0;6.35;48.8;21.5;;0.53
23939;Gâteau moelleux fourré au chocolat, type mini-cake, mini-roulé, ourson…, préemballé;produits sucrés;414.0;5.44;55.4;18.2;;0.56
23941;Gâteau moelleux fourré aux fruits type mini-roulé ou mini-cake fourré, préemballé;produits sucrés;374.0;4.63;57.7;12.8;;0.61
23943;Gâteau moelleux aux pépites de chocolat, type mini-cake, préemballé;produits sucrés;442.0;5.38;50.2;23.6;;0.82
23944;Gâteau moelleux fourré au chocolat et enrobé ou nappé de chocolat, préemballé;produits sucrés;440.0;5.0;53.8;21.8;;0.31
23945;Gâteau moelleux fourré au chocolat et au lait, enrobé de chocolat, préemballé;produits sucrés;446.0;5.81;52.9;23.1;;0.35
23951;Muffin, aux fruits (myrtilles et autres), préemballé;produits sucrés;397.0;4.81;49.1;19.9;;0.92
23952;Muffin, au chocolat, préemballé;produits sucrés;444.0;5.58;52.5;23.0;;0.93
24630;Madeleine, pur beurre, préemballée;produits sucrés;453.0;5.88;52.4;24.1;;0.92
24631;Madeleine au chocolat (nappage, pépites ou fourrage…), préemballée;produits sucrés;447.0;5.45;53.7;22.7;;0.83
24632;Madeleine ordinaire, préemballée;produits sucrés;441.0;5.55;55.3;21.6;;0.83
24663;Tarte aux poires amandine;produits sucrés;310.0;4.9;37.7;14.9;;0.14
24664;Gâteau aux amandes type financier, préemballé;produits sucrés;447.0;8.26;44.3;25.7;;0.32
24666;Mille-feuille;produits sucrés;292.0;3.88;43.7;11.3;;0.42
24674;Gâteau moelleux sans gluten (cake, madeleine…), préemballé;produits sucrés;443.0;4.74;50.7;24.2;;0.74
24675;Gâteau moelleux sans gluten (cake, brownie…), au chocolat, préemballé;produits sucrés;434.0;5.38;49.6;24.4;;0.53
39500;Glace à l'eau ou sorbet ou crème glacée, tout parfum (aliment moyen);glaces et sorbets;249.0;2.68;32.0;11.9;;0.14
31035;Barre glacée chocolatée;glaces et sorbets;354.0;4.79;37.0;20.5;;0.23
39503;Glace ou crème glacée, bâtonnet enrobage chocolat;glaces et sorbets;329.0;3.23;33.3;20.0;;0.17
39509;Glace ou crème glacée, cône (taille standard);glaces et sorbets;290.0;3.44;36.8;13.5;;0.13
39515;Glace ou crème glacée, en bac;glaces et sorbets;191.0;2.5;26.1;8.4;;0.12
39517;Glace au yaourt;glaces et sorbets;126.0;3.38;22.7;2.2;;0.093
39520;Glace ou crème glacée, gourmande, en bac;glaces et sorbets;231.0;3.26;29.4;11.0;;0.19
39521;Glace ou crème glacée, gourmande, en pot;glaces et sorbets;256.0;3.86;29.2;13.6;;0.22
39522;Glace ou crème glacée, mini cône;glaces et sorbets;351.0;3.81;40.2;19.0;;0.15
39523;Glace ou crème glacée, pot individuel;glaces et sorbets;233.0;3.57;23.3;13.8;;0.16
39527;Glace ou crème glacée, bac ou pot (aliment moyen);glaces et sorbets;171.0;2.78;25.0;6.45;;0.11
39531;Glace ou crème glacée, petit pot enfant;glaces et sorbets;170.0;2.27;24.9;6.64;;0.14
39535;Glace ou crème glacée, bâtonnet enrobage fruits;glaces et sorbets;160.0;1.49;26.8;5.14;;0.086
31013;Sorbet, bâtonnet;glaces et sorbets;103.0;0.23;24.8;0.28;;0.01
39524;Sorbet, en bac;glaces et sorbets;122.0;0.4;28.7;0.56;;0.04
39525;Sorbet, pot individuel;glaces et sorbets;126.0;0.49;28.4;1.03;;0.055
39526;Glace à l'eau;glaces et sorbets;83.8;0.17;20.5;0.17;;0.02
39528;Sorbet, cône;glaces et sorbets;216.0;1.79;38.2;5.78;;0.088
23472;Profiterole avec glace vanille et sauce chocolat;glaces et sorbets;286.0;5.38;31.4;14.9;;0.24
39401;Pêche melba;glaces et sorbets;119.0;2.02;18.8;3.62;;0.063
39502;Dessert glacé type mystère ou vacherin;glaces et sorbets;226.0;2.8;32.9;9.0;;0.11
39512;Dessert glacé type sundae;glaces et sorbets;211.0;2.37;30.8;8.7;;0.22
39516;Dessert glacé feuilleté, à partager;glaces et sorbets;242.0;2.31;27.3;13.6;;0.14
39518;Omelette norvégienne;glaces et sorbets;212.0;3.6;34.8;6.5;;0.15
39519;Poire belle Hélène;glaces et sorbets;196.0;2.68;23.5;9.57;;0.039
39529;Nougat glacé;glaces et sorbets;249.0;4.38;26.4;13.4;;0.093
39530;Citron givré ou orange givrée (sorbet);glaces et sorbets;133.0;0.14;29.1;1.77;;0.034
39532;Coupe glacée type café ou chocolat liégeois;glaces et sorbets;210.0;2.66;28.7;9.24;;0.15
39533;Bûche glacée;glaces et sorbets;219.0;2.74;29.8;9.61;;0.16
39534;Coupe glacée parfum pêche Melba ou poire Belle-Hélène;glaces et sorbets;160.0;1.43;28.9;4.07;;0.08
16400;Beurre à 80% MG minimum, doux;matières grasses;753.0;0.63;0.71;83.0;;0.035
16401;Huile de beurre ou beurre concentré;matières grasses;900.0;0.27;0.0;99.9;;0.005
16402;Beurre à 80% MG, demi-sel;matières grasses;725.0;0.75;0.5;80.0;;1.9
16403;Beurre à 80% MG, salé;matières grasses;732.0;0.5;0.68;80.8;;2.52
16404;Beurre à 80% MG minimum, doux, tendre;matières grasses;755.0;0.7;0.5;83.4;;0.055
16410;Beurre à 60-62% MG, à teneur réduite en matière grasse, doux;matières grasses;550.0;0.56;0.7;60.6;;0.045
16411;Beurre à 60-62% MG, à teneur réduite en matière grasse, demi-sel;matières grasses;555.0;0.9;0.5;61.0;;1.13
16412;Beurre ou assimilé allégé (léger ou à teneur réduite en matière grasse), doux (aliment moyen);matières grasses;367.0;0.34;3.7;39.1;;0.4
16413;Beurre sans précision sur la teneur en matière grasse (allégé ou non), demi-sel (aliment moyen);matières grasses;712.0;0.75;0.53;78.6;;1.85
16414;Beurre ou assimilé sans précision sur la teneur en matière grasse, doux (aliment moyen);matières grasses;731.0;0.61;0.88;80.5;;0.056
16415;Beurre à 39-41% MG, léger, doux;matières grasses;390.0;0.25;3.6;41.7;;0.45
16416;Beurre à 39-41% MG, léger, demi-sel;matières grasses;376.0;;4.0;40.0;;1.38
16713;"Matière grasse laitière à 15-25% MG, légère, ""à tartiner"", doux, enrichie en vitamine(s)";matières grasses;197.0;0.25;6.2;19.1;;0.63
16030;Huile ou beurre de cacao;matières grasses;900.0;0.0;0.0;100.0;;0.0
16040;Huile ou graisse de coco, sans précision;matières grasses;897.0;0.0;0.41;99.5;;0.0
16050;Huile ou graisse de coco, vierge;matières grasses;899.0;0.16;;99.9;;4.0
16060;Huile ou graisse de coco (coprah), raffinée;matières grasses;900.0;0.0;0.0;100.0;;0.0
16080;Matière grasse ou graisse végétale solide (type margarine) pour friture ou graisse à frire;matières grasses;898.0;0.25;0.0;99.8;;0.013
16110;Huile ou beurre de karité;matières grasses;900.0;0.0;0.0;100.0;;0.0
16128;Huile pour friture, sans précision;matières grasses;900.0;0.0;0.0;100.0;;0.013
16150;Huile de palme, raffinée;matières grasses;900.0;0.0;0.0;100.0;;0.0
16200;Huile ou graisse de palmiste, sans précision;matières grasses;900.0;0.0;0.0;100.0;;0.0
17001;Huile végétale (aliment moyen);matières grasses;899.0;0.18;0.032;99.9;;0.01
17020;Huile de noyaux d'abricot;matières grasses;900.0;0.0;0.0;100.0;;0.0
17030;Huile d'amande;matières grasses;900.0;0.0;0.0;100.0;;0.0
17040;Huile d'arachide;matières grasses;899.0;0.25;0.0;99.9;;0.013
17100;Huile d'avocat;matières grasses;900.0;0.0;0.0;100.0;;0.0
17110;Huile de germe de blé;matières grasses;900.0;0.0;0.0;100.0;;0.0
17130;Huile de colza;matières grasses;900.0;0.0;0.0;100.0;;0.003
17170;Huile de coton;matières grasses;900.0;0.0;0.0;100.0;;0.0
17180;Huile de lin;matières grasses;900.0;0.0;0.018;100.0;;0.0
17190;Huile de maïs;matières grasses;900.0;0.0;0.0;100.0;;0.0
17210;Huile de noisette;matières grasses;900.0;0.0;0.0;100.0;;0.0
17220;Huile de noix;matières grasses;900.0;0.0;0.0;100.0;;0.0
17270;Huile d'olive vierge extra;matières grasses;899.0;0.25;;99.9;;0.013
17325;Huile de pavot;matières grasses;900.0;0.0;0.0;100.0;;0.0
17350;Huile de pépins de raisin;matières grasses;900.0;0.0;0.0;100.0;;0.013
17390;Huile de son de riz;matières grasses;900.0;0.0;0.0;100.0;;0.0
17400;Huile de sésame;matières grasses;900.0;0.0;0.0;100.0;;0.0
17420;Huile de soja;matières grasses;900.0;0.0;0.0;100.0;;0.003
17440;Huile de tournesol;matières grasses;900.0;0.25;;100.0;;0.025
17700;Huile combinée (mélange d'huiles);matières grasses;897.0;0.0;0.49;99.5;;0.006
17701;Huile combinée, mélange d'huile d'olive et de graines;matières grasses;900.0;0.0;0.0;100.0;;0.0
17850;Huile de chanvre;matières grasses;900.0;0.0;0.5;100.0;;0.001
17900;Huile d'argan ou d'argane;matières grasses;889.0;0.0;0.0;98.7;;
16589;Matière grasse tartinable à teneur en MG > 62%, doux, riche en oméga 3;matières grasses;616.0;0.0;0.0;67.7;;0.26
16590;Matière grasse tartinable à teneur en MG > 62%, doux, standard;matières grasses;650.0;0.022;0.089;72.1;;0.54
16591;Matière grasse tartinable à teneur en MG > 41% et <= 62%, doux, standard;matières grasses;540.0;0.25;0.14;60.0;;0.38
16592;Matière grasse tartinable à teneur en MG <= 41%, doux, standard;matières grasses;366.0;1.44;2.94;38.6;;0.53
16593;Matière grasse tartinable à teneur en MG > 62%, demi-sel, standard;matières grasses;630.0;0.25;0.5;70.0;;1.4
16594;Matière grasse tartinable à teneur en MG > 41% et <= 62%, demi-sel, standard;matières grasses;516.0;0.0;0.34;57.3;;1.53
16595;Matière grasse tartinable à teneur en MG > 41% et <= 62%, doux, aux stérols végétaux;matières grasses;547.0;0.25;0.0;60.8;;0.32
16596;Matière grasse tartinable à teneur en MG > 41% et <= 62%, doux, riche en oméga 3;matières grasses;508.0;0.081;0.12;56.4;;0.37
16597;Matière grasse tartinable à teneur en MG > 41% et <= 62%, demi-sel, riche en oméga 3;matières grasses;506.0;0.0;0.0;56.3;;1.4
16598;Matière grasse tartinable à teneur en MG <= 41%, demi-sel, aux stérols végétaux;matières grasses;321.0;0.25;1.4;35.0;;1.2
16599;Matière grasse tartinable à teneur en MG <= 41%, doux, riche en oméga 3;matières grasses;308.0;0.0;0.4;34.0;;0.3
16600;Matière grasse tartinable à teneur en MG <= 41%, demi-sel, standard;matières grasses;356.0;0.75;2.8;38.0;;1.65
16601;Matière grasse tartinable, sans précision sur la teneur en matière grasse, doux, standard (aliment moyen);matières grasses;557.0;0.31;0.43;61.7;;0.45
16602;Matière grasse tartinable, sans précision sur la teneur en matière grasse, demi-sel, standard (aliment moyen);matières grasses;502.0;0.12;0.66;55.5;;1.53
16603;Matière grasse tartinable, sans précision sur la teneur en matière grasse, doux, riche en oméga 3 (aliment moyen);matières grasses;501.0;0.078;0.13;55.6;;0.37
17630;Huile de foie de morue;matières grasses;900.0;0.0;0.0;100.0;;0.0
17640;Huile de sardine;matières grasses;900.0;0.0;0.0;100.0;;0.0
17645;Huile de saumon;matières grasses;900.0;0.0;0.0;100.0;;0.0
17650;Huile de hareng;matières grasses;900.0;0.0;0.0;100.0;;0.0
16520;Saindoux;matières grasses;900.0;0.0;0.0;100.0;;0.0
16530;Lard gras, cru;matières grasses;810.0;2.92;0.0;88.7;;0.028
16540;Graisse de poulet;matières grasses;898.0;0.0;0.0;99.8;;0.0
16550;Graisse de canard;matières grasses;898.0;0.0;0.0;99.8;;0.0
16560;Graisse d'oie;matières grasses;898.0;0.0;0.0;99.8;;0.0
16570;Graisse de dinde;matières grasses;898.0;0.0;0.0;99.8;;0.0
11184;Sauce (aliment moyen);aides culinaires et ingrédients divers;246.0;1.51;6.74;23.3;;1.81
11008;Ketchup, préemballé;aides culinaires et ingrédients divers;108.0;1.23;23.7;0.16;;2.35
11051;Sauce tartare, préemballée;aides culinaires et ingrédients divers;500.0;0.92;5.11;52.7;;2.06
11054;Mayonnaise (70% MG min.), préemballée;aides culinaires et ingrédients divers;692.0;1.33;3.41;74.5;;1.4
11073;Ketchup allégé en sucres, préemballé;aides culinaires et ingrédients divers;68.6;1.33;13.8;0.088;;1.96
11079;Mayonnaise à teneur réduite en matière grasse ou mayonnaise allégée, préemballée;aides culinaires et ingrédients divers;297.0;1.09;8.82;28.5;;2.13
11100;Sauce barbecue, préemballée;aides culinaires et ingrédients divers;136.0;0.56;30.3;0.6;;1.77
11104;Sauce soja, préemballée;aides culinaires et ingrédients divers;39.9;7.25;1.72;0.5;;13.1
11108;Sauce vinaigrette à l'huile d'olive (50 à 75% d'huile), préemballée;aides culinaires et ingrédients divers;471.0;0.7;3.03;50.5;;2.47
11109;Sauce vinaigrette allégée en matière grasse (25 à 50% d'huile), préemballée;aides culinaires et ingrédients divers;251.0;0.25;2.39;26.4;;1.9
11110;Sauce vinaigrette (50 à 75% d'huile), préemballée;aides culinaires et ingrédients divers;475.0;0.55;2.91;51.0;;2.2
11112;Harissa (sauce au piment), préemballée;aides culinaires et ingrédients divers;76.4;2.72;7.3;2.9;;2.81
11120;Sauce bourguignonne, préemballée;aides culinaires et ingrédients divers;439.0;1.34;7.85;44.6;;2.76
11157;Sauce moutarde, préemballée;aides culinaires et ingrédients divers;233.0;1.66;4.7;22.8;;2.35
11166;Sauce au yaourt, faite maison;aides culinaires et ingrédients divers;98.5;3.64;5.04;6.91;;1.28
11167;Sauce américaine, préemballée;aides culinaires et ingrédients divers;409.0;1.34;9.99;39.8;;2.84
11168;Sauce aïoli, préemballée;aides culinaires et ingrédients divers;480.0;1.13;5.44;50.2;;1.82
11187;Sauce crudités ou sauce salade, préemballée;aides culinaires et ingrédients divers;303.0;0.61;6.17;30.5;;2.33
11194;Sauce nuoc mâm ou sauce au poisson, préemballée;aides culinaires et ingrédients divers;81.2;9.3;10.9;0.0;;22.2
11196;Sauce burger, préemballée;aides culinaires et ingrédients divers;427.0;1.28;13.2;40.4;;2.04
11198;Sauce crudités ou sauce salade, allégée en matière grasse, préemballée;aides culinaires et ingrédients divers;160.0;0.8;6.7;14.3;;2.2
11203;Sauce kebab, préemballée;aides culinaires et ingrédients divers;433.0;1.22;6.93;44.1;;1.65
11205;Sauce rouille, préemballée;aides culinaires et ingrédients divers;551.0;0.6;2.7;59.8;;1.6
11212;Sauce au poivre, froide, préemballée;aides culinaires et ingrédients divers;472.0;0.69;5.8;49.3;;2.31
11213;Sauce froide (aliment moyen);aides culinaires et ingrédients divers;318.0;0.83;6.23;31.9;;2.12
11216;Sauce soja sucrée, préemballée;aides culinaires et ingrédients divers;171.0;2.88;39.5;0.5;;6.9
11217;Sauce pour nems à base de nuoc-mam dilué, préemballée;aides culinaires et ingrédients divers;132.0;1.38;31.2;0.5;;4.29
11219;Sauce végétale type bolognaise, aux protéines de soja, préemballée;aides culinaires et ingrédients divers;68.0;3.56;5.05;3.0;;0.77
11223;Sauce d'huître, préemballée;aides culinaires et ingrédients divers;50.7;1.35;10.6;0.25;;6.83
11240;Sauce algérienne, préemballée;aides culinaires et ingrédients divers;486.0;1.76;14.0;46.8;;1.73
11243;Sauce andalouse, préemballée;aides culinaires et ingrédients divers;548.0;1.61;8.03;56.5;;1.36
11244;Sauce cocktail, préemballée;aides culinaires et ingrédients divers;572.0;1.33;9.2;58.7;;1.65
11245;Sauce pommes frites, préemballée;aides culinaires et ingrédients divers;330.0;0.82;10.3;31.6;;2.08
11246;Sauce samouraï, préemballée;aides culinaires et ingrédients divers;523.0;1.11;5.09;55.2;;2.05
11247;Sauce au curry, froide, préemballée;aides culinaires et ingrédients divers;367.0;0.88;8.49;36.5;;2.06
11248;Sauce Caesar, préemballée;aides culinaires et ingrédients divers;448.0;1.8;7.04;45.7;;2.18
11301;Sauce teriyaki, préemballée;aides culinaires et ingrédients divers;88.1;5.93;16.0;0.02;;9.58
11101;Sauce béchamel, préemballée;aides culinaires et ingrédients divers;105.0;2.56;6.2;7.4;;0.69
11102;Sauce béarnaise, préemballée;aides culinaires et ingrédients divers;455.0;0.88;4.87;47.7;;1.95
11105;Sauce hollandaise, préemballée;aides culinaires et ingrédients divers;197.0;1.19;3.2;19.8;;1.19
11107;Sauce tomate aux oignons, préemballée;aides culinaires et ingrédients divers;78.8;1.52;7.69;4.18;;1.17
11111;Sauce armoricaine, préemballée;aides culinaires et ingrédients divers;83.6;2.1;3.95;6.6;;1.3
11114;Sauce tomate à la viande ou sauce bolognaise, préemballée;aides culinaires et ingrédients divers;93.8;4.22;7.27;4.81;;1.18
11115;Sauce au poivre vert, préemballée;aides culinaires et ingrédients divers;88.9;1.3;5.3;6.65;;1.15
11121;Sauce madère, préemballée;aides culinaires et ingrédients divers;37.6;0.6;3.6;2.2;;1.1
11122;Sauce à l'échalote à la crème, préemballée;aides culinaires et ingrédients divers;106.0;1.7;11.9;5.53;;1.61
11128;Sauce carbonara, préemballée;aides culinaires et ingrédients divers;160.0;5.17;4.7;12.8;;1.49
11129;Sauce chasseur, préemballée;aides culinaires et ingrédients divers;38.8;1.21;4.66;1.61;;1.03
11132;Sauce au curry, chaude, préemballée;aides culinaires et ingrédients divers;77.4;1.02;10.6;3.16;;1.12
11140;Sauce au beurre blanc, préemballée;aides culinaires et ingrédients divers;212.0;1.13;3.4;21.4;;1.16
11143;Sauce béchamel au beurre, faite maison;aides culinaires et ingrédients divers;147.0;3.84;8.97;10.6;;0.89
11158;Sauce au beurre, préemballée;aides culinaires et ingrédients divers;192.0;2.2;5.2;17.9;;1.36
11159;Sauce à la crème;aides culinaires et ingrédients divers;78.2;1.08;5.9;5.55;;1.38
11160;Sauce aux champignons, préemballée;aides culinaires et ingrédients divers;98.8;3.2;6.3;6.26;;0.9
11161;Sauce à la crème aux épices;aides culinaires et ingrédients divers;82.5;1.16;6.2;5.75;;1.29
11162;Sauce à la crème aux herbes;aides culinaires et ingrédients divers;76.6;1.09;5.5;5.49;;1.39
11163;Sauce aigre douce, préemballée;aides culinaires et ingrédients divers;153.0;0.3;37.0;0.2;;3.4
11164;Sauce au vin rouge, faite maison;aides culinaires et ingrédients divers;64.5;0.81;7.0;2.22;;1.7
11170;Sauce basquaise ou sauce aux poivrons, préemballée;aides culinaires et ingrédients divers;63.1;1.17;7.41;2.71;;1.13
11177;Sauce tomate aux champignons, préemballée;aides culinaires et ingrédients divers;68.3;1.79;7.78;2.68;;1.04
11178;Sauce tomate aux olives, préemballée;aides culinaires et ingrédients divers;110.0;1.41;7.5;7.32;;1.83
11179;Sauce pesto, préemballée;aides culinaires et ingrédients divers;370.0;3.94;6.6;35.4;;2.64
11182;Sauce au poivre, chaude, préemballée;aides culinaires et ingrédients divers;160.0;1.0;4.8;14.8;;1.58
11189;Sauce au fromage pour risotto ou pâtes, préemballée;aides culinaires et ingrédients divers;118.0;3.11;4.24;9.53;;1.38
11191;Sauce au roquefort, préemballée;aides culinaires et ingrédients divers;128.0;2.85;4.4;10.9;;1.25
11192;Sauce aux champignons et à la crème, préemballée;aides culinaires et ingrédients divers;75.5;1.38;6.2;5.0;;0.96
11199;Sauce grand veneur, préemballée;aides culinaires et ingrédients divers;103.0;1.5;8.45;7.0;;1.14
11202;Sauce indienne type tandoori ou tikka masala, préemballée;aides culinaires et ingrédients divers;86.7;2.6;14.3;1.7;;2.4
11207;Sauce tomate aux petits légumes, préemballée;aides culinaires et ingrédients divers;66.8;1.54;7.57;2.9;;0.99
11208;Sauce tomate au fromage, préemballée;aides culinaires et ingrédients divers;180.0;3.94;8.09;14.2;;1.31
11210;Sauce pesto rosso, préemballée;aides culinaires et ingrédients divers;305.0;4.8;8.58;27.0;;1.99
11218;Sauce chaude (aliment moyen);aides culinaires et ingrédients divers;123.0;2.67;7.65;8.67;;1.28
11302;Sauce à l'oseille, préemballée;aides culinaires et ingrédients divers;153.0;1.3;1.7;15.0;;0.63
51502;Meloukhia, sauce, artisanale;aides culinaires et ingrédients divers;215.0;1.13;1.45;21.0;;0.95
11300;Sauce au chocolat, préemballée;aides culinaires et ingrédients divers;308.0;2.16;62.3;5.1;;0.048
13998;Coulis de fruits rouges (framboises, fraises, groseilles, cassis);aides culinaires et ingrédients divers;124.0;0.63;27.7;0.5;;2.0
39700;Crème anglaise, préemballée;aides culinaires et ingrédients divers;97.3;3.44;14.8;2.5;;0.13
11004;Cornichon, au vinaigre;aides culinaires et ingrédients divers;16.0;1.06;0.78;0.6;;1.72
11013;Moutarde;aides culinaires et ingrédients divers;151.0;6.92;4.33;11.2;;6.3
11018;Vinaigre;aides culinaires et ingrédients divers;22.5;0.04;0.95;0.1;;0.013
11021;Moutarde à l'ancienne;aides culinaires et ingrédients divers;142.0;6.6;2.2;9.9;;4.9
11091;Vinaigre balsamique;aides culinaires et ingrédients divers;91.7;0.69;18.0;0.6;;0.068
11097;Cornichon, aigre-doux;aides culinaires et ingrédients divers;36.0;1.25;5.0;0.35;;0.94
11220;Vinaigre de vin rouge;aides culinaires et ingrédients divers;20.6;0.25;;0.0;;0.013
13032;Olive noire, en saumure, égouttée;aides culinaires et ingrédients divers;173.0;1.38;0.1;17.2;;1.77
13033;Olive verte, en saumure, égouttée;aides culinaires et ingrédients divers;164.0;1.13;0.61;16.6;;2.94
13131;Olive noire, à l'huile (à la grecque);aides culinaires et ingrédients divers;349.0;2.19;4.33;33.3;;8.45
13147;Olives vertes, fourrées ou farcies (anchois, poivrons, etc.);aides culinaires et ingrédients divers;156.0;2.09;1.17;15.2;;2.78
13184;Olive (aliment moyen);aides culinaires et ingrédients divers;165.0;1.29;0.65;16.6;;2.83
13186;Olive noire (aliment moyen);aides culinaires et ingrédients divers;182.0;1.41;0.26;18.0;;2.09
20916;Miso;aides culinaires et ingrédients divers;188.0;12.8;18.1;6.01;;9.32
5217;Vin cuisiné (alcool évaporé);aides culinaires et ingrédients divers;15.0;0.1;3.66;0.0;;0.007
5219;Alcool fort (type rhum), cuisiné (alcool évaporé);aides culinaires et ingrédients divers;0.002;0.0;0.0;0.0;;0.004
9621;Son de blé;aides culinaires et ingrédients divers;270.0;14.7;22.7;3.88;;0.015
9640;Son d'avoine;aides culinaires et ingrédients divers;361.0;16.8;50.6;6.52;;0.016
9641;Son de maïs;aides culinaires et ingrédients divers;226.0;8.36;6.65;0.92;;0.018
9643;Son de riz;aides culinaires et ingrédients divers;398.0;14.0;28.0;20.9;;0.013
9660;Germe de blé;aides culinaires et ingrédients divers;375.0;29.2;35.1;9.5;;0.018
11001;Bouillon de boeuf, déshydraté;aides culinaires et ingrédients divers;232.0;10.2;18.0;13.3;;33.0
11007;Gélatine, sèche;aides culinaires et ingrédients divers;348.0;86.9;0.0;0.1;;0.75
11009;Levure de bière en paillettes;aides culinaires et ingrédients divers;334.0;40.4;21.8;4.5;;0.35
11010;Levure de boulanger fraîche;aides culinaires et ingrédients divers;115.0;8.47;11.9;1.9;;0.075
11041;Bouillon de légumes, déshydraté;aides culinaires et ingrédients divers;287.0;9.66;26.0;16.0;;47.7
11043;Tapenade, préemballée;aides culinaires et ingrédients divers;229.0;1.93;3.29;21.9;;2.98
11045;Levure de boulanger déshydratée;aides culinaires et ingrédients divers;341.0;42.7;14.3;6.56;;0.13
11046;Levure chimique ou poudre à lever;aides culinaires et ingrédients divers;108.0;0.1;26.9;0.0;;
11065;Vanille, extrait alcoolique;aides culinaires et ingrédients divers;240.0;0.05;2.41;0.0;;0.01
11098;Vanille, extrait aqueux;aides culinaires et ingrédients divers;57.7;0.03;14.4;0.0;;0.007
11169;Fond de veau pour sauces et cuisson, déshydraté;aides culinaires et ingrédients divers;343.0;8.5;59.5;7.4;;16.7
11171;Fond de volaille pour sauces et cuisson, déshydraté;aides culinaires et ingrédients divers;336.0;10.0;63.0;4.5;;13.5
11172;Court-bouillon pour poissons, déshydraté;aides culinaires et ingrédients divers;260.0;5.0;7.0;23.0;;47.5
11174;Bouillon de volaille, déshydraté;aides culinaires et ingrédients divers;193.0;13.0;17.0;8.0;;56.4
11175;Gelée au madère, déshydratée;aides culinaires et ingrédients divers;262.0;47.0;18.0;0.2;;27.5
11176;Gelée au madère;aides culinaires et ingrédients divers;136.0;24.4;9.75;0.01;;1.48
11221;Extrait de levure, à tartiner;aides culinaires et ingrédients divers;187.0;42.4;3.5;0.4;;10.8
11303;Fumet de poisson, prêt à consommer, préemballé;aides culinaires et ingrédients divers;53.6;5.1;3.8;2.0;;2.36
11304;Fond de veau, préemballé;aides culinaires et ingrédients divers;40.9;3.15;2.4;2.05;;1.1
11507;Bicarbonate de soude;aides culinaires et ingrédients divers;0.4;0.1;0.0;0.0;;
18041;Lait de coco;aides culinaires et ingrédients divers;199.0;1.94;4.29;19.2;;0.068
20918;Sirop pour fruits appertisés au sirop;aides culinaires et ingrédients divers;73.0;0.25;17.7;0.5;;0.019
20919;Sirop léger pour fruits appertisés au sirop;aides culinaires et ingrédients divers;58.9;0.34;14.3;0.5;;0.011
20924;Sirop léger pour poire appertisée;aides culinaires et ingrédients divers;57.9;0.25;14.6;0.3;;0.004
25525;Sauce tomate cuisinée pour pizza;aides culinaires et ingrédients divers;41.5;2.04;4.71;0.75;;0.96
25970;Bouillon de viande et légumes type pot-au-feu, non dégraissé, déshydraté;aides culinaires et ingrédients divers;212.0;11.6;28.9;5.4;;48.4
25971;Bouillon de viande et légumes type pot-au-feu, dégraissé, déshydraté;aides culinaires et ingrédients divers;197.0;10.8;30.9;3.1;;48.2
31047;Gélifiant pour confitures;aides culinaires et ingrédients divers;278.0;0.0;62.0;0.0;;
31109;Pollen, partiellement séché;aides culinaires et ingrédients divers;358.0;21.9;52.5;4.2;;0.22
31111;Pollen, frais;aides culinaires et ingrédients divers;304.0;17.5;42.3;5.17;;0.019
37000;Base de pizza (pâte et sauce à la crème), crue;aides culinaires et ingrédients divers;261.0;7.7;51.1;2.6;;1.75
37002;Base de pizza (pâte et sauce à la tomate), crue;aides culinaires et ingrédients divers;232.0;6.9;44.6;2.7;;1.75
42200;Lécithine de soja;aides culinaires et ingrédients divers;779.0;0.0;8.0;83.0;;0.038
11017;Sel blanc alimentaire, non iodé, non fluoré (marin, ignigène ou gemme);aides culinaires et ingrédients divers;0.0;0.0;0.0;0.0;0.0;97.8
11044;Sel au céleri;aides culinaires et ingrédients divers;49.0;1.81;4.14;2.53;;87.5
11058;Sel blanc alimentaire, iodé, non fluoré (marin, ignigène ou gemme);aides culinaires et ingrédients divers;0.0;0.0;0.0;0.0;0.0;97.8
11082;Fleur de sel, non iodée, non fluorée;aides culinaires et ingrédients divers;0.0;0.0;0.0;0.0;0.0;94.3
11083;Sel marin gris, non iodé, non fluoré;aides culinaires et ingrédients divers;0.0;0.0;0.0;0.0;0.0;80.5
11096;Sel blanc alimentaire, iodé, fluoré à 25 mg /100 g (marin, ignigène ou gemme);aides culinaires et ingrédients divers;0.0;0.0;0.0;0.0;0.0;97.8
11005;Curry, poudre;aides culinaires et ingrédients divers;301.0;14.5;2.63;14.0;;0.13
11006;Gingembre, poudre;aides culinaires et ingrédients divers;335.0;8.98;58.3;4.24;;0.068
11015;Poivre noir, poudre;aides culinaires et ingrédients divers;331.0;13.3;39.9;7.5;;0.036
11019;Poivre blanc, poudre;aides culinaires et ingrédients divers;313.0;12.1;48.3;2.12;;0.013
11025;Cannelle, poudre;aides culinaires et ingrédients divers;243.0;3.99;27.5;1.24;;0.025
11026;Coriandre, graine;aides culinaires et ingrédients divers;345.0;12.4;13.0;17.8;;0.088
11039;Safran;aides culinaires et ingrédients divers;352.0;11.4;61.5;5.85;;0.37
11042;Cumin, graine;aides culinaires et ingrédients divers;427.0;17.8;33.7;22.3;;0.42
11048;Noix de muscade;aides culinaires et ingrédients divers;506.0;6.89;27.4;36.3;;0.04
11049;Paprika, poudre;aides culinaires et ingrédients divers;318.0;14.1;18.8;12.9;;0.17
11052;Clou de girofle;aides culinaires et ingrédients divers;335.0;5.97;31.6;13.0;;0.69
11053;Laurier, feuille;aides culinaires et ingrédients divers;353.0;7.61;48.6;8.36;;0.058
11056;Quatre épices, poudre;aides culinaires et ingrédients divers;348.0;6.09;50.5;8.69;;0.19
11061;Pavot, graine;aides culinaires et ingrédients divers;534.0;21.2;13.7;41.6;;0.065
11064;Carvi, graine;aides culinaires et ingrédients divers;334.0;19.8;11.9;14.6;;0.043
11066;Fenouil, graine;aides culinaires et ingrédients divers;327.0;15.8;12.5;14.9;;0.22
11074;Gingembre, racine fraîche;aides culinaires et ingrédients divers;33.3;1.1;3.4;1.1;;0.016
11075;Cardamome, poudre;aides culinaires et ingrédients divers;321.0;10.8;40.5;6.7;;0.045
11077;Fenugrec, graine;aides culinaires et ingrédients divers;350.0;27.1;33.8;6.41;;0.17
11081;Epice (aliment moyen);aides culinaires et ingrédients divers;327.0;12.6;37.8;7.85;;0.059
11088;Poivre de Cayenne ou piment de Cayenne, poudre;aides culinaires et ingrédients divers;376.0;12.0;29.4;17.3;;0.075
11089;Curcuma, poudre;aides culinaires et ingrédients divers;291.0;9.68;44.4;3.25;;0.068
11000;Ail, cru;aides culinaires et ingrédients divers;109.0;5.31;18.6;0.5;;0.023
11002;Cerfeuil, frais;aides culinaires et ingrédients divers;48.3;3.31;6.25;0.55;;0.025
11003;Ciboule ou ciboulette, fraîche;aides culinaires et ingrédients divers;30.8;2.55;2.85;0.46;;0.024
11014;Persil, frais;aides culinaires et ingrédients divers;42.5;2.97;4.1;0.63;;0.59
11016;Raifort, frais;aides culinaires et ingrédients divers;73.2;5.25;7.79;0.45;;0.033
11027;Menthe, fraîche;aides culinaires et ingrédients divers;57.6;3.52;5.3;0.84;;0.076
11033;Basilic, frais;aides culinaires et ingrédients divers;35.2;3.15;3.4;0.64;;0.01
11068;Romarin, frais;aides culinaires et ingrédients divers;121.0;3.31;6.6;5.86;;0.065
11069;Sauge, fraîche;aides culinaires et ingrédients divers;34.9;4.0;0.97;0.5;;0.028
11070;Thym, frais;aides culinaires et ingrédients divers;107.0;5.56;10.5;1.68;;0.023
11080;Herbes aromatiques fraîches (aliment moyen);aides culinaires et ingrédients divers;51.2;3.26;4.69;0.93;;0.28
11093;Aneth, frais;aides culinaires et ingrédients divers;48.2;3.93;3.9;1.1;;0.15
11094;Coriandre, fraiche;aides culinaires et ingrédients divers;22.3;2.13;0.87;0.52;;0.12
11306;Ail, rôti/cuit au four;aides culinaires et ingrédients divers;125.0;5.56;23.8;0.5;;0.013
11307;Ail, grillé/poêlé, sans matière grasse;aides culinaires et ingrédients divers;130.0;6.0;22.0;0.4;;0.013
10999;Cerfeuil, séché;aides culinaires et ingrédients divers;302.0;23.2;37.8;3.9;;0.21
11023;Ail séché, poudre;aides culinaires et ingrédients divers;346.0;16.6;63.7;0.73;;0.15
11024;Persil, séché;aides culinaires et ingrédients divers;291.0;29.0;16.8;5.34;;1.05
11029;Menthe, séchée;aides culinaires et ingrédients divers;283.0;19.9;22.2;6.03;;0.86
11032;Basilic, séché;aides culinaires et ingrédients divers;244.0;23.0;10.1;4.07;;0.19
11034;Marjolaine, séchée;aides culinaires et ingrédients divers;276.0;12.7;20.3;7.04;;0.19
11035;Origan, séché;aides culinaires et ingrédients divers;265.0;9.0;26.4;4.28;;0.063
11036;Romarin, séché;aides culinaires et ingrédients divers;328.0;4.88;21.5;15.2;;0.13
11037;Sauge, séchée;aides culinaires et ingrédients divers;320.0;10.6;20.4;12.8;;0.028
11038;Thym, séché;aides culinaires et ingrédients divers;285.0;9.11;26.9;7.43;;0.14
11050;Estragon, séché;aides culinaires et ingrédients divers;342.0;22.8;42.8;7.24;;0.16
11060;Herbes de Provence, séchées;aides culinaires et ingrédients divers;283.0;11.5;23.1;7.2;;0.088
11062;Sarriette, séchée;aides culinaires et ingrédients divers;264.0;6.73;23.0;5.91;;0.06
11063;Aneth, séché;aides culinaires et ingrédients divers;315.0;20.0;42.2;4.36;;0.52
51500;Meloukhia, feuilles de corète séchées, en poudre;aides culinaires et ingrédients divers;239.0;23.0;12.7;1.8;;0.17
11084;Agar (algue), frais, cru;aides culinaires et ingrédients divers;28.4;0.54;6.25;0.03;;0.023
11086;Spiruline (Spirulina sp.), séchée ou déshydratée;aides culinaires et ingrédients divers;374.0;60.4;17.7;6.27;;1.89
20982;Spiruline (algue), fraîche, crue;aides culinaires et ingrédients divers;36.1;5.92;2.02;0.39;;0.25
20983;Criste marine, fraîche, crue;aides culinaires et ingrédients divers;39.4;2.57;3.43;0.66;;0.62
20985;Laitue de mer (Ulva sp.), séchée ou déshydratée;aides culinaires et ingrédients divers;203.0;15.7;13.8;1.95;;5.63
20986;Kombu royal (Saccharina latissima), séché ou déshydraté;aides culinaires et ingrédients divers;205.0;9.94;23.1;1.39;;8.25
20987;Nori (Porphyra sp., Pyropia), séchée ou déshydratée;aides culinaires et ingrédients divers;257.0;30.2;11.7;1.77;;4.75
20988;Dulse (Palmaria palmata), séchée ou déshydratée;aides culinaires et ingrédients divers;221.0;16.9;20.8;1.35;;4.68
20990;Kombu ou kombu japonais (Saccharina japonica), séché ou déshydraté;aides culinaires et ingrédients divers;222.0;7.89;24.9;2.56;;6.12
20991;Kombu breton (Laminaria digitata), séché ou déshydraté;aides culinaires et ingrédients divers;211.0;8.89;22.9;1.01;;8.03
20992;Haricot de mer (Himanthalia elongata), séchée ou déshydratée;aides culinaires et ingrédients divers;227.0;9.9;26.4;2.28;;8.93
20993;Gracilaire ou ogonori (Gracilaria verrucosa), séchée ou déshydratée;aides culinaires et ingrédients divers;232.0;17.8;23.4;1.75;;7.14
20994;Fucus vésiculeux (Fucus serratus ou Fucus vesiculosus), séché ou déshydraté;aides culinaires et ingrédients divers;194.0;9.11;12.4;1.71;;8.51
20995;Ao-nori (Ulva sp., ex Enteromorpha sp.), séchée ou déshydratée;aides culinaires et ingrédients divers;225.0;13.6;19.5;2.5;;10.2
20996;Lichen de mer ou pioca ou goémon rouge (Chondrus crispus), séché ou déshydraté;aides culinaires et ingrédients divers;215.0;16.7;15.0;1.95;;8.22
20998;Ascophylle noueux ou goémon noir (Ascophyllum nodosum), séché ou déshydraté;aides culinaires et ingrédients divers;206.0;7.4;16.3;2.7;;7.18
20999;Wakamé atlantique (Alaria esculenta), séché ou déshydraté;aides culinaires et ingrédients divers;201.0;12.2;13.3;1.5;;9.13
42000;Substitut de repas hypocalorique, crème dessert;aides culinaires et ingrédients divers;89.4;6.3;9.29;2.75;;0.21
42003;Substitut de repas hypocalorique, prêt à boire;aides culinaires et ingrédients divers;87.9;6.65;9.8;2.45;;0.19
42004;Substitut de repas hypocalorique, poudre reconstituée avec lait écrémé;aides culinaires et ingrédients divers;79.1;5.97;9.34;1.73;;0.43
42005;Substitut de repas hypocalorique, poudre reconstituée avec lait écrémé, type milkshake;aides culinaires et ingrédients divers;86.6;6.07;10.1;2.28;;0.19
11214;"Préparation culinaire à base de soja, type ""crème de soja""";aides culinaires et ingrédients divers;152.0;3.25;2.03;14.7;;0.063
20591;Protéine de soja texturée, réhydratée;aides culinaires et ingrédients divers;150.0;20.4;7.03;2.9;;0.013
20903;Isolat de soja;aides culinaires et ingrédients divers;402.0;88.3;1.76;3.39;;2.51
20904;Tofu nature, préemballé;aides culinaires et ingrédients divers;147.0;14.7;2.87;8.5;;0.025
20906;Tofu soyeux, préemballé;aides culinaires et ingrédients divers;54.3;5.0;1.53;2.9;;0.013
20912;Tofu fumé, préemballé;aides culinaires et ingrédients divers;164.0;16.4;2.91;9.5;;0.74
20917;Tempeh;aides culinaires et ingrédients divers;157.0;17.6;7.89;4.7;;0.098
25598;Seitan, préemballé;aides culinaires et ingrédients divers;134.0;20.6;6.74;2.5;;1.13
11215;Caviar de tomates;aides culinaires et ingrédients divers;218.0;2.19;6.8;19.2;;2.09
11222;Ktipiti, tartinade de fromage frais aux poivrons rouges, préemballé;aides culinaires et ingrédients divers;154.0;7.24;3.9;11.9;;0.89
19863;Tzatziki à base de yaourt, préemballé;aides culinaires et ingrédients divers;138.0;6.06;3.8;10.9;;0.88
19864;Tzatziki à base de fromage frais, préemballé;aides culinaires et ingrédients divers;132.0;6.33;2.98;10.2;;0.96
25620;Guacamole, préemballé;aides culinaires et ingrédients divers;191.0;1.82;4.64;17.2;;1.08
25621;Houmous, préemballé;aides culinaires et ingrédients divers;258.0;8.06;9.0;19.9;;1.08
25624;Caviar d'aubergine, préemballé;aides culinaires et ingrédients divers;154.0;1.28;4.4;13.8;;1.17
3000;Lait 1er âge, poudre soluble (préparation pour nourrissons);aliments infantiles;496.0;10.7;55.0;25.3;;0.55
3002;Lait 2e âge, poudre soluble (préparation de suite);aliments infantiles;484.0;11.4;56.3;23.2;;0.46
13159;Boisson aux fruits pour bébé dès 4/6mois;aliments infantiles;35.1;0.25;8.57;0.5;;0.002
13160;Boisson à base de plantes pour bébé;aliments infantiles;23.2;0.25;5.8;0.5;;0.002
13161;Boisson infantile céréales lactées aux légumes pour dîner dès 4/6 mois;aliments infantiles;82.1;2.1;11.6;2.83;;0.09
13162;Boisson infantile céréales lactées aux fruits pour le goûter dès 4/6 mois;aliments infantiles;67.6;1.71;7.7;3.0;;0.096
13163;Boisson infantile céréales lactées pour le petit déjeuner dès 4/6 mois;aliments infantiles;80.7;1.94;12.1;2.7;;0.08
13169;Boisson infantile céréales lactées pour le petit déjeuner dès 8/9 mois;aliments infantiles;81.2;2.31;11.6;2.8;;0.083
13170;Boisson infantile céréales lactées pour le petit déjeuner dès 12 mois;aliments infantiles;86.3;2.18;12.6;2.78;;0.066
13171;Boisson infantile lactées aux fruits pour le goûter dès 4/6 mois (sans céréales);aliments infantiles;72.5;1.81;10.4;2.6;;0.048
13173;Boisson infantile céréales lactées pour le petit déjeuner;aliments infantiles;85.5;1.86;12.7;2.89;;0.083
13182;Boisson infantile céréales lactées (aliment moyen);aliments infantiles;86.0;2.17;12.6;2.78;;0.066
19012;Lait de croissance infantile, liquide (aliment lacté destiné aux enfants en bas âge);aliments infantiles;60.9;1.25;7.77;2.71;;0.06
19013;Lait 1er âge, prêt à consommer (préparation pour nourrissons);aliments infantiles;71.3;1.19;8.04;3.79;;0.06
19014;Lait 2e âge, prêt à consommer (préparation de suite);aliments infantiles;65.1;1.19;8.23;2.9;;0.055
20246;Petit pot légumes, dès 4-6 mois;aliments infantiles;24.0;0.9;3.8;0.5;;0.042
20247;Petit pot légumes, avec féculent, dès 4/6 mois;aliments infantiles;41.7;1.3;6.45;0.8;;0.022
20248;Plat légumes, avec féculent, dès 6-8 mois;aliments infantiles;42.9;1.2;6.9;0.7;;0.24
20249;Plat légumes, avec féculent et lait/crème, dès 6/8 mois;aliments infantiles;70.2;2.38;9.12;2.3;;0.075
20250;Plat légumes, avec féculent et lait/crème, dès 8/12 mois;aliments infantiles;77.5;2.1;8.1;3.5;;0.27
20251;Plat légumes, avec féculent et lait/crème, dès 12 mois;aliments infantiles;71.6;2.88;8.53;2.3;;0.2
20252;Soupe pour bébé légumes et pomme de terre;aliments infantiles;38.1;1.0;5.88;0.91;;0.18
20253;Soupe pour bébé légumes, céréales et lait;aliments infantiles;59.5;1.5;7.19;2.5;;0.21
20254;Plat légumes, avec féculent et lait/crème, dès 18 mois;aliments infantiles;70.3;2.56;8.59;2.4;;0.2
42603;Plat légumes, avec féculent et viande/poisson, dès 6/8 mois;aliments infantiles;59.0;3.6;5.9;1.6;;0.2
42604;Plat légumes, avec féculent et viande/poisson, dès 8/12 mois;aliments infantiles;54.6;2.8;6.77;1.31;;0.24
42605;Plat légumes, avec féculent et viande/poisson, dès 12 mois;aliments infantiles;75.7;2.5;8.95;2.9;;0.24
42606;Plat légumes, avec féculent et viande/poisson, dès 18 mois;aliments infantiles;66.7;2.76;9.02;1.82;;0.32
13157;Petit pot fruit avec banane pour bébé;aliments infantiles;56.6;0.6;12.1;0.5;;0.004
13158;Petit pot fruit sans banane pour bébé;aliments infantiles;49.2;0.29;10.9;0.5;;0.001
13164;Dessert infantile lacté type crème dessert;aliments infantiles;87.0;3.25;11.3;3.1;;0.088
13165;Dessert infantile lacté au riz ou à la semoule;aliments infantiles;90.8;3.38;11.7;3.3;;0.075
13166;Dessert infantile lacté, sucré, nature ou aux fruits;aliments infantiles;97.0;3.13;12.5;3.5;;0.075
13167;Céréales instantanées, poudre à reconstituer, dès 4/6 mois;aliments infantiles;393.0;5.1;88.3;1.7;;0.041
13168;Céréales instantanées, poudre à reconstituer, dès 6 mois;aliments infantiles;391.0;10.0;81.1;2.0;;0.037
24689;Biscuit pour bébé;aliments infantiles;439.0;7.5;73.3;12.3;;0.36
42501;Poudre cacaotée pour bébé;aliments infantiles;396.0;8.5;85.0;1.9;;0.044
